"Scenario_ID","Method","n_fits","n_ok","n_error","n_timeout","n_task_failed","hit_maxit","median_fit_sec","max_fit_sec","getresponse_agree","n_planned","Fail_rate","Res_prop","P","Effect","Cell_range","Distribution","Phi"
"BL001","MIMOSA2",100,99,1,0,0,NA,13.5569945573807,23.5858614444733,1,100,0.01,"Prop_0.10",10,0.001,"High","Beta",2000
"BL002","MIMOSA2",100,100,0,0,0,NA,13.7398577928543,19.8018116950989,1,100,0,"Prop_0.25",10,0.001,"High","Beta",2000
"BL003","MIMOSA2",100,100,0,0,0,NA,13.0597565174103,22.3447058200836,1,100,0,"Prop_0.50",10,0.001,"High","Beta",2000
"BL004","MIMOSA2",100,100,0,0,0,NA,14.0954864025116,19.2314627170563,1,100,0,"Prop_0.75",10,0.001,"High","Beta",2000
"BL005","MIMOSA2",100,100,0,0,0,NA,13.9963854551315,19.7126417160034,1,100,0,"Prop_0.90",10,0.001,"High","Beta",2000
"BL006","MIMOSA2",100,100,0,0,0,NA,14.9247164726257,20.2972702980042,1,100,0,"Prop_0.10",20,0.001,"High","Beta",2000
"BL007","MIMOSA2",100,100,0,0,0,NA,14.3502935171127,19.6985819339752,1,100,0,"Prop_0.25",20,0.001,"High","Beta",2000
"BL008","MIMOSA2",100,100,0,0,0,NA,11.2102146148682,19.4035563468933,1,100,0,"Prop_0.50",20,0.001,"High","Beta",2000
"BL009","MIMOSA2",100,100,0,0,0,NA,9.64193737506866,20.1391777992249,1,100,0,"Prop_0.75",20,0.001,"High","Beta",2000
"BL010","MIMOSA2",100,100,0,0,0,NA,11.0418437719345,19.4371099472046,1,100,0,"Prop_0.90",20,0.001,"High","Beta",2000
"BL011","MIMOSA2",100,100,0,0,0,NA,15.859256029129,19.2212533950806,1,100,0,"Prop_0.10",30,0.001,"High","Beta",2000
"BL012","MIMOSA2",100,100,0,0,0,NA,14.2258696556091,19.4831206798553,1,100,0,"Prop_0.25",30,0.001,"High","Beta",2000
"BL013","MIMOSA2",100,100,0,0,0,NA,9.33297514915466,19.9678008556366,1,100,0,"Prop_0.50",30,0.001,"High","Beta",2000
"BL014","MIMOSA2",100,100,0,0,0,NA,7.89051496982574,20.0755066871643,1,100,0,"Prop_0.75",30,0.001,"High","Beta",2000
"BL015","MIMOSA2",100,100,0,0,0,NA,9.50645542144775,19.4545109272003,1,100,0,"Prop_0.90",30,0.001,"High","Beta",2000
"BL016","MIMOSA2",100,100,0,0,0,NA,16.3133239746094,20.4601943492889,1,100,0,"Prop_0.10",50,0.001,"High","Beta",2000
"BL017","MIMOSA2",100,100,0,0,0,NA,14.9644745588303,20.4079539775848,1,100,0,"Prop_0.25",50,0.001,"High","Beta",2000
"BL018","MIMOSA2",100,100,0,0,0,NA,9.65492498874664,21.802880525589,1,100,0,"Prop_0.50",50,0.001,"High","Beta",2000
"BL019","MIMOSA2",100,100,0,0,0,NA,8.19287693500519,20.6950752735138,1,100,0,"Prop_0.75",50,0.001,"High","Beta",2000
"BL020","MIMOSA2",100,100,0,0,0,NA,8.45193243026733,19.9477462768555,1,100,0,"Prop_0.90",50,0.001,"High","Beta",2000
"BL021","MIMOSA2",100,100,0,0,0,NA,17.7905426025391,23.3790965080261,1,100,0,"Prop_0.10",75,0.001,"High","Beta",2000
"BL022","MIMOSA2",100,100,0,0,0,NA,16.1340953111649,23.0124299526215,1,100,0,"Prop_0.25",75,0.001,"High","Beta",2000
"BL023","MIMOSA2",100,100,0,0,0,NA,9.57397532463074,22.0636169910431,1,100,0,"Prop_0.50",75,0.001,"High","Beta",2000
"BL024","MIMOSA2",100,100,0,0,0,NA,8.44784450531006,20.3795251846313,1,100,0,"Prop_0.75",75,0.001,"High","Beta",2000
"BL025","MIMOSA2",100,100,0,0,0,NA,8.67541861534119,22.0943434238434,1,100,0,"Prop_0.90",75,0.001,"High","Beta",2000
"BL026","MIMOSA2",100,100,0,0,0,NA,20.2126327753067,26.0434131622314,1,100,0,"Prop_0.10",100,0.001,"High","Beta",2000
"BL027","MIMOSA2",100,100,0,0,0,NA,17.820538520813,24.4651393890381,1,100,0,"Prop_0.25",100,0.001,"High","Beta",2000
"BL028","MIMOSA2",100,100,0,0,0,NA,10.0631028413773,24.5669121742249,1,100,0,"Prop_0.50",100,0.001,"High","Beta",2000
"BL029","MIMOSA2",100,100,0,0,0,NA,8.64644491672516,20.7986769676208,1,100,0,"Prop_0.75",100,0.001,"High","Beta",2000
"BL030","MIMOSA2",100,100,0,0,0,NA,9.10362768173218,21.6929185390472,1,100,0,"Prop_0.90",100,0.001,"High","Beta",2000
"BL031","MIMOSA2",100,100,0,0,0,NA,14.2568559646606,20.3683707714081,1,100,0,"Prop_0.10",10,5e-04,"High","Beta",2000
"BL032","MIMOSA2",100,100,0,0,0,NA,13.8256039619446,19.9847671985626,1,100,0,"Prop_0.25",10,5e-04,"High","Beta",2000
"BL033","MIMOSA2",100,100,0,0,0,NA,13.0001661777496,19.6003346443176,1,100,0,"Prop_0.50",10,5e-04,"High","Beta",2000
"BL034","MIMOSA2",100,100,0,0,0,NA,13.6638647317886,19.0198559761047,1,100,0,"Prop_0.75",10,5e-04,"High","Beta",2000
"BL035","MIMOSA2",100,100,0,0,0,NA,13.4705482721329,20.3320109844208,1,100,0,"Prop_0.90",10,5e-04,"High","Beta",2000
"BL036","MIMOSA2",100,100,0,0,0,NA,15.0108511447906,18.5125572681427,1,100,0,"Prop_0.10",20,5e-04,"High","Beta",2000
"BL037","MIMOSA2",100,100,0,0,0,NA,14.59612429142,20.0757410526276,1,100,0,"Prop_0.25",20,5e-04,"High","Beta",2000
"BL038","MIMOSA2",100,100,0,0,0,NA,12.6935591697693,19.1920428276062,1,100,0,"Prop_0.50",20,5e-04,"High","Beta",2000
"BL039","MIMOSA2",100,100,0,0,0,NA,12.0588963031769,18.1990842819214,1,100,0,"Prop_0.75",20,5e-04,"High","Beta",2000
"BL040","MIMOSA2",100,100,0,0,0,NA,12.9860277175903,19.5701415538788,1,100,0,"Prop_0.90",20,5e-04,"High","Beta",2000
"BL041","MIMOSA2",100,100,0,0,0,NA,16.363499045372,20.2968645095825,1,100,0,"Prop_0.10",30,5e-04,"High","Beta",2000
"BL042","MIMOSA2",100,100,0,0,0,NA,13.9144556522369,20.8964896202087,1,100,0,"Prop_0.25",30,5e-04,"High","Beta",2000
"BL043","MIMOSA2",100,100,0,0,0,NA,10.280833363533,20.9140837192535,1,100,0,"Prop_0.50",30,5e-04,"High","Beta",2000
"BL044","MIMOSA2",100,100,0,0,0,NA,9.84697246551514,18.9518597126007,1,100,0,"Prop_0.75",30,5e-04,"High","Beta",2000
"BL045","MIMOSA2",100,100,0,0,0,NA,9.43417382240295,20.3559582233429,1,100,0,"Prop_0.90",30,5e-04,"High","Beta",2000
"BL046","MIMOSA2",100,100,0,0,0,NA,17.6632316112518,21.8727872371674,1,100,0,"Prop_0.10",50,5e-04,"High","Beta",2000
"BL047","MIMOSA2",100,100,0,0,0,NA,15.8006649017334,20.2430260181427,1,100,0,"Prop_0.25",50,5e-04,"High","Beta",2000
"BL048","MIMOSA2",100,100,0,0,0,NA,9.84244740009308,20.8950371742249,1,100,0,"Prop_0.50",50,5e-04,"High","Beta",2000
"BL049","MIMOSA2",100,100,0,0,0,NA,8.96226251125336,21.3045446872711,1,100,0,"Prop_0.75",50,5e-04,"High","Beta",2000
"BL050","MIMOSA2",100,100,0,0,0,NA,9.76500654220581,19.9469783306122,1,100,0,"Prop_0.90",50,5e-04,"High","Beta",2000
"BL051","MIMOSA2",100,100,0,0,0,NA,19.086901307106,25.322793006897,1,100,0,"Prop_0.10",75,5e-04,"High","Beta",2000
"BL052","MIMOSA2",100,100,0,0,0,NA,16.8005915880203,22.7830555438995,1,100,0,"Prop_0.25",75,5e-04,"High","Beta",2000
"BL053","MIMOSA2",100,100,0,0,0,NA,10.4006732702255,21.4371917247772,1,100,0,"Prop_0.50",75,5e-04,"High","Beta",2000
"BL054","MIMOSA2",100,100,0,0,0,NA,9.11789286136627,22.1932139396667,1,100,0,"Prop_0.75",75,5e-04,"High","Beta",2000
"BL055","MIMOSA2",100,100,0,0,0,NA,9.48575162887573,21.7985191345215,1,100,0,"Prop_0.90",75,5e-04,"High","Beta",2000
"BL056","MIMOSA2",100,100,0,0,0,NA,20.600306391716,26.4596078395844,1,100,0,"Prop_0.10",100,5e-04,"High","Beta",2000
"BL057","MIMOSA2",100,100,0,0,0,NA,18.3122462034225,24.794623374939,1,100,0,"Prop_0.25",100,5e-04,"High","Beta",2000
"BL058","MIMOSA2",100,100,0,0,0,NA,11.5097025632858,24.5699181556702,1,100,0,"Prop_0.50",100,5e-04,"High","Beta",2000
"BL059","MIMOSA2",100,100,0,0,0,NA,9.66253101825714,23.7409598827362,1,100,0,"Prop_0.75",100,5e-04,"High","Beta",2000
"BL060","MIMOSA2",100,100,0,0,0,NA,9.74579119682312,22.5100102424622,1,100,0,"Prop_0.90",100,5e-04,"High","Beta",2000
"BL061","MIMOSA2",100,99,1,0,0,NA,14.7830574512482,22.0313482284546,1,100,0.01,"Prop_0.10",10,0.00025,"High","Beta",2000
"BL062","MIMOSA2",100,100,0,0,0,NA,13.986067533493,19.7889323234558,1,100,0,"Prop_0.25",10,0.00025,"High","Beta",2000
"BL063","MIMOSA2",100,100,0,0,0,NA,13.4634467363358,21.4139180183411,1,100,0,"Prop_0.50",10,0.00025,"High","Beta",2000
"BL064","MIMOSA2",100,100,0,0,0,NA,13.7052785158157,19.5987937450409,1,100,0,"Prop_0.75",10,0.00025,"High","Beta",2000
"BL065","MIMOSA2",100,100,0,0,0,NA,13.9512540102005,17.9406824111938,1,100,0,"Prop_0.90",10,0.00025,"High","Beta",2000
"BL066","MIMOSA2",100,100,0,0,0,NA,15.4632813930511,20.8956670761108,1,100,0,"Prop_0.10",20,0.00025,"High","Beta",2000
"BL067","MIMOSA2",100,100,0,0,0,NA,14.3265001773834,18.9387459754944,1,100,0,"Prop_0.25",20,0.00025,"High","Beta",2000
"BL068","MIMOSA2",100,100,0,0,0,NA,14.0755969285965,19.3915848731995,1,100,0,"Prop_0.50",20,0.00025,"High","Beta",2000
"BL069","MIMOSA2",100,100,0,0,0,NA,12.6968145370483,21.4808127880096,1,100,0,"Prop_0.75",20,0.00025,"High","Beta",2000
"BL070","MIMOSA2",100,100,0,0,0,NA,14.0811804533005,19.8333537578583,1,100,0,"Prop_0.90",20,0.00025,"High","Beta",2000
"BL071","MIMOSA2",100,100,0,0,0,NA,15.9262093305588,20.2108261585236,1,100,0,"Prop_0.10",30,0.00025,"High","Beta",2000
"BL072","MIMOSA2",100,100,0,0,0,NA,14.871785402298,19.8719346523285,1,100,0,"Prop_0.25",30,0.00025,"High","Beta",2000
"BL073","MIMOSA2",100,100,0,0,0,NA,12.5591058731079,20.9351513385773,1,100,0,"Prop_0.50",30,0.00025,"High","Beta",2000
"BL074","MIMOSA2",100,100,0,0,0,NA,13.9710410833359,19.6822593212128,1,100,0,"Prop_0.75",30,0.00025,"High","Beta",2000
"BL075","MIMOSA2",100,100,0,0,0,NA,12.1332182884216,18.6932406425476,1,100,0,"Prop_0.90",30,0.00025,"High","Beta",2000
"BL076","MIMOSA2",100,100,0,0,0,NA,17.679042339325,23.7328553199768,1,100,0,"Prop_0.10",50,0.00025,"High","Beta",2000
"BL077","MIMOSA2",100,100,0,0,0,NA,16.3257938623428,20.6512916088104,1,100,0,"Prop_0.25",50,0.00025,"High","Beta",2000
"BL078","MIMOSA2",100,100,0,0,0,NA,12.214447259903,20.3728168010712,1,100,0,"Prop_0.50",50,0.00025,"High","Beta",2000
"BL079","MIMOSA2",100,100,0,0,0,NA,11.2506617307663,19.8535628318787,1,100,0,"Prop_0.75",50,0.00025,"High","Beta",2000
"BL080","MIMOSA2",100,100,0,0,0,NA,11.8728755712509,20.430810213089,1,100,0,"Prop_0.90",50,0.00025,"High","Beta",2000
"BL081","MIMOSA2",100,100,0,0,0,NA,19.598323225975,25.6319062709808,1,100,0,"Prop_0.10",75,0.00025,"High","Beta",2000
"BL082","MIMOSA2",100,100,0,0,0,NA,17.2914743423462,23.6234176158905,1,100,0,"Prop_0.25",75,0.00025,"High","Beta",2000
"BL083","MIMOSA2",100,100,0,0,0,NA,11.7532584667206,23.9567911624908,1,100,0,"Prop_0.50",75,0.00025,"High","Beta",2000
"BL084","MIMOSA2",100,100,0,0,0,NA,9.86942255496979,22.2009625434875,1,100,0,"Prop_0.75",75,0.00025,"High","Beta",2000
"BL085","MIMOSA2",100,100,0,0,0,NA,10.5141599178314,21.9351074695587,1,100,0,"Prop_0.90",75,0.00025,"High","Beta",2000
"BL086","MIMOSA2",100,100,0,0,0,NA,21.1409722566605,26.5741882324219,1,100,0,"Prop_0.10",100,0.00025,"High","Beta",2000
"BL087","MIMOSA2",100,100,0,0,0,NA,18.8418222665787,25.1695687770844,1,100,0,"Prop_0.25",100,0.00025,"High","Beta",2000
"BL088","MIMOSA2",100,100,0,0,0,NA,11.994854092598,24.8020694255829,1,100,0,"Prop_0.50",100,0.00025,"High","Beta",2000
"BL089","MIMOSA2",100,100,0,0,0,NA,10.3560384511948,23.223094701767,1,100,0,"Prop_0.75",100,0.00025,"High","Beta",2000
"BL090","MIMOSA2",100,100,0,0,0,NA,10.6144979000092,24.8600447177887,1,100,0,"Prop_0.90",100,0.00025,"High","Beta",2000
"BL091","MIMOSA2",100,99,1,0,0,NA,14.3103044033051,22.4257423877716,1,100,0.01,"Prop_0.10",10,0.000125,"High","Beta",2000
"BL092","MIMOSA2",100,100,0,0,0,NA,14.0346029996872,25.0693135261536,1,100,0,"Prop_0.25",10,0.000125,"High","Beta",2000
"BL093","MIMOSA2",100,100,0,0,0,NA,14.1923012733459,19.4568741321564,1,100,0,"Prop_0.50",10,0.000125,"High","Beta",2000
"BL094","MIMOSA2",100,100,0,0,0,NA,14.1943037509918,20.3986501693726,1,100,0,"Prop_0.75",10,0.000125,"High","Beta",2000
"BL095","MIMOSA2",100,100,0,0,0,NA,14.3019366264343,19.787782907486,1,100,0,"Prop_0.90",10,0.000125,"High","Beta",2000
"BL096","MIMOSA2",100,100,0,0,0,NA,15.3490688800812,20.4835455417633,1,100,0,"Prop_0.10",20,0.000125,"High","Beta",2000
"BL097","MIMOSA2",100,100,0,0,0,NA,14.8709766864777,19.0965981483459,1,100,0,"Prop_0.25",20,0.000125,"High","Beta",2000
"BL098","MIMOSA2",100,100,0,0,0,NA,14.6288369894028,20.4117383956909,1,100,0,"Prop_0.50",20,0.000125,"High","Beta",2000
"BL099","MIMOSA2",100,100,0,0,0,NA,14.3420370817184,19.2335031032562,1,100,0,"Prop_0.75",20,0.000125,"High","Beta",2000
"BL100","MIMOSA2",100,100,0,0,0,NA,14.3620355129242,19.8832447528839,1,100,0,"Prop_0.90",20,0.000125,"High","Beta",2000
"BL101","MIMOSA2",100,100,0,0,0,NA,16.14537525177,22.5629913806915,1,100,0,"Prop_0.10",30,0.000125,"High","Beta",2000
"BL102","MIMOSA2",100,100,0,0,0,NA,15.5471101999283,20.2454116344452,1,100,0,"Prop_0.25",30,0.000125,"High","Beta",2000
"BL103","MIMOSA2",100,100,0,0,0,NA,15.2193624973297,20.3762702941895,1,100,0,"Prop_0.50",30,0.000125,"High","Beta",2000
"BL104","MIMOSA2",100,100,0,0,0,NA,13.8153870105743,18.1385252475739,1,100,0,"Prop_0.75",30,0.000125,"High","Beta",2000
"BL105","MIMOSA2",100,100,0,0,0,NA,13.8408071994781,20.8333203792572,1,100,0,"Prop_0.90",30,0.000125,"High","Beta",2000
"BL106","MIMOSA2",100,100,0,0,0,NA,17.7560012340546,21.6777651309967,1,100,0,"Prop_0.10",50,0.000125,"High","Beta",2000
"BL107","MIMOSA2",100,100,0,0,0,NA,16.2617257833481,20.9088525772095,1,100,0,"Prop_0.25",50,0.000125,"High","Beta",2000
"BL108","MIMOSA2",100,100,0,0,0,NA,14.0787190198898,21.0743579864502,1,100,0,"Prop_0.50",50,0.000125,"High","Beta",2000
"BL109","MIMOSA2",100,100,0,0,0,NA,10.611070394516,21.2815232276917,1,100,0,"Prop_0.75",50,0.000125,"High","Beta",2000
"BL110","MIMOSA2",100,100,0,0,0,NA,15.1165904998779,22.454687833786,1,100,0,"Prop_0.90",50,0.000125,"High","Beta",2000
"BL111","MIMOSA2",100,100,0,0,0,NA,19.5122460126877,24.4747278690338,1,100,0,"Prop_0.10",75,0.000125,"High","Beta",2000
"BL112","MIMOSA2",100,100,0,0,0,NA,18.4334825277328,24.3327150344849,1,100,0,"Prop_0.25",75,0.000125,"High","Beta",2000
"BL113","MIMOSA2",100,100,0,0,0,NA,12.25286257267,26.3661453723907,1,100,0,"Prop_0.50",75,0.000125,"High","Beta",2000
"BL114","MIMOSA2",100,100,0,0,0,NA,10.6236753463745,23.737669467926,1,100,0,"Prop_0.75",75,0.000125,"High","Beta",2000
"BL115","MIMOSA2",100,100,0,0,0,NA,12.2584960460663,23.3310110569,1,100,0,"Prop_0.90",75,0.000125,"High","Beta",2000
"BL116","MIMOSA2",100,100,0,0,0,NA,21.6653949022293,26.8590772151947,1,100,0,"Prop_0.10",100,0.000125,"High","Beta",2000
"BL117","MIMOSA2",100,100,0,0,0,NA,20.4925196170807,26.479526758194,1,100,0,"Prop_0.25",100,0.000125,"High","Beta",2000
"BL118","MIMOSA2",100,100,0,0,0,NA,13.4924553632736,23.7026314735413,1,100,0,"Prop_0.50",100,0.000125,"High","Beta",2000
"BL119","MIMOSA2",100,100,0,0,0,NA,11.0740376710892,24.9559042453766,1,100,0,"Prop_0.75",100,0.000125,"High","Beta",2000
"BL120","MIMOSA2",100,100,0,0,0,NA,12.2622591257095,25.3296129703522,1,100,0,"Prop_0.90",100,0.000125,"High","Beta",2000
"BL121","MIMOSA2",100,97,3,0,0,NA,14.9710419178009,22.4791758060455,1,100,0.03,"Prop_0.10",10,6.25e-05,"High","Beta",2000
"BL122","MIMOSA2",100,100,0,0,0,NA,14.2410852909088,19.7976875305176,1,100,0,"Prop_0.25",10,6.25e-05,"High","Beta",2000
"BL123","MIMOSA2",100,100,0,0,0,NA,13.8409650325775,25.013233423233,1,100,0,"Prop_0.50",10,6.25e-05,"High","Beta",2000
"BL124","MIMOSA2",100,100,0,0,0,NA,14.4540036916733,18.243195772171,1,100,0,"Prop_0.75",10,6.25e-05,"High","Beta",2000
"BL125","MIMOSA2",100,100,0,0,0,NA,13.9767087697983,19.8684740066528,1,100,0,"Prop_0.90",10,6.25e-05,"High","Beta",2000
"BL126","MIMOSA2",100,100,0,0,0,NA,15.7141402959824,20.9528603553772,1,100,0,"Prop_0.10",20,6.25e-05,"High","Beta",2000
"BL127","MIMOSA2",100,100,0,0,0,NA,15.2132581472397,21.282408952713,1,100,0,"Prop_0.25",20,6.25e-05,"High","Beta",2000
"BL128","MIMOSA2",100,100,0,0,0,NA,14.583268404007,19.762323141098,1,100,0,"Prop_0.50",20,6.25e-05,"High","Beta",2000
"BL129","MIMOSA2",100,100,0,0,0,NA,13.7969079017639,19.4573781490326,1,100,0,"Prop_0.75",20,6.25e-05,"High","Beta",2000
"BL130","MIMOSA2",100,100,0,0,0,NA,14.3465178012848,19.459743976593,1,100,0,"Prop_0.90",20,6.25e-05,"High","Beta",2000
"BL131","MIMOSA2",100,100,0,0,0,NA,15.9539495706558,19.5912981033325,1,100,0,"Prop_0.10",30,6.25e-05,"High","Beta",2000
"BL132","MIMOSA2",100,100,0,0,0,NA,15.625848531723,19.7553582191467,1,100,0,"Prop_0.25",30,6.25e-05,"High","Beta",2000
"BL133","MIMOSA2",100,100,0,0,0,NA,14.729544043541,20.3739788532257,1,100,0,"Prop_0.50",30,6.25e-05,"High","Beta",2000
"BL134","MIMOSA2",100,100,0,0,0,NA,14.8686717748642,22.2226111888885,1,100,0,"Prop_0.75",30,6.25e-05,"High","Beta",2000
"BL135","MIMOSA2",100,100,0,0,0,NA,15.0813962221146,21.2582392692566,1,100,0,"Prop_0.90",30,6.25e-05,"High","Beta",2000
"BL136","MIMOSA2",100,100,0,0,0,NA,17.9952895641327,23.1714949607849,1,100,0,"Prop_0.10",50,6.25e-05,"High","Beta",2000
"BL137","MIMOSA2",100,100,0,0,0,NA,16.7886760234833,21.1188101768494,1,100,0,"Prop_0.25",50,6.25e-05,"High","Beta",2000
"BL138","MIMOSA2",100,100,0,0,0,NA,15.7137175798416,21.000687122345,1,100,0,"Prop_0.50",50,6.25e-05,"High","Beta",2000
"BL139","MIMOSA2",100,100,0,0,0,NA,14.2792036533356,21.6803386211395,1,100,0,"Prop_0.75",50,6.25e-05,"High","Beta",2000
"BL140","MIMOSA2",100,100,0,0,0,NA,14.7982361316681,21.8203256130219,1,100,0,"Prop_0.90",50,6.25e-05,"High","Beta",2000
"BL141","MIMOSA2",100,100,0,0,0,NA,19.7816755771637,24.8392879962921,1,100,0,"Prop_0.10",75,6.25e-05,"High","Beta",2000
"BL142","MIMOSA2",100,100,0,0,0,NA,18.6921087503433,24.3429865837097,1,100,0,"Prop_0.25",75,6.25e-05,"High","Beta",2000
"BL143","MIMOSA2",100,100,0,0,0,NA,15.7461649179459,22.4445662498474,1,100,0,"Prop_0.50",75,6.25e-05,"High","Beta",2000
"BL144","MIMOSA2",100,100,0,0,0,NA,10.3978786468506,23.8027670383453,1,100,0,"Prop_0.75",75,6.25e-05,"High","Beta",2000
"BL145","MIMOSA2",100,100,0,0,0,NA,12.3981750011444,23.6047387123108,1,100,0,"Prop_0.90",75,6.25e-05,"High","Beta",2000
"BL146","MIMOSA2",100,100,0,0,0,NA,21.6916062831879,26.6711695194244,1,100,0,"Prop_0.10",100,6.25e-05,"High","Beta",2000
"BL147","MIMOSA2",100,100,0,0,0,NA,20.3059076070786,25.0669996738434,1,100,0,"Prop_0.25",100,6.25e-05,"High","Beta",2000
"BL148","MIMOSA2",100,100,0,0,0,NA,16.2879604101181,25.7158076763153,1,100,0,"Prop_0.50",100,6.25e-05,"High","Beta",2000
"BL149","MIMOSA2",100,100,0,0,0,NA,12.8713937997818,25.9152894020081,1,100,0,"Prop_0.75",100,6.25e-05,"High","Beta",2000
"BL150","MIMOSA2",100,100,0,0,0,NA,13.8223016262054,24.6533279418945,1,100,0,"Prop_0.90",100,6.25e-05,"High","Beta",2000
"BL151","MIMOSA2",100,99,1,0,0,NA,13.447517991066,21.1073360443115,1,100,0.01,"Prop_0.10",10,0.001,"Medium","Beta",2000
"BL152","MIMOSA2",100,100,0,0,0,NA,13.9446430206299,21.0762975215912,1,100,0,"Prop_0.25",10,0.001,"Medium","Beta",2000
"BL153","MIMOSA2",100,100,0,0,0,NA,13.9382541179657,20.5650997161865,1,100,0,"Prop_0.50",10,0.001,"Medium","Beta",2000
"BL154","MIMOSA2",100,100,0,0,0,NA,13.9049149751663,20.078693151474,1,100,0,"Prop_0.75",10,0.001,"Medium","Beta",2000
"BL155","MIMOSA2",100,100,0,0,0,NA,13.6741142272949,20.0032193660736,1,100,0,"Prop_0.90",10,0.001,"Medium","Beta",2000
"BL156","MIMOSA2",100,100,0,0,0,NA,14.9114977121353,19.3346893787384,1,100,0,"Prop_0.10",20,0.001,"Medium","Beta",2000
"BL157","MIMOSA2",100,100,0,0,0,NA,14.1068488359451,21.3892962932587,1,100,0,"Prop_0.25",20,0.001,"Medium","Beta",2000
"BL158","MIMOSA2",100,100,0,0,0,NA,14.0290209054947,19.4598450660706,1,100,0,"Prop_0.50",20,0.001,"Medium","Beta",2000
"BL159","MIMOSA2",100,100,0,0,0,NA,12.7001651525497,18.0324878692627,1,100,0,"Prop_0.75",20,0.001,"Medium","Beta",2000
"BL160","MIMOSA2",100,100,0,0,0,NA,13.2135361433029,19.4582386016846,1,100,0,"Prop_0.90",20,0.001,"Medium","Beta",2000
"BL161","MIMOSA2",100,100,0,0,0,NA,15.6428954601288,19.7281358242035,1,100,0,"Prop_0.10",30,0.001,"Medium","Beta",2000
"BL162","MIMOSA2",100,100,0,0,0,NA,14.5262384414673,19.0664911270142,1,100,0,"Prop_0.25",30,0.001,"Medium","Beta",2000
"BL163","MIMOSA2",100,100,0,0,0,NA,12.9432753324509,19.8604264259338,1,100,0,"Prop_0.50",30,0.001,"Medium","Beta",2000
"BL164","MIMOSA2",100,100,0,0,0,NA,10.3021034002304,19.8866066932678,1,100,0,"Prop_0.75",30,0.001,"Medium","Beta",2000
"BL165","MIMOSA2",100,100,0,0,0,NA,10.8396989107132,19.4794070720673,1,100,0,"Prop_0.90",30,0.001,"Medium","Beta",2000
"BL166","MIMOSA2",100,100,0,0,0,NA,17.197312951088,21.8308029174805,1,100,0,"Prop_0.10",50,0.001,"Medium","Beta",2000
"BL167","MIMOSA2",100,100,0,0,0,NA,15.5366837978363,22.4794325828552,1,100,0,"Prop_0.25",50,0.001,"Medium","Beta",2000
"BL168","MIMOSA2",100,100,0,0,0,NA,11.956368803978,21.8314368724823,1,100,0,"Prop_0.50",50,0.001,"Medium","Beta",2000
"BL169","MIMOSA2",100,100,0,0,0,NA,9.31657552719116,19.9412050247192,1,100,0,"Prop_0.75",50,0.001,"Medium","Beta",2000
"BL170","MIMOSA2",100,100,0,0,0,NA,9.52837467193604,19.5981714725494,1,100,0,"Prop_0.90",50,0.001,"Medium","Beta",2000
"BL171","MIMOSA2",100,100,0,0,0,NA,18.5694780349731,26.7827150821686,1,100,0,"Prop_0.10",75,0.001,"Medium","Beta",2000
"BL172","MIMOSA2",100,100,0,0,0,NA,16.9440160989761,21.893079996109,1,100,0,"Prop_0.25",75,0.001,"Medium","Beta",2000
"BL173","MIMOSA2",100,100,0,0,0,NA,11.6454421281815,24.0982675552368,1,100,0,"Prop_0.50",75,0.001,"Medium","Beta",2000
"BL174","MIMOSA2",100,100,0,0,0,NA,9.49032425880432,21.553882598877,1,100,0,"Prop_0.75",75,0.001,"Medium","Beta",2000
"BL175","MIMOSA2",100,100,0,0,0,NA,9.96439862251282,21.2830519676208,1,100,0,"Prop_0.90",75,0.001,"Medium","Beta",2000
"BL176","MIMOSA2",100,100,0,0,0,NA,20.5772789716721,27.3967156410217,1,100,0,"Prop_0.10",100,0.001,"Medium","Beta",2000
"BL177","MIMOSA2",100,100,0,0,0,NA,18.3775812387466,25.5065026283264,1,100,0,"Prop_0.25",100,0.001,"Medium","Beta",2000
"BL178","MIMOSA2",100,100,0,0,0,NA,12.0118056535721,25.9129092693329,1,100,0,"Prop_0.50",100,0.001,"Medium","Beta",2000
"BL179","MIMOSA2",100,100,0,0,0,NA,9.56687188148499,24.981810092926,1,100,0,"Prop_0.75",100,0.001,"Medium","Beta",2000
"BL180","MIMOSA2",100,100,0,0,0,NA,9.75139689445496,20.4215698242188,1,100,0,"Prop_0.90",100,0.001,"Medium","Beta",2000
"BL181","MIMOSA2",100,100,0,0,0,NA,14.9509189128876,27.3932056427002,1,100,0,"Prop_0.10",10,5e-04,"Medium","Beta",2000
"BL182","MIMOSA2",100,100,0,0,0,NA,13.8998469114304,19.6756653785706,1,100,0,"Prop_0.25",10,5e-04,"Medium","Beta",2000
"BL183","MIMOSA2",100,100,0,0,0,NA,13.9725110530853,19.5601994991302,1,100,0,"Prop_0.50",10,5e-04,"Medium","Beta",2000
"BL184","MIMOSA2",100,100,0,0,0,NA,13.2076679468155,21.8609204292297,1,100,0,"Prop_0.75",10,5e-04,"Medium","Beta",2000
"BL185","MIMOSA2",100,100,0,0,0,NA,13.6454317569733,19.3576200008392,1,100,0,"Prop_0.90",10,5e-04,"Medium","Beta",2000
"BL186","MIMOSA2",100,100,0,0,0,NA,15.482372879982,19.332150220871,1,100,0,"Prop_0.10",20,5e-04,"Medium","Beta",2000
"BL187","MIMOSA2",100,100,0,0,0,NA,14.4645849466324,18.1756889820099,1,100,0,"Prop_0.25",20,5e-04,"Medium","Beta",2000
"BL188","MIMOSA2",100,100,0,0,0,NA,13.303817152977,21.5659284591675,1,100,0,"Prop_0.50",20,5e-04,"Medium","Beta",2000
"BL189","MIMOSA2",100,100,0,0,0,NA,13.6751669645309,19.8390467166901,1,100,0,"Prop_0.75",20,5e-04,"Medium","Beta",2000
"BL190","MIMOSA2",100,100,0,0,0,NA,13.3485032320023,18.3961510658264,1,100,0,"Prop_0.90",20,5e-04,"Medium","Beta",2000
"BL191","MIMOSA2",100,100,0,0,0,NA,16.2386975288391,21.5532329082489,1,100,0,"Prop_0.10",30,5e-04,"Medium","Beta",2000
"BL192","MIMOSA2",100,100,0,0,0,NA,14.9666393995285,20.3356096744537,1,100,0,"Prop_0.25",30,5e-04,"Medium","Beta",2000
"BL193","MIMOSA2",100,100,0,0,0,NA,12.8198491334915,19.7659962177277,1,100,0,"Prop_0.50",30,5e-04,"Medium","Beta",2000
"BL194","MIMOSA2",100,100,0,0,0,NA,11.9127568006516,19.6201574802399,1,100,0,"Prop_0.75",30,5e-04,"Medium","Beta",2000
"BL195","MIMOSA2",100,100,0,0,0,NA,10.7372040748596,19.6808221340179,1,100,0,"Prop_0.90",30,5e-04,"Medium","Beta",2000
"BL196","MIMOSA2",100,100,0,0,0,NA,18.099276304245,22.0427331924438,1,100,0,"Prop_0.10",50,5e-04,"Medium","Beta",2000
"BL197","MIMOSA2",100,100,0,0,0,NA,16.0025840997696,20.447333574295,1,100,0,"Prop_0.25",50,5e-04,"Medium","Beta",2000
"BL198","MIMOSA2",100,100,0,0,0,NA,13.6018084287643,19.7503786087036,1,100,0,"Prop_0.50",50,5e-04,"Medium","Beta",2000
"BL199","MIMOSA2",100,100,0,0,0,NA,10.7129691839218,20.2912240028381,1,100,0,"Prop_0.75",50,5e-04,"Medium","Beta",2000
"BL200","MIMOSA2",100,100,0,0,0,NA,10.8487371206284,20.7933542728424,1,100,0,"Prop_0.90",50,5e-04,"Medium","Beta",2000
"BL201","MIMOSA2",100,100,0,0,0,NA,19.1120129823685,23.620762348175,1,100,0,"Prop_0.10",75,5e-04,"Medium","Beta",2000
"BL202","MIMOSA2",100,100,0,0,0,NA,17.116278886795,24.8962399959564,1,100,0,"Prop_0.25",75,5e-04,"Medium","Beta",2000
"BL203","MIMOSA2",100,100,0,0,0,NA,12.5764952898026,24.4848923683167,1,100,0,"Prop_0.50",75,5e-04,"Medium","Beta",2000
"BL204","MIMOSA2",100,100,0,0,0,NA,10.5558443069458,21.3955960273743,1,100,0,"Prop_0.75",75,5e-04,"Medium","Beta",2000
"BL205","MIMOSA2",100,100,0,0,0,NA,10.4569011926651,21.9232923984528,1,100,0,"Prop_0.90",75,5e-04,"Medium","Beta",2000
"BL206","MIMOSA2",100,100,0,0,0,NA,21.1550977230072,27.9047293663025,1,100,0,"Prop_0.10",100,5e-04,"Medium","Beta",2000
"BL207","MIMOSA2",100,100,0,0,0,NA,19.0301803350449,24.834593296051,1,100,0,"Prop_0.25",100,5e-04,"Medium","Beta",2000
"BL208","MIMOSA2",100,100,0,0,0,NA,13.6185283660889,25.5786421298981,1,100,0,"Prop_0.50",100,5e-04,"Medium","Beta",2000
"BL209","MIMOSA2",100,100,0,0,0,NA,10.8637665510178,25.8981893062592,1,100,0,"Prop_0.75",100,5e-04,"Medium","Beta",2000
"BL210","MIMOSA2",100,100,0,0,0,NA,10.6857064962387,23.3296122550964,1,100,0,"Prop_0.90",100,5e-04,"Medium","Beta",2000
"BL211","MIMOSA2",100,98,2,0,0,NA,15.1079320907593,21.9402537345886,1,100,0.02,"Prop_0.10",10,0.00025,"Medium","Beta",2000
"BL212","MIMOSA2",100,100,0,0,0,NA,14.1645375490189,19.6540732383728,1,100,0,"Prop_0.25",10,0.00025,"Medium","Beta",2000
"BL213","MIMOSA2",100,100,0,0,0,NA,13.9642095565796,18.0261244773865,1,100,0,"Prop_0.50",10,0.00025,"Medium","Beta",2000
"BL214","MIMOSA2",100,100,0,0,0,NA,14.0783718824387,21.2249886989594,1,100,0,"Prop_0.75",10,0.00025,"Medium","Beta",2000
"BL215","MIMOSA2",100,100,0,0,0,NA,14.1165510416031,18.8487505912781,1,100,0,"Prop_0.90",10,0.00025,"Medium","Beta",2000
"BL216","MIMOSA2",100,99,1,0,0,NA,15.6150572299957,19.0746409893036,1,100,0.01,"Prop_0.10",20,0.00025,"Medium","Beta",2000
"BL217","MIMOSA2",100,100,0,0,0,NA,14.8385343551636,18.7236948013306,1,100,0,"Prop_0.25",20,0.00025,"Medium","Beta",2000
"BL218","MIMOSA2",100,100,0,0,0,NA,14.0757601261139,18.5781700611115,1,100,0,"Prop_0.50",20,0.00025,"Medium","Beta",2000
"BL219","MIMOSA2",100,100,0,0,0,NA,14.0684795379639,18.7751410007477,1,100,0,"Prop_0.75",20,0.00025,"Medium","Beta",2000
"BL220","MIMOSA2",100,100,0,0,0,NA,14.1198394298553,18.2954750061035,1,100,0,"Prop_0.90",20,0.00025,"Medium","Beta",2000
"BL221","MIMOSA2",100,100,0,0,0,NA,16.4601975679398,20.5162456035614,1,100,0,"Prop_0.10",30,0.00025,"Medium","Beta",2000
"BL222","MIMOSA2",100,100,0,0,0,NA,15.2920432090759,22.412300825119,1,100,0,"Prop_0.25",30,0.00025,"Medium","Beta",2000
"BL223","MIMOSA2",100,100,0,0,0,NA,14.8781409263611,20.2769668102264,1,100,0,"Prop_0.50",30,0.00025,"Medium","Beta",2000
"BL224","MIMOSA2",100,100,0,0,0,NA,13.248726606369,19.2375476360321,1,100,0,"Prop_0.75",30,0.00025,"Medium","Beta",2000
"BL225","MIMOSA2",100,100,0,0,0,NA,14.3445584774017,20.1149091720581,1,100,0,"Prop_0.90",30,0.00025,"Medium","Beta",2000
"BL226","MIMOSA2",100,100,0,0,0,NA,17.9968430995941,21.8657538890839,1,100,0,"Prop_0.10",50,0.00025,"Medium","Beta",2000
"BL227","MIMOSA2",100,100,0,0,0,NA,16.4859824180603,22.0492453575134,1,100,0,"Prop_0.25",50,0.00025,"Medium","Beta",2000
"BL228","MIMOSA2",100,100,0,0,0,NA,14.5031514167786,22.2309167385101,1,100,0,"Prop_0.50",50,0.00025,"Medium","Beta",2000
"BL229","MIMOSA2",100,100,0,0,0,NA,11.1697577238083,21.5881764888763,1,100,0,"Prop_0.75",50,0.00025,"Medium","Beta",2000
"BL230","MIMOSA2",100,100,0,0,0,NA,11.9506711959839,21.1622941493988,1,100,0,"Prop_0.90",50,0.00025,"Medium","Beta",2000
"BL231","MIMOSA2",100,100,0,0,0,NA,19.743093252182,23.7060971260071,1,100,0,"Prop_0.10",75,0.00025,"Medium","Beta",2000
"BL232","MIMOSA2",100,100,0,0,0,NA,18.2445404529572,23.476212978363,1,100,0,"Prop_0.25",75,0.00025,"Medium","Beta",2000
"BL233","MIMOSA2",100,100,0,0,0,NA,15.1595711708069,24.2608759403229,1,100,0,"Prop_0.50",75,0.00025,"Medium","Beta",2000
"BL234","MIMOSA2",100,100,0,0,0,NA,12.503756403923,23.1957564353943,1,100,0,"Prop_0.75",75,0.00025,"Medium","Beta",2000
"BL235","MIMOSA2",100,100,0,0,0,NA,12.6192960739136,21.8605720996857,1,100,0,"Prop_0.90",75,0.00025,"Medium","Beta",2000
"BL236","MIMOSA2",100,100,0,0,0,NA,21.4816263914108,26.0551207065582,1,100,0,"Prop_0.10",100,0.00025,"Medium","Beta",2000
"BL237","MIMOSA2",100,100,0,0,0,NA,19.848042011261,25.3058452606201,1,100,0,"Prop_0.25",100,0.00025,"Medium","Beta",2000
"BL238","MIMOSA2",100,100,0,0,0,NA,16.1682698726654,25.4869542121887,1,100,0,"Prop_0.50",100,0.00025,"Medium","Beta",2000
"BL239","MIMOSA2",100,100,0,0,0,NA,11.2798311710358,24.627373456955,1,100,0,"Prop_0.75",100,0.00025,"Medium","Beta",2000
"BL240","MIMOSA2",100,100,0,0,0,NA,11.9094740152359,24.4478268623352,1,100,0,"Prop_0.90",100,0.00025,"Medium","Beta",2000
"BL241","MIMOSA2",100,99,1,0,0,NA,14.7842617034912,20.4914929866791,1,100,0.01,"Prop_0.10",10,0.000125,"Medium","Beta",2000
"BL242","MIMOSA2",100,99,1,0,0,NA,14.1823250055313,19.5861840248108,1,100,0.01,"Prop_0.25",10,0.000125,"Medium","Beta",2000
"BL243","MIMOSA2",100,100,0,0,0,NA,14.1033256053925,19.2630794048309,1,100,0,"Prop_0.50",10,0.000125,"Medium","Beta",2000
"BL244","MIMOSA2",100,100,0,0,0,NA,14.302436709404,18.5817537307739,1,100,0,"Prop_0.75",10,0.000125,"Medium","Beta",2000
"BL245","MIMOSA2",100,100,0,0,0,NA,14.547145485878,20.3483698368073,1,100,0,"Prop_0.90",10,0.000125,"Medium","Beta",2000
"BL246","MIMOSA2",100,100,0,0,0,NA,15.5592803955078,20.3914170265198,1,100,0,"Prop_0.10",20,0.000125,"Medium","Beta",2000
"BL247","MIMOSA2",100,100,0,0,0,NA,15.2871295213699,18.8031325340271,1,100,0,"Prop_0.25",20,0.000125,"Medium","Beta",2000
"BL248","MIMOSA2",100,100,0,0,0,NA,14.9269362688065,19.1279916763306,1,100,0,"Prop_0.50",20,0.000125,"Medium","Beta",2000
"BL249","MIMOSA2",100,100,0,0,0,NA,14.7022076845169,20.2858910560608,1,100,0,"Prop_0.75",20,0.000125,"Medium","Beta",2000
"BL250","MIMOSA2",100,100,0,0,0,NA,14.2648713588715,18.9891409873962,1,100,0,"Prop_0.90",20,0.000125,"Medium","Beta",2000
"BL251","MIMOSA2",100,100,0,0,0,NA,16.3885740041733,20.4395921230316,1,100,0,"Prop_0.10",30,0.000125,"Medium","Beta",2000
"BL252","MIMOSA2",100,100,0,0,0,NA,15.8255466222763,20.3282289505005,1,100,0,"Prop_0.25",30,0.000125,"Medium","Beta",2000
"BL253","MIMOSA2",100,100,0,0,0,NA,14.7062293291092,19.3241293430328,1,100,0,"Prop_0.50",30,0.000125,"Medium","Beta",2000
"BL254","MIMOSA2",100,100,0,0,0,NA,13.9451911449432,20.5161736011505,1,100,0,"Prop_0.75",30,0.000125,"Medium","Beta",2000
"BL255","MIMOSA2",100,100,0,0,0,NA,14.8572969436646,18.6913630962372,1,100,0,"Prop_0.90",30,0.000125,"Medium","Beta",2000
"BL256","MIMOSA2",100,100,0,0,0,NA,18.1994577646255,22.381560087204,1,100,0,"Prop_0.10",50,0.000125,"Medium","Beta",2000
"BL257","MIMOSA2",100,100,0,0,0,NA,17.0830072164536,21.4125726222992,1,100,0,"Prop_0.25",50,0.000125,"Medium","Beta",2000
"BL258","MIMOSA2",100,100,0,0,0,NA,15.9254235029221,21.2680153846741,1,100,0,"Prop_0.50",50,0.000125,"Medium","Beta",2000
"BL259","MIMOSA2",100,100,0,0,0,NA,15.7506792545319,21.6936945915222,1,100,0,"Prop_0.75",50,0.000125,"Medium","Beta",2000
"BL260","MIMOSA2",100,100,0,0,0,NA,15.3784235715866,22.1946175098419,1,100,0,"Prop_0.90",50,0.000125,"Medium","Beta",2000
"BL261","MIMOSA2",100,100,0,0,0,NA,19.9948172569275,24.5732975006104,1,100,0,"Prop_0.10",75,0.000125,"Medium","Beta",2000
"BL262","MIMOSA2",100,100,0,0,0,NA,18.6052045822144,23.1198420524597,1,100,0,"Prop_0.25",75,0.000125,"Medium","Beta",2000
"BL263","MIMOSA2",100,100,0,0,0,NA,15.8012804985046,24.7456259727478,1,100,0,"Prop_0.50",75,0.000125,"Medium","Beta",2000
"BL264","MIMOSA2",100,100,0,0,0,NA,12.9899423122406,22.1029496192932,1,100,0,"Prop_0.75",75,0.000125,"Medium","Beta",2000
"BL265","MIMOSA2",100,100,0,0,0,NA,17.2157300710678,23.4149384498596,1,100,0,"Prop_0.90",75,0.000125,"Medium","Beta",2000
"BL266","MIMOSA2",100,100,0,0,0,NA,21.5207065343857,28.1679081916809,1,100,0,"Prop_0.10",100,0.000125,"Medium","Beta",2000
"BL267","MIMOSA2",100,100,0,0,0,NA,20.4777003526688,26.9469335079193,1,100,0,"Prop_0.25",100,0.000125,"Medium","Beta",2000
"BL268","MIMOSA2",100,100,0,0,0,NA,17.4470546245575,25.5594162940979,1,100,0,"Prop_0.50",100,0.000125,"Medium","Beta",2000
"BL269","MIMOSA2",100,100,0,0,0,NA,13.5958170890808,25.0187385082245,1,100,0,"Prop_0.75",100,0.000125,"Medium","Beta",2000
"BL270","MIMOSA2",100,100,0,0,0,NA,14.3786013126373,23.4181189537048,1,100,0,"Prop_0.90",100,0.000125,"Medium","Beta",2000
"BL271","MIMOSA2",100,96,4,0,0,NA,14.8175333738327,30.1308550834656,1,100,0.04,"Prop_0.10",10,6.25e-05,"Medium","Beta",2000
"BL272","MIMOSA2",100,100,0,0,0,NA,14.3516194820404,19.5724093914032,1,100,0,"Prop_0.25",10,6.25e-05,"Medium","Beta",2000
"BL273","MIMOSA2",100,100,0,0,0,NA,14.2148126363754,21.1618454456329,1,100,0,"Prop_0.50",10,6.25e-05,"Medium","Beta",2000
"BL274","MIMOSA2",100,100,0,0,0,NA,14.6166579723358,20.1433870792389,1,100,0,"Prop_0.75",10,6.25e-05,"Medium","Beta",2000
"BL275","MIMOSA2",100,100,0,0,0,NA,14.4563149213791,19.1394331455231,1,100,0,"Prop_0.90",10,6.25e-05,"Medium","Beta",2000
"BL276","MIMOSA2",100,99,1,0,0,NA,15.3747848272324,20.9152581691742,1,100,0.01,"Prop_0.10",20,6.25e-05,"Medium","Beta",2000
"BL277","MIMOSA2",100,100,0,0,0,NA,15.3036484718323,20.2745096683502,1,100,0,"Prop_0.25",20,6.25e-05,"Medium","Beta",2000
"BL278","MIMOSA2",100,100,0,0,0,NA,14.9739035367966,19.658855676651,1,100,0,"Prop_0.50",20,6.25e-05,"Medium","Beta",2000
"BL279","MIMOSA2",100,100,0,0,0,NA,14.3580148220062,19.1197350025177,1,100,0,"Prop_0.75",20,6.25e-05,"Medium","Beta",2000
"BL280","MIMOSA2",100,100,0,0,0,NA,14.6157904863358,18.7419171333313,1,100,0,"Prop_0.90",20,6.25e-05,"Medium","Beta",2000
"BL281","MIMOSA2",100,100,0,0,0,NA,16.4706201553345,20.7259335517883,1,100,0,"Prop_0.10",30,6.25e-05,"Medium","Beta",2000
"BL282","MIMOSA2",100,100,0,0,0,NA,16.0547955036163,20.1441802978516,1,100,0,"Prop_0.25",30,6.25e-05,"Medium","Beta",2000
"BL283","MIMOSA2",100,100,0,0,0,NA,14.8948990106583,20.8705134391785,1,100,0,"Prop_0.50",30,6.25e-05,"Medium","Beta",2000
"BL284","MIMOSA2",100,100,0,0,0,NA,14.9554431438446,21.3235504627228,1,100,0,"Prop_0.75",30,6.25e-05,"Medium","Beta",2000
"BL285","MIMOSA2",100,100,0,0,0,NA,15.2076933383942,22.8990540504456,1,100,0,"Prop_0.90",30,6.25e-05,"Medium","Beta",2000
"BL286","MIMOSA2",100,100,0,0,0,NA,17.9379675388336,23.3452253341675,1,100,0,"Prop_0.10",50,6.25e-05,"Medium","Beta",2000
"BL287","MIMOSA2",100,100,0,0,0,NA,17.4152619838715,21.8792140483856,1,100,0,"Prop_0.25",50,6.25e-05,"Medium","Beta",2000
"BL288","MIMOSA2",100,100,0,0,0,NA,16.2119879722595,22.2938323020935,1,100,0,"Prop_0.50",50,6.25e-05,"Medium","Beta",2000
"BL289","MIMOSA2",100,100,0,0,0,NA,15.8882418870926,22.9327890872955,1,100,0,"Prop_0.75",50,6.25e-05,"Medium","Beta",2000
"BL290","MIMOSA2",100,100,0,0,0,NA,15.3507268428802,21.7664215564728,1,100,0,"Prop_0.90",50,6.25e-05,"Medium","Beta",2000
"BL291","MIMOSA2",100,100,0,0,0,NA,20.0093497037888,24.6686012744904,1,100,0,"Prop_0.10",75,6.25e-05,"Medium","Beta",2000
"BL292","MIMOSA2",100,100,0,0,0,NA,18.8593386411667,25.0742876529694,1,100,0,"Prop_0.25",75,6.25e-05,"Medium","Beta",2000
"BL293","MIMOSA2",100,100,0,0,0,NA,17.150034070015,23.3901226520538,1,100,0,"Prop_0.50",75,6.25e-05,"Medium","Beta",2000
"BL294","MIMOSA2",100,100,0,0,0,NA,15.0860215425491,22.8589768409729,1,100,0,"Prop_0.75",75,6.25e-05,"Medium","Beta",2000
"BL295","MIMOSA2",100,100,0,0,0,NA,14.2799134254456,23.8282542228699,1,100,0,"Prop_0.90",75,6.25e-05,"Medium","Beta",2000
"BL296","MIMOSA2",100,100,0,0,0,NA,22.2312479019165,26.6221494674683,1,100,0,"Prop_0.10",100,6.25e-05,"Medium","Beta",2000
"BL297","MIMOSA2",100,100,0,0,0,NA,20.5305045843124,26.1081850528717,1,100,0,"Prop_0.25",100,6.25e-05,"Medium","Beta",2000
"BL298","MIMOSA2",100,100,0,0,0,NA,18.7045793533325,25.3658430576324,1,100,0,"Prop_0.50",100,6.25e-05,"Medium","Beta",2000
"BL299","MIMOSA2",100,100,0,0,0,NA,15.9406086206436,26.6839203834534,1,100,0,"Prop_0.75",100,6.25e-05,"Medium","Beta",2000
"BL300","MIMOSA2",100,100,0,0,0,NA,18.491338968277,24.6492171287537,1,100,0,"Prop_0.90",100,6.25e-05,"Medium","Beta",2000
"BL301","MIMOSA2",100,99,1,0,0,NA,14.4811035394669,20.5863299369812,1,100,0.01,"Prop_0.10",10,0.001,"Low","Beta",2000
"BL302","MIMOSA2",100,100,0,0,0,NA,14.2979687452316,22.2614064216614,1,100,0,"Prop_0.25",10,0.001,"Low","Beta",2000
"BL303","MIMOSA2",100,100,0,0,0,NA,15.0056535005569,23.0892267227173,1,100,0,"Prop_0.50",10,0.001,"Low","Beta",2000
"BL304","MIMOSA2",100,100,0,0,0,NA,14.6992336511612,21.1352140903473,1,100,0,"Prop_0.75",10,0.001,"Low","Beta",2000
"BL305","MIMOSA2",100,100,0,0,0,NA,15.1349873542786,24.2091534137726,1,100,0,"Prop_0.90",10,0.001,"Low","Beta",2000
"BL306","MIMOSA2",100,100,0,0,0,NA,15.3208371400833,21.0788254737854,1,100,0,"Prop_0.10",20,0.001,"Low","Beta",2000
"BL307","MIMOSA2",100,100,0,0,0,NA,14.4434825181961,20.1393191814423,1,100,0,"Prop_0.25",20,0.001,"Low","Beta",2000
"BL308","MIMOSA2",100,100,0,0,0,NA,14.7291408777237,18.9141571521759,1,100,0,"Prop_0.50",20,0.001,"Low","Beta",2000
"BL309","MIMOSA2",100,100,0,0,0,NA,13.9468152523041,21.5463483333588,1,100,0,"Prop_0.75",20,0.001,"Low","Beta",2000
"BL310","MIMOSA2",100,100,0,0,0,NA,15.1225763559341,20.1743187904358,1,100,0,"Prop_0.90",20,0.001,"Low","Beta",2000
"BL311","MIMOSA2",100,100,0,0,0,NA,16.1294187307358,25.7856876850128,1,100,0,"Prop_0.10",30,0.001,"Low","Beta",2000
"BL312","MIMOSA2",100,100,0,0,0,NA,15.1360676288605,18.9941415786743,1,100,0,"Prop_0.25",30,0.001,"Low","Beta",2000
"BL313","MIMOSA2",100,100,0,0,0,NA,14.7741513252258,19.8096742630005,1,100,0,"Prop_0.50",30,0.001,"Low","Beta",2000
"BL314","MIMOSA2",100,100,0,0,0,NA,14.426847577095,20.0596115589142,1,100,0,"Prop_0.75",30,0.001,"Low","Beta",2000
"BL315","MIMOSA2",100,100,0,0,0,NA,14.4723509550095,19.8169357776642,1,100,0,"Prop_0.90",30,0.001,"Low","Beta",2000
"BL316","MIMOSA2",100,100,0,0,0,NA,17.9015387296677,22.7356450557709,1,100,0,"Prop_0.10",50,0.001,"Low","Beta",2000
"BL317","MIMOSA2",100,100,0,0,0,NA,16.523836016655,21.1779534816742,1,100,0,"Prop_0.25",50,0.001,"Low","Beta",2000
"BL318","MIMOSA2",100,100,0,0,0,NA,15.1550706624985,22.4006333351135,1,100,0,"Prop_0.50",50,0.001,"Low","Beta",2000
"BL319","MIMOSA2",100,100,0,0,0,NA,13.130099773407,18.7647752761841,1,100,0,"Prop_0.75",50,0.001,"Low","Beta",2000
"BL320","MIMOSA2",100,100,0,0,0,NA,13.2236634492874,21.4857399463654,1,100,0,"Prop_0.90",50,0.001,"Low","Beta",2000
"BL321","MIMOSA2",100,100,0,0,0,NA,19.6169451475143,24.9710831642151,1,100,0,"Prop_0.10",75,0.001,"Low","Beta",2000
"BL322","MIMOSA2",100,100,0,0,0,NA,17.9250625371933,25.0420048236847,1,100,0,"Prop_0.25",75,0.001,"Low","Beta",2000
"BL323","MIMOSA2",100,100,0,0,0,NA,16.49427485466,22.9782025814056,1,100,0,"Prop_0.50",75,0.001,"Low","Beta",2000
"BL324","MIMOSA2",100,100,0,0,0,NA,13.1779599189758,21.4211058616638,1,100,0,"Prop_0.75",75,0.001,"Low","Beta",2000
"BL325","MIMOSA2",100,100,0,0,0,NA,13.7098690271378,22.7704710960388,1,100,0,"Prop_0.90",75,0.001,"Low","Beta",2000
"BL326","MIMOSA2",100,100,0,0,0,NA,21.4990367889404,26.022022485733,1,100,0,"Prop_0.10",100,0.001,"Low","Beta",2000
"BL327","MIMOSA2",100,100,0,0,0,NA,19.5598076581955,25.8077883720398,1,100,0,"Prop_0.25",100,0.001,"Low","Beta",2000
"BL328","MIMOSA2",100,100,0,0,0,NA,18.232226729393,22.5197823047638,1,100,0,"Prop_0.50",100,0.001,"Low","Beta",2000
"BL329","MIMOSA2",100,100,0,0,0,NA,12.7838464975357,23.1411101818085,1,100,0,"Prop_0.75",100,0.001,"Low","Beta",2000
"BL330","MIMOSA2",100,100,0,0,0,NA,13.9855946302414,24.1548295021057,1,100,0,"Prop_0.90",100,0.001,"Low","Beta",2000
"BL331","MIMOSA2",100,97,3,0,0,NA,15.0230458974838,20.1195819377899,1,100,0.03,"Prop_0.10",10,5e-04,"Low","Beta",2000
"BL332","MIMOSA2",100,100,0,0,0,NA,14.5233963727951,19.6948478221893,1,100,0,"Prop_0.25",10,5e-04,"Low","Beta",2000
"BL333","MIMOSA2",100,100,0,0,0,NA,14.2891237735748,20.8806734085083,1,100,0,"Prop_0.50",10,5e-04,"Low","Beta",2000
"BL334","MIMOSA2",100,100,0,0,0,NA,14.5484499931335,19.9502468109131,1,100,0,"Prop_0.75",10,5e-04,"Low","Beta",2000
"BL335","MIMOSA2",100,100,0,0,0,NA,14.2187204360962,18.9355068206787,1,100,0,"Prop_0.90",10,5e-04,"Low","Beta",2000
"BL336","MIMOSA2",100,100,0,0,0,NA,15.8082084655762,23.1225671768188,1,100,0,"Prop_0.10",20,5e-04,"Low","Beta",2000
"BL337","MIMOSA2",100,100,0,0,0,NA,14.6960467100143,20.117879152298,1,100,0,"Prop_0.25",20,5e-04,"Low","Beta",2000
"BL338","MIMOSA2",100,100,0,0,0,NA,14.5112409591675,21.4673902988434,1,100,0,"Prop_0.50",20,5e-04,"Low","Beta",2000
"BL339","MIMOSA2",100,100,0,0,0,NA,14.1578431129456,18.4073235988617,1,100,0,"Prop_0.75",20,5e-04,"Low","Beta",2000
"BL340","MIMOSA2",100,100,0,0,0,NA,14.2795372009277,18.813827753067,1,100,0,"Prop_0.90",20,5e-04,"Low","Beta",2000
"BL341","MIMOSA2",100,100,0,0,0,NA,16.5967454910278,21.3697235584259,1,100,0,"Prop_0.10",30,5e-04,"Low","Beta",2000
"BL342","MIMOSA2",100,100,0,0,0,NA,15.6962172985077,20.4975643157959,1,100,0,"Prop_0.25",30,5e-04,"Low","Beta",2000
"BL343","MIMOSA2",100,100,0,0,0,NA,14.8929294347763,19.4437534809113,1,100,0,"Prop_0.50",30,5e-04,"Low","Beta",2000
"BL344","MIMOSA2",100,100,0,0,0,NA,14.2722582817078,18.9580965042114,1,100,0,"Prop_0.75",30,5e-04,"Low","Beta",2000
"BL345","MIMOSA2",100,100,0,0,0,NA,14.6362972259521,19.6013381481171,1,100,0,"Prop_0.90",30,5e-04,"Low","Beta",2000
"BL346","MIMOSA2",100,100,0,0,0,NA,18.0693311691284,23.1021990776062,1,100,0,"Prop_0.10",50,5e-04,"Low","Beta",2000
"BL347","MIMOSA2",100,100,0,0,0,NA,17.1840982437134,22.6923377513885,1,100,0,"Prop_0.25",50,5e-04,"Low","Beta",2000
"BL348","MIMOSA2",100,100,0,0,0,NA,16.2999849319458,21.9514319896698,1,100,0,"Prop_0.50",50,5e-04,"Low","Beta",2000
"BL349","MIMOSA2",100,100,0,0,0,NA,14.5207695960999,22.1455016136169,1,100,0,"Prop_0.75",50,5e-04,"Low","Beta",2000
"BL350","MIMOSA2",100,100,0,0,0,NA,15.1234191656113,20.9054219722748,1,100,0,"Prop_0.90",50,5e-04,"Low","Beta",2000
"BL351","MIMOSA2",100,100,0,0,0,NA,19.7527641057968,25.2742705345154,1,100,0,"Prop_0.10",75,5e-04,"Low","Beta",2000
"BL352","MIMOSA2",100,100,0,0,0,NA,18.5108315944672,22.35289311409,1,100,0,"Prop_0.25",75,5e-04,"Low","Beta",2000
"BL353","MIMOSA2",100,100,0,0,0,NA,17.4210715293884,23.5387432575226,1,100,0,"Prop_0.50",75,5e-04,"Low","Beta",2000
"BL354","MIMOSA2",100,100,0,0,0,NA,15.4389060735703,22.8895862102509,1,100,0,"Prop_0.75",75,5e-04,"Low","Beta",2000
"BL355","MIMOSA2",100,100,0,0,0,NA,15.7657812833786,22.767792224884,1,100,0,"Prop_0.90",75,5e-04,"Low","Beta",2000
"BL356","MIMOSA2",100,100,0,0,0,NA,21.980294585228,26.1869742870331,1,100,0,"Prop_0.10",100,5e-04,"Low","Beta",2000
"BL357","MIMOSA2",100,100,0,0,0,NA,20.4245178699493,25.971953868866,1,100,0,"Prop_0.25",100,5e-04,"Low","Beta",2000
"BL358","MIMOSA2",100,100,0,0,0,NA,18.7522407770157,25.7154660224915,1,100,0,"Prop_0.50",100,5e-04,"Low","Beta",2000
"BL359","MIMOSA2",100,100,0,0,0,NA,16.1250696182251,23.7230195999146,1,100,0,"Prop_0.75",100,5e-04,"Low","Beta",2000
"BL360","MIMOSA2",100,100,0,0,0,NA,15.2792482376099,26.1360099315643,1,100,0,"Prop_0.90",100,5e-04,"Low","Beta",2000
"BL361","MIMOSA2",100,92,8,0,0,NA,14.6675301790237,23.0952241420746,1,100,0.08,"Prop_0.10",10,0.00025,"Low","Beta",2000
"BL362","MIMOSA2",100,100,0,0,0,NA,14.6451289653778,18.8267862796783,1,100,0,"Prop_0.25",10,0.00025,"Low","Beta",2000
"BL363","MIMOSA2",100,100,0,0,0,NA,13.9319610595703,19.3485133647919,1,100,0,"Prop_0.50",10,0.00025,"Low","Beta",2000
"BL364","MIMOSA2",100,100,0,0,0,NA,14.5083937644958,18.132735490799,1,100,0,"Prop_0.75",10,0.00025,"Low","Beta",2000
"BL365","MIMOSA2",100,100,0,0,0,NA,13.9320991039276,19.1668229103088,1,100,0,"Prop_0.90",10,0.00025,"Low","Beta",2000
"BL366","MIMOSA2",100,100,0,0,0,NA,15.8923451900482,20.6646087169647,1,100,0,"Prop_0.10",20,0.00025,"Low","Beta",2000
"BL367","MIMOSA2",100,100,0,0,0,NA,15.1765183210373,21.3544602394104,1,100,0,"Prop_0.25",20,0.00025,"Low","Beta",2000
"BL368","MIMOSA2",100,100,0,0,0,NA,14.8196291923523,18.8919167518616,1,100,0,"Prop_0.50",20,0.00025,"Low","Beta",2000
"BL369","MIMOSA2",100,100,0,0,0,NA,15.1741527318954,20.0263140201569,1,100,0,"Prop_0.75",20,0.00025,"Low","Beta",2000
"BL370","MIMOSA2",100,100,0,0,0,NA,14.3603109121323,22.4347543716431,1,100,0,"Prop_0.90",20,0.00025,"Low","Beta",2000
"BL371","MIMOSA2",100,100,0,0,0,NA,16.536853313446,21.0848641395569,1,100,0,"Prop_0.10",30,0.00025,"Low","Beta",2000
"BL372","MIMOSA2",100,100,0,0,0,NA,15.6613521575928,26.0701687335968,1,100,0,"Prop_0.25",30,0.00025,"Low","Beta",2000
"BL373","MIMOSA2",100,100,0,0,0,NA,15.1165719032288,19.9339644908905,1,100,0,"Prop_0.50",30,0.00025,"Low","Beta",2000
"BL374","MIMOSA2",100,100,0,0,0,NA,15.127935051918,20.2780678272247,1,100,0,"Prop_0.75",30,0.00025,"Low","Beta",2000
"BL375","MIMOSA2",100,100,0,0,0,NA,14.9648826122284,20.3826270103455,1,100,0,"Prop_0.90",30,0.00025,"Low","Beta",2000
"BL376","MIMOSA2",100,100,0,0,0,NA,18.1054859161377,21.7568137645721,1,100,0,"Prop_0.10",50,0.00025,"Low","Beta",2000
"BL377","MIMOSA2",100,100,0,0,0,NA,17.2983359098434,20.6349012851715,1,100,0,"Prop_0.25",50,0.00025,"Low","Beta",2000
"BL378","MIMOSA2",100,100,0,0,0,NA,16.0155991315842,22.0166172981262,1,100,0,"Prop_0.50",50,0.00025,"Low","Beta",2000
"BL379","MIMOSA2",100,100,0,0,0,NA,15.7213169336319,22.0414202213287,1,100,0,"Prop_0.75",50,0.00025,"Low","Beta",2000
"BL380","MIMOSA2",100,100,0,0,0,NA,14.6595280170441,21.455414056778,1,100,0,"Prop_0.90",50,0.00025,"Low","Beta",2000
"BL381","MIMOSA2",100,100,0,0,0,NA,19.8292450904846,24.6543326377869,1,100,0,"Prop_0.10",75,0.00025,"Low","Beta",2000
"BL382","MIMOSA2",100,100,0,0,0,NA,18.8080695867538,24.1243891716003,1,100,0,"Prop_0.25",75,0.00025,"Low","Beta",2000
"BL383","MIMOSA2",100,100,0,0,0,NA,18.1718678474426,22.9682643413544,1,100,0,"Prop_0.50",75,0.00025,"Low","Beta",2000
"BL384","MIMOSA2",100,100,0,0,0,NA,17.2812255620956,22.5429043769836,1,100,0,"Prop_0.75",75,0.00025,"Low","Beta",2000
"BL385","MIMOSA2",100,100,0,0,0,NA,17.2610524892807,22.8551414012909,1,100,0,"Prop_0.90",75,0.00025,"Low","Beta",2000
"BL386","MIMOSA2",100,100,0,0,0,NA,22.1518476009369,26.1211738586426,1,100,0,"Prop_0.10",100,0.00025,"Low","Beta",2000
"BL387","MIMOSA2",100,100,0,0,0,NA,20.7758396863937,27.8343315124512,1,100,0,"Prop_0.25",100,0.00025,"Low","Beta",2000
"BL388","MIMOSA2",100,100,0,0,0,NA,19.3980858325958,25.886682510376,1,100,0,"Prop_0.50",100,0.00025,"Low","Beta",2000
"BL389","MIMOSA2",100,100,0,0,0,NA,18.3922024965286,26.7794156074524,1,100,0,"Prop_0.75",100,0.00025,"Low","Beta",2000
"BL390","MIMOSA2",100,100,0,0,0,NA,18.313592672348,24.0165460109711,1,100,0,"Prop_0.90",100,0.00025,"Low","Beta",2000
"BL391","MIMOSA2",100,92,8,0,0,NA,14.7937970161438,22.7712690830231,1,100,0.08,"Prop_0.10",10,0.000125,"Low","Beta",2000
"BL392","MIMOSA2",100,100,0,0,0,NA,14.4498282670975,26.4304921627045,1,100,0,"Prop_0.25",10,0.000125,"Low","Beta",2000
"BL393","MIMOSA2",100,100,0,0,0,NA,15.0479229688644,22.5889976024628,1,100,0,"Prop_0.50",10,0.000125,"Low","Beta",2000
"BL394","MIMOSA2",100,100,0,0,0,NA,14.5734670162201,20.93523645401,1,100,0,"Prop_0.75",10,0.000125,"Low","Beta",2000
"BL395","MIMOSA2",100,100,0,0,0,NA,14.2506873607635,18.2272539138794,1,100,0,"Prop_0.90",10,0.000125,"Low","Beta",2000
"BL396","MIMOSA2",100,100,0,0,0,NA,15.6517254114151,21.19380235672,1,100,0,"Prop_0.10",20,0.000125,"Low","Beta",2000
"BL397","MIMOSA2",100,100,0,0,0,NA,15.6163359880447,23.5730028152466,1,100,0,"Prop_0.25",20,0.000125,"Low","Beta",2000
"BL398","MIMOSA2",100,100,0,0,0,NA,15.4085630178452,19.6656231880188,1,100,0,"Prop_0.50",20,0.000125,"Low","Beta",2000
"BL399","MIMOSA2",100,100,0,0,0,NA,14.7330539226532,20.3598120212555,1,100,0,"Prop_0.75",20,0.000125,"Low","Beta",2000
"BL400","MIMOSA2",100,100,0,0,0,NA,14.8477376699448,18.9501419067383,1,100,0,"Prop_0.90",20,0.000125,"Low","Beta",2000
"BL401","MIMOSA2",100,100,0,0,0,NA,16.5899214744568,20.4111189842224,1,100,0,"Prop_0.10",30,0.000125,"Low","Beta",2000
"BL402","MIMOSA2",100,100,0,0,0,NA,16.2843282222748,22.646938085556,1,100,0,"Prop_0.25",30,0.000125,"Low","Beta",2000
"BL403","MIMOSA2",100,100,0,0,0,NA,15.2074856758118,19.1124427318573,1,100,0,"Prop_0.50",30,0.000125,"Low","Beta",2000
"BL404","MIMOSA2",100,100,0,0,0,NA,15.1955211162567,21.0797007083893,1,100,0,"Prop_0.75",30,0.000125,"Low","Beta",2000
"BL405","MIMOSA2",100,100,0,0,0,NA,15.1613235473633,23.1457500457764,1,100,0,"Prop_0.90",30,0.000125,"Low","Beta",2000
"BL406","MIMOSA2",100,100,0,0,0,NA,18.3814488649368,23.7269284725189,1,100,0,"Prop_0.10",50,0.000125,"Low","Beta",2000
"BL407","MIMOSA2",100,100,0,0,0,NA,17.7402186393738,22.5222964286804,1,100,0,"Prop_0.25",50,0.000125,"Low","Beta",2000
"BL408","MIMOSA2",100,100,0,0,0,NA,16.6133366823196,23.1262814998627,1,100,0,"Prop_0.50",50,0.000125,"Low","Beta",2000
"BL409","MIMOSA2",100,100,0,0,0,NA,16.2644007205963,22.0983858108521,1,100,0,"Prop_0.75",50,0.000125,"Low","Beta",2000
"BL410","MIMOSA2",100,100,0,0,0,NA,16.5175700187683,20.5610845088959,1,100,0,"Prop_0.90",50,0.000125,"Low","Beta",2000
"BL411","MIMOSA2",100,100,0,0,0,NA,19.8642303943634,25.5176944732666,1,100,0,"Prop_0.10",75,0.000125,"Low","Beta",2000
"BL412","MIMOSA2",100,100,0,0,0,NA,19.1589839458466,24.7019910812378,1,100,0,"Prop_0.25",75,0.000125,"Low","Beta",2000
"BL413","MIMOSA2",100,100,0,0,0,NA,18.1453490257263,24.2204174995422,1,100,0,"Prop_0.50",75,0.000125,"Low","Beta",2000
"BL414","MIMOSA2",100,100,0,0,0,NA,17.6671200990677,24.0042977333069,1,100,0,"Prop_0.75",75,0.000125,"Low","Beta",2000
"BL415","MIMOSA2",100,100,0,0,0,NA,17.0597175359726,22.6610457897186,1,100,0,"Prop_0.90",75,0.000125,"Low","Beta",2000
"BL416","MIMOSA2",100,100,0,0,0,NA,21.9838124513626,28.5038371086121,1,100,0,"Prop_0.10",100,0.000125,"Low","Beta",2000
"BL417","MIMOSA2",100,100,0,0,0,NA,21.444478392601,26.543514251709,1,100,0,"Prop_0.25",100,0.000125,"Low","Beta",2000
"BL418","MIMOSA2",100,100,0,0,0,NA,19.7336449623108,26.5438647270203,1,100,0,"Prop_0.50",100,0.000125,"Low","Beta",2000
"BL419","MIMOSA2",100,100,0,0,0,NA,18.8766534328461,25.1951787471771,1,100,0,"Prop_0.75",100,0.000125,"Low","Beta",2000
"BL420","MIMOSA2",100,100,0,0,0,NA,19.450918674469,24.6915991306305,1,100,0,"Prop_0.90",100,0.000125,"Low","Beta",2000
"BL421","MIMOSA2",100,95,5,0,0,NA,15.3837713003159,20.4682216644287,1,100,0.05,"Prop_0.10",10,6.25e-05,"Low","Beta",2000
"BL422","MIMOSA2",100,97,3,0,0,NA,14.5940628051758,22.6486616134644,1,100,0.03,"Prop_0.25",10,6.25e-05,"Low","Beta",2000
"BL423","MIMOSA2",100,100,0,0,0,NA,14.52976334095,24.3705766201019,1,100,0,"Prop_0.50",10,6.25e-05,"Low","Beta",2000
"BL424","MIMOSA2",100,100,0,0,0,NA,14.8057872056961,20.0621182918549,1,100,0,"Prop_0.75",10,6.25e-05,"Low","Beta",2000
"BL425","MIMOSA2",100,100,0,0,0,NA,14.8734188079834,19.8363370895386,1,100,0,"Prop_0.90",10,6.25e-05,"Low","Beta",2000
"BL426","MIMOSA2",100,100,0,0,0,NA,16.1327580213547,22.492938041687,1,100,0,"Prop_0.10",20,6.25e-05,"Low","Beta",2000
"BL427","MIMOSA2",100,100,0,0,0,NA,15.4087384939194,21.1068878173828,1,100,0,"Prop_0.25",20,6.25e-05,"Low","Beta",2000
"BL428","MIMOSA2",100,100,0,0,0,NA,15.2159322500229,19.2160496711731,1,100,0,"Prop_0.50",20,6.25e-05,"Low","Beta",2000
"BL429","MIMOSA2",100,100,0,0,0,NA,15.0419663190842,19.7137489318848,1,100,0,"Prop_0.75",20,6.25e-05,"Low","Beta",2000
"BL430","MIMOSA2",100,100,0,0,0,NA,14.9899486303329,20.254959821701,1,100,0,"Prop_0.90",20,6.25e-05,"Low","Beta",2000
"BL431","MIMOSA2",100,100,0,0,0,NA,16.6348792314529,21.2707452774048,1,100,0,"Prop_0.10",30,6.25e-05,"Low","Beta",2000
"BL432","MIMOSA2",100,100,0,0,0,NA,16.2755486965179,21.3134939670563,1,100,0,"Prop_0.25",30,6.25e-05,"Low","Beta",2000
"BL433","MIMOSA2",100,100,0,0,0,NA,15.573720574379,22.2265272140503,1,100,0,"Prop_0.50",30,6.25e-05,"Low","Beta",2000
"BL434","MIMOSA2",100,100,0,0,0,NA,15.3108011484146,21.44477891922,1,100,0,"Prop_0.75",30,6.25e-05,"Low","Beta",2000
"BL435","MIMOSA2",100,100,0,0,0,NA,15.5425790548325,19.4667744636536,1,100,0,"Prop_0.90",30,6.25e-05,"Low","Beta",2000
"BL436","MIMOSA2",100,100,0,0,0,NA,18.2705584764481,24.288058757782,1,100,0,"Prop_0.10",50,6.25e-05,"Low","Beta",2000
"BL437","MIMOSA2",100,100,0,0,0,NA,17.5735287666321,22.9864430427551,1,100,0,"Prop_0.25",50,6.25e-05,"Low","Beta",2000
"BL438","MIMOSA2",100,100,0,0,0,NA,16.7760194540024,22.8287081718445,1,100,0,"Prop_0.50",50,6.25e-05,"Low","Beta",2000
"BL439","MIMOSA2",100,100,0,0,0,NA,16.2407425642014,21.8556709289551,1,100,0,"Prop_0.75",50,6.25e-05,"Low","Beta",2000
"BL440","MIMOSA2",100,100,0,0,0,NA,16.8655704259872,21.9583361148834,1,100,0,"Prop_0.90",50,6.25e-05,"Low","Beta",2000
"BL441","MIMOSA2",100,100,0,0,0,NA,19.8864462375641,23.607458114624,1,100,0,"Prop_0.10",75,6.25e-05,"Low","Beta",2000
"BL442","MIMOSA2",100,100,0,0,0,NA,19.5418084859848,23.745010137558,1,100,0,"Prop_0.25",75,6.25e-05,"Low","Beta",2000
"BL443","MIMOSA2",100,100,0,0,0,NA,18.3471736907959,25.8915569782257,1,100,0,"Prop_0.50",75,6.25e-05,"Low","Beta",2000
"BL444","MIMOSA2",100,100,0,0,0,NA,18.1205079555511,23.9282212257385,1,100,0,"Prop_0.75",75,6.25e-05,"Low","Beta",2000
"BL445","MIMOSA2",100,100,0,0,0,NA,17.7848522663116,24.3114964962006,1,100,0,"Prop_0.90",75,6.25e-05,"Low","Beta",2000
"BL446","MIMOSA2",100,100,0,0,0,NA,22.2876662015915,27.3762941360474,1,100,0,"Prop_0.10",100,6.25e-05,"Low","Beta",2000
"BL447","MIMOSA2",100,100,0,0,0,NA,21.6069276332855,27.4255526065826,1,100,0,"Prop_0.25",100,6.25e-05,"Low","Beta",2000
"BL448","MIMOSA2",100,100,0,0,0,NA,20.2267789840698,25.6760714054108,1,100,0,"Prop_0.50",100,6.25e-05,"Low","Beta",2000
"BL449","MIMOSA2",100,100,0,0,0,NA,19.5786799192429,26.8288128376007,1,100,0,"Prop_0.75",100,6.25e-05,"Low","Beta",2000
"BL450","MIMOSA2",100,100,0,0,0,NA,19.6688957214355,25.0135107040405,1,100,0,"Prop_0.90",100,6.25e-05,"Low","Beta",2000
"BL451","MIMOSA2",100,93,7,0,0,NA,14.0844782590866,27.0790827274323,1,100,0.07,"Prop_0.00",10,0,"High","Beta",2000
"BL452","MIMOSA2",100,100,0,0,0,NA,16.1751807928085,21.1564564704895,1,100,0,"Prop_0.00",20,0,"High","Beta",2000
"BL453","MIMOSA2",100,100,0,0,0,NA,16.7641608715057,21.9829821586609,1,100,0,"Prop_0.00",30,0,"High","Beta",2000
"BL454","MIMOSA2",100,100,0,0,0,NA,18.711718916893,22.7079672813416,1,100,0,"Prop_0.00",50,0,"High","Beta",2000
"BL455","MIMOSA2",100,100,0,0,0,NA,20.4295703172684,25.2157399654388,1,100,0,"Prop_0.00",75,0,"High","Beta",2000
"BL456","MIMOSA2",100,100,0,0,0,NA,22.1195509433746,27.6791706085205,1,100,0,"Prop_0.00",100,0,"High","Beta",2000
"BL457","MIMOSA2",100,88,12,0,0,NA,14.4582732915878,24.2487969398499,1,100,0.12,"Prop_0.00",10,0,"Medium","Beta",2000
"BL458","MIMOSA2",100,100,0,0,0,NA,16.006388425827,21.4765801429749,1,100,0,"Prop_0.00",20,0,"Medium","Beta",2000
"BL459","MIMOSA2",100,100,0,0,0,NA,16.4841047525406,22.4947621822357,1,100,0,"Prop_0.00",30,0,"Medium","Beta",2000
"BL460","MIMOSA2",100,100,0,0,0,NA,18.724044084549,23.5394263267517,1,100,0,"Prop_0.00",50,0,"Medium","Beta",2000
"BL461","MIMOSA2",100,100,0,0,0,NA,20.2579311132431,25.7145829200745,1,100,0,"Prop_0.00",75,0,"Medium","Beta",2000
"BL462","MIMOSA2",100,100,0,0,0,NA,22.3115912675858,27.5957009792328,1,100,0,"Prop_0.00",100,0,"Medium","Beta",2000
"BL463","MIMOSA2",100,90,10,0,0,NA,15.1871250867844,22.9212555885315,1,100,0.1,"Prop_0.00",10,0,"Low","Beta",2000
"BL464","MIMOSA2",100,98,2,0,0,NA,16.0444015264511,23.6485483646393,1,100,0.02,"Prop_0.00",20,0,"Low","Beta",2000
"BL465","MIMOSA2",100,100,0,0,0,NA,16.9086247682571,22.4636480808258,1,100,0,"Prop_0.00",30,0,"Low","Beta",2000
"BL466","MIMOSA2",100,100,0,0,0,NA,18.3926107883453,24.2950928211212,1,100,0,"Prop_0.00",50,0,"Low","Beta",2000
"BL467","MIMOSA2",100,100,0,0,0,NA,20.9529089927673,25.5869302749634,1,100,0,"Prop_0.00",75,0,"Low","Beta",2000
"BL468","MIMOSA2",100,100,0,0,0,NA,22.4503667354584,27.7279107570648,1,100,0,"Prop_0.00",100,0,"Low","Beta",2000
