"Scenario_ID","rho_realised","n_resp_eval","mean_true_delta_resp","share_zero_ns1","share_datasets_with_stuck_redraw","Res_prop","P","Effect","Cell_range","Distribution","Phi"
"BL001",0.1,1,0.000827817529839776,0.27,0,"Prop_0.10",10,0.001,"High","Beta",2000
"BL002",0.3,3,0.000794777391918498,0.21,0,"Prop_0.25",10,0.001,"High","Beta",2000
"BL003",0.5,5,0.000761147778669094,0.14,0,"Prop_0.50",10,0.001,"High","Beta",2000
"BL004",0.8,8,0.000806241848720578,0.05,0,"Prop_0.75",10,0.001,"High","Beta",2000
"BL005",0.9,9,0.000767006619121895,0.028,0,"Prop_0.90",10,0.001,"High","Beta",2000
"BL006",0.1,2,0.000812115000338655,0.2795,0,"Prop_0.10",20,0.001,"High","Beta",2000
"BL007",0.25,5,0.000768816650014558,0.222,0,"Prop_0.25",20,0.001,"High","Beta",2000
"BL008",0.5,10,0.000783621033601875,0.1525,0,"Prop_0.50",20,0.001,"High","Beta",2000
"BL009",0.75,15,0.000785075041414102,0.0695,0,"Prop_0.75",20,0.001,"High","Beta",2000
"BL010",0.9,18,0.000803886329864286,0.0285,0,"Prop_0.90",20,0.001,"High","Beta",2000
"BL011",0.1,3,0.000841353472355504,0.271333333333333,0,"Prop_0.10",30,0.001,"High","Beta",2000
"BL012",0.266666666666667,8,0.000806575879508503,0.218666666666667,0,"Prop_0.25",30,0.001,"High","Beta",2000
"BL013",0.5,15,0.000788655013316805,0.142333333333333,0,"Prop_0.50",30,0.001,"High","Beta",2000
"BL014",0.766666666666667,23,0.000793126332636628,0.0633333333333333,0,"Prop_0.75",30,0.001,"High","Beta",2000
"BL015",0.9,27,0.000791421962420244,0.0283333333333333,0,"Prop_0.90",30,0.001,"High","Beta",2000
"BL016",0.1,5,0.000829153645356145,0.2628,0,"Prop_0.10",50,0.001,"High","Beta",2000
"BL017",0.26,13,0.000789378407150184,0.2222,0,"Prop_0.25",50,0.001,"High","Beta",2000
"BL018",0.5,25,0.000806349321671407,0.1516,0,"Prop_0.50",50,0.001,"High","Beta",2000
"BL019",0.76,38,0.000785764550300297,0.0762,0,"Prop_0.75",50,0.001,"High","Beta",2000
"BL020",0.9,45,0.000798477875858875,0.0268,0,"Prop_0.90",50,0.001,"High","Beta",2000
"BL021",0.106666666666667,8,0.000775076523528568,0.256533333333333,0,"Prop_0.10",75,0.001,"High","Beta",2000
"BL022",0.253333333333333,19,0.000781206496937031,0.2268,0,"Prop_0.25",75,0.001,"High","Beta",2000
"BL023",0.506666666666667,38,0.000798078926018574,0.141333333333333,0,"Prop_0.50",75,0.001,"High","Beta",2000
"BL024",0.746666666666667,56,0.000805309950849213,0.0773333333333333,0,"Prop_0.75",75,0.001,"High","Beta",2000
"BL025",0.906666666666667,68,0.000797957006207009,0.0268,0,"Prop_0.90",75,0.001,"High","Beta",2000
"BL026",0.1,10,0.000773525135965932,0.2657,0,"Prop_0.10",100,0.001,"High","Beta",2000
"BL027",0.25,25,0.000789356331123035,0.2177,0,"Prop_0.25",100,0.001,"High","Beta",2000
"BL028",0.5,50,0.000793780753581133,0.1439,0,"Prop_0.50",100,0.001,"High","Beta",2000
"BL029",0.75,75,0.000804070264885593,0.073,0,"Prop_0.75",100,0.001,"High","Beta",2000
"BL030",0.9,90,0.00080075675914064,0.0297,0,"Prop_0.90",100,0.001,"High","Beta",2000
"BL031",0.1,1,0.00059045494275438,0.265,0,"Prop_0.10",10,5e-04,"High","Beta",2000
"BL032",0.3,3,0.000475547251758583,0.227,0,"Prop_0.25",10,5e-04,"High","Beta",2000
"BL033",0.5,5,0.00050122977109948,0.165,0,"Prop_0.50",10,5e-04,"High","Beta",2000
"BL034",0.8,8,0.000500180989776857,0.069,0,"Prop_0.75",10,5e-04,"High","Beta",2000
"BL035",0.9,9,0.000490530381532911,0.035,0,"Prop_0.90",10,5e-04,"High","Beta",2000
"BL036",0.1,2,0.000512979016498854,0.271,0,"Prop_0.10",20,5e-04,"High","Beta",2000
"BL037",0.25,5,0.000537166060418712,0.237,0,"Prop_0.25",20,5e-04,"High","Beta",2000
"BL038",0.5,10,0.000461833166589318,0.157,0,"Prop_0.50",20,5e-04,"High","Beta",2000
"BL039",0.75,15,0.000506339995817916,0.0735,0,"Prop_0.75",20,5e-04,"High","Beta",2000
"BL040",0.9,18,0.000482939214876749,0.0275,0,"Prop_0.90",20,5e-04,"High","Beta",2000
"BL041",0.1,3,0.000424139921173396,0.269,0,"Prop_0.10",30,5e-04,"High","Beta",2000
"BL042",0.266666666666667,8,0.000503942421309164,0.212,0,"Prop_0.25",30,5e-04,"High","Beta",2000
"BL043",0.5,15,0.000499813113696156,0.140333333333333,0,"Prop_0.50",30,5e-04,"High","Beta",2000
"BL044",0.766666666666667,23,0.000496816594427207,0.066,0,"Prop_0.75",30,5e-04,"High","Beta",2000
"BL045",0.9,27,0.000497879018088121,0.029,0,"Prop_0.90",30,5e-04,"High","Beta",2000
"BL046",0.1,5,0.000488606300277204,0.2538,0,"Prop_0.10",50,5e-04,"High","Beta",2000
"BL047",0.26,13,0.000524324588532313,0.2116,0,"Prop_0.25",50,5e-04,"High","Beta",2000
"BL048",0.5,25,0.000497175283804728,0.1486,0,"Prop_0.50",50,5e-04,"High","Beta",2000
"BL049",0.76,38,0.000486320826525751,0.0718,0,"Prop_0.75",50,5e-04,"High","Beta",2000
"BL050",0.9,45,0.000500611716385586,0.0298,0,"Prop_0.90",50,5e-04,"High","Beta",2000
"BL051",0.106666666666667,8,0.00051171553711498,0.257466666666667,0,"Prop_0.10",75,5e-04,"High","Beta",2000
"BL052",0.253333333333333,19,0.000500181342728202,0.2236,0,"Prop_0.25",75,5e-04,"High","Beta",2000
"BL053",0.506666666666667,38,0.000496396559602342,0.15,0,"Prop_0.50",75,5e-04,"High","Beta",2000
"BL054",0.746666666666667,56,0.000493066453220851,0.0744,0,"Prop_0.75",75,5e-04,"High","Beta",2000
"BL055",0.906666666666667,68,0.000503366626554186,0.0302666666666667,0,"Prop_0.90",75,5e-04,"High","Beta",2000
"BL056",0.1,10,0.000485229997597948,0.2653,0,"Prop_0.10",100,5e-04,"High","Beta",2000
"BL057",0.25,25,0.000506829917966123,0.2184,0,"Prop_0.25",100,5e-04,"High","Beta",2000
"BL058",0.5,50,0.000483484010394434,0.1485,0,"Prop_0.50",100,5e-04,"High","Beta",2000
"BL059",0.75,75,0.000494884827052143,0.0727,0,"Prop_0.75",100,5e-04,"High","Beta",2000
"BL060",0.9,90,0.000498033173854061,0.0305,0,"Prop_0.90",100,5e-04,"High","Beta",2000
"BL061",0.1,1,0.000332112624868335,0.271,0,"Prop_0.10",10,0.00025,"High","Beta",2000
"BL062",0.3,3,0.000344144203253862,0.205,0,"Prop_0.25",10,0.00025,"High","Beta",2000
"BL063",0.5,5,0.000359564446368337,0.158,0,"Prop_0.50",10,0.00025,"High","Beta",2000
"BL064",0.8,8,0.000363567090968802,0.071,0,"Prop_0.75",10,0.00025,"High","Beta",2000
"BL065",0.9,9,0.000381873378348167,0.049,0,"Prop_0.90",10,0.00025,"High","Beta",2000
"BL066",0.1,2,0.000373821540589438,0.2565,0,"Prop_0.10",20,0.00025,"High","Beta",2000
"BL067",0.25,5,0.000402529715986356,0.225,0,"Prop_0.25",20,0.00025,"High","Beta",2000
"BL068",0.5,10,0.000364773930796056,0.1385,0,"Prop_0.50",20,0.00025,"High","Beta",2000
"BL069",0.75,15,0.000367840677448256,0.0765,0,"Prop_0.75",20,0.00025,"High","Beta",2000
"BL070",0.9,18,0.000367394171089421,0.036,0,"Prop_0.90",20,0.00025,"High","Beta",2000
"BL071",0.1,3,0.00039663304531886,0.271,0,"Prop_0.10",30,0.00025,"High","Beta",2000
"BL072",0.266666666666667,8,0.000376401509232235,0.225666666666667,0,"Prop_0.25",30,0.00025,"High","Beta",2000
"BL073",0.5,15,0.000368282481256039,0.153,0,"Prop_0.50",30,0.00025,"High","Beta",2000
"BL074",0.766666666666667,23,0.000361518595417564,0.083,0,"Prop_0.75",30,0.00025,"High","Beta",2000
"BL075",0.9,27,0.000350170070637404,0.04,0,"Prop_0.90",30,0.00025,"High","Beta",2000
"BL076",0.1,5,0.000383979558373759,0.2674,0,"Prop_0.10",50,0.00025,"High","Beta",2000
"BL077",0.26,13,0.000338630756820214,0.2156,0,"Prop_0.25",50,0.00025,"High","Beta",2000
"BL078",0.5,25,0.000359067354371039,0.1564,0,"Prop_0.50",50,0.00025,"High","Beta",2000
"BL079",0.76,38,0.000353663447449253,0.0714,0,"Prop_0.75",50,0.00025,"High","Beta",2000
"BL080",0.9,45,0.000354768394417247,0.0408,0,"Prop_0.90",50,0.00025,"High","Beta",2000
"BL081",0.106666666666667,8,0.000350349803123483,0.272533333333333,0,"Prop_0.10",75,0.00025,"High","Beta",2000
"BL082",0.253333333333333,19,0.000364698486837269,0.230666666666667,0,"Prop_0.25",75,0.00025,"High","Beta",2000
"BL083",0.506666666666667,38,0.000352725588261926,0.149066666666667,0,"Prop_0.50",75,0.00025,"High","Beta",2000
"BL084",0.746666666666667,56,0.00036528628319523,0.0816,0,"Prop_0.75",75,0.00025,"High","Beta",2000
"BL085",0.906666666666667,68,0.000360058664185397,0.0397333333333333,0,"Prop_0.90",75,0.00025,"High","Beta",2000
"BL086",0.1,10,0.000365956681508023,0.2633,0,"Prop_0.10",100,0.00025,"High","Beta",2000
"BL087",0.25,25,0.000360407498827731,0.2176,0,"Prop_0.25",100,0.00025,"High","Beta",2000
"BL088",0.5,50,0.000363420366783625,0.1536,0,"Prop_0.50",100,0.00025,"High","Beta",2000
"BL089",0.75,75,0.000358915222643934,0.085,0,"Prop_0.75",100,0.00025,"High","Beta",2000
"BL090",0.9,90,0.000365324996204513,0.0444,0,"Prop_0.90",100,0.00025,"High","Beta",2000
"BL091",0.1,1,0.000359568700647844,0.276,0,"Prop_0.10",10,0.000125,"High","Beta",2000
"BL092",0.3,3,0.000301626592891235,0.21,0,"Prop_0.25",10,0.000125,"High","Beta",2000
"BL093",0.5,5,0.00026691054566962,0.169,0,"Prop_0.50",10,0.000125,"High","Beta",2000
"BL094",0.8,8,0.000289429281520073,0.099,0,"Prop_0.75",10,0.000125,"High","Beta",2000
"BL095",0.9,9,0.000312336403249609,0.067,0,"Prop_0.90",10,0.000125,"High","Beta",2000
"BL096",0.1,2,0.000273484480822397,0.2535,0,"Prop_0.10",20,0.000125,"High","Beta",2000
"BL097",0.25,5,0.000288831600807934,0.2305,0,"Prop_0.25",20,0.000125,"High","Beta",2000
"BL098",0.5,10,0.00029022107676093,0.159,0,"Prop_0.50",20,0.000125,"High","Beta",2000
"BL099",0.75,15,0.000303765632185629,0.121,0,"Prop_0.75",20,0.000125,"High","Beta",2000
"BL100",0.9,18,0.000294040615805397,0.0695,0,"Prop_0.90",20,0.000125,"High","Beta",2000
"BL101",0.1,3,0.000287035967183812,0.276,0,"Prop_0.10",30,0.000125,"High","Beta",2000
"BL102",0.266666666666667,8,0.000286975093763642,0.232333333333333,0,"Prop_0.25",30,0.000125,"High","Beta",2000
"BL103",0.5,15,0.000293685573955541,0.170333333333333,0,"Prop_0.50",30,0.000125,"High","Beta",2000
"BL104",0.766666666666667,23,0.000290247253084373,0.1,0,"Prop_0.75",30,0.000125,"High","Beta",2000
"BL105",0.9,27,0.000297073451302141,0.068,0,"Prop_0.90",30,0.000125,"High","Beta",2000
"BL106",0.1,5,0.000305356675115983,0.2624,0,"Prop_0.10",50,0.000125,"High","Beta",2000
"BL107",0.26,13,0.000301305293940945,0.2362,0,"Prop_0.25",50,0.000125,"High","Beta",2000
"BL108",0.5,25,0.000292478769416061,0.1698,0,"Prop_0.50",50,0.000125,"High","Beta",2000
"BL109",0.76,38,0.000296655210475321,0.1044,0,"Prop_0.75",50,0.000125,"High","Beta",2000
"BL110",0.9,45,0.000291555264021493,0.0672,0,"Prop_0.90",50,0.000125,"High","Beta",2000
"BL111",0.106666666666667,8,0.000306443140928227,0.2624,0,"Prop_0.10",75,0.000125,"High","Beta",2000
"BL112",0.253333333333333,19,0.000297115169486929,0.233733333333333,0.01,"Prop_0.25",75,0.000125,"High","Beta",2000
"BL113",0.506666666666667,38,0.000284063390435364,0.163866666666667,0,"Prop_0.50",75,0.000125,"High","Beta",2000
"BL114",0.746666666666667,56,0.000300232975666723,0.1068,0,"Prop_0.75",75,0.000125,"High","Beta",2000
"BL115",0.906666666666667,68,0.000301939223156544,0.0638666666666667,0.01,"Prop_0.90",75,0.000125,"High","Beta",2000
"BL116",0.1,10,0.000275448309008229,0.2674,0,"Prop_0.10",100,0.000125,"High","Beta",2000
"BL117",0.25,25,0.00030599786533867,0.238,0,"Prop_0.25",100,0.000125,"High","Beta",2000
"BL118",0.5,50,0.000289731828813997,0.1655,0,"Prop_0.50",100,0.000125,"High","Beta",2000
"BL119",0.75,75,0.00029968958667351,0.1062,0,"Prop_0.75",100,0.000125,"High","Beta",2000
"BL120",0.9,90,0.000295642784573582,0.0671,0,"Prop_0.90",100,0.000125,"High","Beta",2000
"BL121",0.1,1,0.000240459426267913,0.265,0,"Prop_0.10",10,6.25e-05,"High","Beta",2000
"BL122",0.3,3,0.000231988609957479,0.224,0,"Prop_0.25",10,6.25e-05,"High","Beta",2000
"BL123",0.5,5,0.000258549732638651,0.19,0,"Prop_0.50",10,6.25e-05,"High","Beta",2000
"BL124",0.8,8,0.000244844457530682,0.119,0,"Prop_0.75",10,6.25e-05,"High","Beta",2000
"BL125",0.9,9,0.000261823313320633,0.115,0,"Prop_0.90",10,6.25e-05,"High","Beta",2000
"BL126",0.1,2,0.000247841393625538,0.272,0,"Prop_0.10",20,6.25e-05,"High","Beta",2000
"BL127",0.25,5,0.000234240148611127,0.233,0,"Prop_0.25",20,6.25e-05,"High","Beta",2000
"BL128",0.5,10,0.000259409029252805,0.187,0,"Prop_0.50",20,6.25e-05,"High","Beta",2000
"BL129",0.75,15,0.000260638850903383,0.132,0,"Prop_0.75",20,6.25e-05,"High","Beta",2000
"BL130",0.9,18,0.000270379195510457,0.102,0,"Prop_0.90",20,6.25e-05,"High","Beta",2000
"BL131",0.1,3,0.000272791958533433,0.281333333333333,0,"Prop_0.10",30,6.25e-05,"High","Beta",2000
"BL132",0.266666666666667,8,0.000245027300496122,0.221666666666667,0.01,"Prop_0.25",30,6.25e-05,"High","Beta",2000
"BL133",0.5,15,0.000266582912344892,0.178,0,"Prop_0.50",30,6.25e-05,"High","Beta",2000
"BL134",0.766666666666667,23,0.000266910350171003,0.127,0,"Prop_0.75",30,6.25e-05,"High","Beta",2000
"BL135",0.9,27,0.000268710543453135,0.100666666666667,0,"Prop_0.90",30,6.25e-05,"High","Beta",2000
"BL136",0.1,5,0.000260970816026033,0.2624,0,"Prop_0.10",50,6.25e-05,"High","Beta",2000
"BL137",0.26,13,0.000254255030484011,0.2364,0,"Prop_0.25",50,6.25e-05,"High","Beta",2000
"BL138",0.5,25,0.000280187102634889,0.179,0,"Prop_0.50",50,6.25e-05,"High","Beta",2000
"BL139",0.76,38,0.00025842487162617,0.1276,0,"Prop_0.75",50,6.25e-05,"High","Beta",2000
"BL140",0.9,45,0.000250717785887401,0.0982,0,"Prop_0.90",50,6.25e-05,"High","Beta",2000
"BL141",0.106666666666667,8,0.000263971734036464,0.269733333333333,0,"Prop_0.10",75,6.25e-05,"High","Beta",2000
"BL142",0.253333333333333,19,0.000267639555021321,0.235333333333333,0,"Prop_0.25",75,6.25e-05,"High","Beta",2000
"BL143",0.506666666666667,38,0.0002627486384748,0.185466666666667,0,"Prop_0.50",75,6.25e-05,"High","Beta",2000
"BL144",0.746666666666667,56,0.000260969403937456,0.134533333333333,0,"Prop_0.75",75,6.25e-05,"High","Beta",2000
"BL145",0.906666666666667,68,0.000256762209652366,0.0969333333333333,0,"Prop_0.90",75,6.25e-05,"High","Beta",2000
"BL146",0.1,10,0.000265288518890076,0.2722,0,"Prop_0.10",100,6.25e-05,"High","Beta",2000
"BL147",0.25,25,0.000260487943605757,0.2381,0,"Prop_0.25",100,6.25e-05,"High","Beta",2000
"BL148",0.5,50,0.00026044358036481,0.1877,0,"Prop_0.50",100,6.25e-05,"High","Beta",2000
"BL149",0.75,75,0.000266127314697777,0.1311,0,"Prop_0.75",100,6.25e-05,"High","Beta",2000
"BL150",0.9,90,0.000262624231497549,0.106,0,"Prop_0.90",100,6.25e-05,"High","Beta",2000
"BL151",0.1,1,0.000782614593571296,0.301,0,"Prop_0.10",10,0.001,"Medium","Beta",2000
"BL152",0.3,3,0.00075620320519559,0.236,0,"Prop_0.25",10,0.001,"Medium","Beta",2000
"BL153",0.5,5,0.000771811902437295,0.167,0,"Prop_0.50",10,0.001,"Medium","Beta",2000
"BL154",0.8,8,0.00081719672997029,0.07,0,"Prop_0.75",10,0.001,"Medium","Beta",2000
"BL155",0.9,9,0.000841913196399005,0.033,0,"Prop_0.90",10,0.001,"Medium","Beta",2000
"BL156",0.1,2,0.000782067542683683,0.323,0,"Prop_0.10",20,0.001,"Medium","Beta",2000
"BL157",0.25,5,0.000801168932648426,0.269,0,"Prop_0.25",20,0.001,"Medium","Beta",2000
"BL158",0.5,10,0.000777428306702482,0.1685,0,"Prop_0.50",20,0.001,"Medium","Beta",2000
"BL159",0.75,15,0.000784799866533086,0.085,0,"Prop_0.75",20,0.001,"Medium","Beta",2000
"BL160",0.9,18,0.000821652957693544,0.0325,0,"Prop_0.90",20,0.001,"Medium","Beta",2000
"BL161",0.1,3,0.000900855884222856,0.326,0,"Prop_0.10",30,0.001,"Medium","Beta",2000
"BL162",0.266666666666667,8,0.000787434126505959,0.250333333333333,0,"Prop_0.25",30,0.001,"Medium","Beta",2000
"BL163",0.5,15,0.000769139359110249,0.173333333333333,0,"Prop_0.50",30,0.001,"Medium","Beta",2000
"BL164",0.766666666666667,23,0.000817203428804408,0.091,0,"Prop_0.75",30,0.001,"Medium","Beta",2000
"BL165",0.9,27,0.000793474326614537,0.0326666666666667,0,"Prop_0.90",30,0.001,"Medium","Beta",2000
"BL166",0.1,5,0.000740791448044085,0.3234,0,"Prop_0.10",50,0.001,"Medium","Beta",2000
"BL167",0.26,13,0.000803621368190069,0.2622,0,"Prop_0.25",50,0.001,"Medium","Beta",2000
"BL168",0.5,25,0.000781207355471772,0.1822,0,"Prop_0.50",50,0.001,"Medium","Beta",2000
"BL169",0.76,38,0.000781006567149323,0.0866,0,"Prop_0.75",50,0.001,"Medium","Beta",2000
"BL170",0.9,45,0.000778687596523996,0.0378,0,"Prop_0.90",50,0.001,"Medium","Beta",2000
"BL171",0.106666666666667,8,0.000793332629284813,0.319466666666667,0,"Prop_0.10",75,0.001,"Medium","Beta",2000
"BL172",0.253333333333333,19,0.000763013004426069,0.2652,0,"Prop_0.25",75,0.001,"Medium","Beta",2000
"BL173",0.506666666666667,38,0.000810656622196564,0.1808,0,"Prop_0.50",75,0.001,"Medium","Beta",2000
"BL174",0.746666666666667,56,0.000798492026482579,0.0905333333333333,0,"Prop_0.75",75,0.001,"Medium","Beta",2000
"BL175",0.906666666666667,68,0.000815645895050959,0.0329333333333333,0,"Prop_0.90",75,0.001,"Medium","Beta",2000
"BL176",0.1,10,0.000784676935090068,0.3196,0,"Prop_0.10",100,0.001,"Medium","Beta",2000
"BL177",0.25,25,0.000766587592252915,0.2674,0,"Prop_0.25",100,0.001,"Medium","Beta",2000
"BL178",0.5,50,0.000786776710235093,0.1756,0,"Prop_0.50",100,0.001,"Medium","Beta",2000
"BL179",0.75,75,0.000802977222536322,0.0877,0,"Prop_0.75",100,0.001,"Medium","Beta",2000
"BL180",0.9,90,0.000799070158896511,0.0352,0,"Prop_0.90",100,0.001,"Medium","Beta",2000
"BL181",0.1,1,0.000550951011941598,0.323,0,"Prop_0.10",10,5e-04,"Medium","Beta",2000
"BL182",0.3,3,0.000510033391564416,0.27,0,"Prop_0.25",10,5e-04,"Medium","Beta",2000
"BL183",0.5,5,0.000515647530891721,0.184,0,"Prop_0.50",10,5e-04,"Medium","Beta",2000
"BL184",0.8,8,0.00049708379736017,0.071,0,"Prop_0.75",10,5e-04,"Medium","Beta",2000
"BL185",0.9,9,0.000518124030694233,0.037,0,"Prop_0.90",10,5e-04,"Medium","Beta",2000
"BL186",0.1,2,0.000533773735540757,0.3175,0,"Prop_0.10",20,5e-04,"Medium","Beta",2000
"BL187",0.25,5,0.000498620903505431,0.276,0,"Prop_0.25",20,5e-04,"Medium","Beta",2000
"BL188",0.5,10,0.000485678562721789,0.1885,0,"Prop_0.50",20,5e-04,"Medium","Beta",2000
"BL189",0.75,15,0.000492640202064682,0.078,0,"Prop_0.75",20,5e-04,"Medium","Beta",2000
"BL190",0.9,18,0.000492531700527635,0.0405,0,"Prop_0.90",20,5e-04,"Medium","Beta",2000
"BL191",0.1,3,0.000529467270187004,0.307666666666667,0,"Prop_0.10",30,5e-04,"Medium","Beta",2000
"BL192",0.266666666666667,8,0.000502124977222391,0.264,0,"Prop_0.25",30,5e-04,"Medium","Beta",2000
"BL193",0.5,15,0.000493615046466162,0.182333333333333,0,"Prop_0.50",30,5e-04,"Medium","Beta",2000
"BL194",0.766666666666667,23,0.000493684201245729,0.0893333333333333,0,"Prop_0.75",30,5e-04,"Medium","Beta",2000
"BL195",0.9,27,0.000496424661853484,0.0423333333333333,0,"Prop_0.90",30,5e-04,"Medium","Beta",2000
"BL196",0.1,5,0.000482542750562619,0.322,0,"Prop_0.10",50,5e-04,"Medium","Beta",2000
"BL197",0.26,13,0.000510065391429701,0.2666,0,"Prop_0.25",50,5e-04,"Medium","Beta",2000
"BL198",0.5,25,0.000503564389970947,0.186,0,"Prop_0.50",50,5e-04,"Medium","Beta",2000
"BL199",0.76,38,0.000503655572134598,0.0842,0,"Prop_0.75",50,5e-04,"Medium","Beta",2000
"BL200",0.9,45,0.000499755431482166,0.0406,0,"Prop_0.90",50,5e-04,"Medium","Beta",2000
"BL201",0.106666666666667,8,0.000499793686730861,0.313866666666667,0,"Prop_0.10",75,5e-04,"Medium","Beta",2000
"BL202",0.253333333333333,19,0.000474263847995619,0.269866666666667,0,"Prop_0.25",75,5e-04,"Medium","Beta",2000
"BL203",0.506666666666667,38,0.000501034166638608,0.177066666666667,0,"Prop_0.50",75,5e-04,"Medium","Beta",2000
"BL204",0.746666666666667,56,0.000489997936599139,0.0933333333333333,0,"Prop_0.75",75,5e-04,"Medium","Beta",2000
"BL205",0.906666666666667,68,0.000495844839763885,0.0385333333333333,0,"Prop_0.90",75,5e-04,"Medium","Beta",2000
"BL206",0.1,10,0.000502132161443042,0.3235,0,"Prop_0.10",100,5e-04,"Medium","Beta",2000
"BL207",0.25,25,0.000492574968591105,0.2715,0,"Prop_0.25",100,5e-04,"Medium","Beta",2000
"BL208",0.5,50,0.000492731170879851,0.1813,0,"Prop_0.50",100,5e-04,"Medium","Beta",2000
"BL209",0.75,75,0.000496605786962999,0.0878,0,"Prop_0.75",100,5e-04,"Medium","Beta",2000
"BL210",0.9,90,0.000497555001185099,0.0429,0,"Prop_0.90",100,5e-04,"Medium","Beta",2000
"BL211",0.1,1,0.000360601506850483,0.353,0,"Prop_0.10",10,0.00025,"Medium","Beta",2000
"BL212",0.3,3,0.000374955424032559,0.249,0,"Prop_0.25",10,0.00025,"Medium","Beta",2000
"BL213",0.5,5,0.000328072685907475,0.198,0,"Prop_0.50",10,0.00025,"Medium","Beta",2000
"BL214",0.8,8,0.000358574590665178,0.093,0,"Prop_0.75",10,0.00025,"Medium","Beta",2000
"BL215",0.9,9,0.000381357320778273,0.062,0.01,"Prop_0.90",10,0.00025,"Medium","Beta",2000
"BL216",0.1,2,0.000366333586142056,0.3285,0,"Prop_0.10",20,0.00025,"Medium","Beta",2000
"BL217",0.25,5,0.00036456732822788,0.2735,0,"Prop_0.25",20,0.00025,"Medium","Beta",2000
"BL218",0.5,10,0.000359440114758771,0.1995,0,"Prop_0.50",20,0.00025,"Medium","Beta",2000
"BL219",0.75,15,0.000355297818500795,0.1125,0,"Prop_0.75",20,0.00025,"Medium","Beta",2000
"BL220",0.9,18,0.000368391977681779,0.0615,0.01,"Prop_0.90",20,0.00025,"Medium","Beta",2000
"BL221",0.1,3,0.000317710418317971,0.324666666666667,0,"Prop_0.10",30,0.00025,"Medium","Beta",2000
"BL222",0.266666666666667,8,0.000344237386607744,0.267,0,"Prop_0.25",30,0.00025,"Medium","Beta",2000
"BL223",0.5,15,0.00036086998281033,0.183,0,"Prop_0.50",30,0.00025,"Medium","Beta",2000
"BL224",0.766666666666667,23,0.00035711104042916,0.103333333333333,0,"Prop_0.75",30,0.00025,"Medium","Beta",2000
"BL225",0.9,27,0.000348915884673892,0.0636666666666667,0,"Prop_0.90",30,0.00025,"Medium","Beta",2000
"BL226",0.1,5,0.000360391863350491,0.324,0,"Prop_0.10",50,0.00025,"Medium","Beta",2000
"BL227",0.26,13,0.0003700902469601,0.2656,0,"Prop_0.25",50,0.00025,"Medium","Beta",2000
"BL228",0.5,25,0.000357738968711771,0.1952,0,"Prop_0.50",50,0.00025,"Medium","Beta",2000
"BL229",0.76,38,0.000358860013225539,0.1076,0,"Prop_0.75",50,0.00025,"Medium","Beta",2000
"BL230",0.9,45,0.000362720184603181,0.0546,0,"Prop_0.90",50,0.00025,"Medium","Beta",2000
"BL231",0.106666666666667,8,0.000388854634478917,0.329466666666667,0,"Prop_0.10",75,0.00025,"Medium","Beta",2000
"BL232",0.253333333333333,19,0.000362134264783906,0.277866666666667,0,"Prop_0.25",75,0.00025,"Medium","Beta",2000
"BL233",0.506666666666667,38,0.0003473554876142,0.198533333333333,0,"Prop_0.50",75,0.00025,"Medium","Beta",2000
"BL234",0.746666666666667,56,0.000354905797901442,0.108933333333333,0,"Prop_0.75",75,0.00025,"Medium","Beta",2000
"BL235",0.906666666666667,68,0.000362033086974109,0.0598666666666667,0,"Prop_0.90",75,0.00025,"Medium","Beta",2000
"BL236",0.1,10,0.000346344990428528,0.3246,0,"Prop_0.10",100,0.00025,"Medium","Beta",2000
"BL237",0.25,25,0.000365720048066408,0.275,0,"Prop_0.25",100,0.00025,"Medium","Beta",2000
"BL238",0.5,50,0.000353528606194018,0.1907,0,"Prop_0.50",100,0.00025,"Medium","Beta",2000
"BL239",0.75,75,0.000361017498021369,0.1107,0,"Prop_0.75",100,0.00025,"Medium","Beta",2000
"BL240",0.9,90,0.000360655295570605,0.0617,0,"Prop_0.90",100,0.00025,"Medium","Beta",2000
"BL241",0.1,1,0.000297625204932053,0.364,0,"Prop_0.10",10,0.000125,"Medium","Beta",2000
"BL242",0.3,3,0.000289945418975426,0.267,0,"Prop_0.25",10,0.000125,"Medium","Beta",2000
"BL243",0.5,5,0.000270074908697157,0.216,0,"Prop_0.50",10,0.000125,"Medium","Beta",2000
"BL244",0.8,8,0.000292482353689157,0.127,0,"Prop_0.75",10,0.000125,"Medium","Beta",2000
"BL245",0.9,9,0.000296822918757609,0.104,0,"Prop_0.90",10,0.000125,"Medium","Beta",2000
"BL246",0.1,2,0.000295975964583146,0.331,0,"Prop_0.10",20,0.000125,"Medium","Beta",2000
"BL247",0.25,5,0.000283303200051154,0.282,0,"Prop_0.25",20,0.000125,"Medium","Beta",2000
"BL248",0.5,10,0.000288899004887575,0.2065,0,"Prop_0.50",20,0.000125,"Medium","Beta",2000
"BL249",0.75,15,0.000290084214071604,0.1315,0,"Prop_0.75",20,0.000125,"Medium","Beta",2000
"BL250",0.9,18,0.000300576625059927,0.102,0,"Prop_0.90",20,0.000125,"Medium","Beta",2000
"BL251",0.1,3,0.000305415465084914,0.340666666666667,0,"Prop_0.10",30,0.000125,"Medium","Beta",2000
"BL252",0.266666666666667,8,0.000283044634712065,0.287333333333333,0,"Prop_0.25",30,0.000125,"Medium","Beta",2000
"BL253",0.5,15,0.000300244884144073,0.214666666666667,0,"Prop_0.50",30,0.000125,"Medium","Beta",2000
"BL254",0.766666666666667,23,0.000286523189040101,0.136666666666667,0,"Prop_0.75",30,0.000125,"Medium","Beta",2000
"BL255",0.9,27,0.000293798099329472,0.0953333333333333,0,"Prop_0.90",30,0.000125,"Medium","Beta",2000
"BL256",0.1,5,0.000325328268942338,0.3312,0,"Prop_0.10",50,0.000125,"Medium","Beta",2000
"BL257",0.26,13,0.00029424328593836,0.2788,0,"Prop_0.25",50,0.000125,"Medium","Beta",2000
"BL258",0.5,25,0.00030081870410582,0.2122,0,"Prop_0.50",50,0.000125,"Medium","Beta",2000
"BL259",0.76,38,0.000291901520906497,0.1406,0,"Prop_0.75",50,0.000125,"Medium","Beta",2000
"BL260",0.9,45,0.00029462465573534,0.0912,0,"Prop_0.90",50,0.000125,"Medium","Beta",2000
"BL261",0.106666666666667,8,0.000318511897320194,0.3276,0,"Prop_0.10",75,0.000125,"Medium","Beta",2000
"BL262",0.253333333333333,19,0.000292136468180764,0.292933333333333,0,"Prop_0.25",75,0.000125,"Medium","Beta",2000
"BL263",0.506666666666667,38,0.000300909966089907,0.216933333333333,0.02,"Prop_0.50",75,0.000125,"Medium","Beta",2000
"BL264",0.746666666666667,56,0.000294632754800527,0.1428,0,"Prop_0.75",75,0.000125,"Medium","Beta",2000
"BL265",0.906666666666667,68,0.000289561230764071,0.0970666666666667,0,"Prop_0.90",75,0.000125,"Medium","Beta",2000
"BL266",0.1,10,0.00030405057662734,0.3243,0,"Prop_0.10",100,0.000125,"Medium","Beta",2000
"BL267",0.25,25,0.000299389019556736,0.2777,0,"Prop_0.25",100,0.000125,"Medium","Beta",2000
"BL268",0.5,50,0.000301914882944753,0.2136,0,"Prop_0.50",100,0.000125,"Medium","Beta",2000
"BL269",0.75,75,0.000295723442546468,0.1431,0,"Prop_0.75",100,0.000125,"Medium","Beta",2000
"BL270",0.9,90,0.000298352926337698,0.1027,0,"Prop_0.90",100,0.000125,"Medium","Beta",2000
"BL271",0.1,1,0.000288570043538205,0.328,0,"Prop_0.10",10,6.25e-05,"Medium","Beta",2000
"BL272",0.3,3,0.000253833444966703,0.277,0,"Prop_0.25",10,6.25e-05,"Medium","Beta",2000
"BL273",0.5,5,0.000267835560113697,0.256,0,"Prop_0.50",10,6.25e-05,"Medium","Beta",2000
"BL274",0.8,8,0.000285161170095404,0.171,0,"Prop_0.75",10,6.25e-05,"Medium","Beta",2000
"BL275",0.9,9,0.000251216983662057,0.161,0,"Prop_0.90",10,6.25e-05,"Medium","Beta",2000
"BL276",0.1,2,0.000259591054565202,0.333,0,"Prop_0.10",20,6.25e-05,"Medium","Beta",2000
"BL277",0.25,5,0.000279164627955491,0.308,0,"Prop_0.25",20,6.25e-05,"Medium","Beta",2000
"BL278",0.5,10,0.000263430028676116,0.222,0,"Prop_0.50",20,6.25e-05,"Medium","Beta",2000
"BL279",0.75,15,0.000261194914638616,0.178,0,"Prop_0.75",20,6.25e-05,"Medium","Beta",2000
"BL280",0.9,18,0.000256893994092729,0.1365,0,"Prop_0.90",20,6.25e-05,"Medium","Beta",2000
"BL281",0.1,3,0.000297640849908268,0.336,0,"Prop_0.10",30,6.25e-05,"Medium","Beta",2000
"BL282",0.266666666666667,8,0.000280189703413016,0.296333333333333,0,"Prop_0.25",30,6.25e-05,"Medium","Beta",2000
"BL283",0.5,15,0.000264006012538948,0.235,0,"Prop_0.50",30,6.25e-05,"Medium","Beta",2000
"BL284",0.766666666666667,23,0.000263669853360597,0.180333333333333,0,"Prop_0.75",30,6.25e-05,"Medium","Beta",2000
"BL285",0.9,27,0.000258907606995164,0.133333333333333,0,"Prop_0.90",30,6.25e-05,"Medium","Beta",2000
"BL286",0.1,5,0.000289450961427618,0.3202,0,"Prop_0.10",50,6.25e-05,"Medium","Beta",2000
"BL287",0.26,13,0.000271641010593342,0.2922,0,"Prop_0.25",50,6.25e-05,"Medium","Beta",2000
"BL288",0.5,25,0.00026738936875812,0.2432,0,"Prop_0.50",50,6.25e-05,"Medium","Beta",2000
"BL289",0.76,38,0.000270268752597148,0.172,0,"Prop_0.75",50,6.25e-05,"Medium","Beta",2000
"BL290",0.9,45,0.000263808790944203,0.1314,0,"Prop_0.90",50,6.25e-05,"Medium","Beta",2000
"BL291",0.106666666666667,8,0.000251239659748126,0.328533333333333,0,"Prop_0.10",75,6.25e-05,"Medium","Beta",2000
"BL292",0.253333333333333,19,0.000270415686486718,0.2956,0,"Prop_0.25",75,6.25e-05,"Medium","Beta",2000
"BL293",0.506666666666667,38,0.000259878053175564,0.2276,0,"Prop_0.50",75,6.25e-05,"Medium","Beta",2000
"BL294",0.746666666666667,56,0.000260880206806801,0.172933333333333,0,"Prop_0.75",75,6.25e-05,"Medium","Beta",2000
"BL295",0.906666666666667,68,0.000269526847236238,0.132666666666667,0,"Prop_0.90",75,6.25e-05,"Medium","Beta",2000
"BL296",0.1,10,0.000275141409581926,0.3327,0,"Prop_0.10",100,6.25e-05,"Medium","Beta",2000
"BL297",0.25,25,0.00026726252451038,0.2897,0,"Prop_0.25",100,6.25e-05,"Medium","Beta",2000
"BL298",0.5,50,0.000266583821762258,0.2402,0,"Prop_0.50",100,6.25e-05,"Medium","Beta",2000
"BL299",0.75,75,0.000272089962096325,0.1737,0,"Prop_0.75",100,6.25e-05,"Medium","Beta",2000
"BL300",0.9,90,0.000272161644204779,0.1403,0,"Prop_0.90",100,6.25e-05,"Medium","Beta",2000
"BL301",0.1,1,0.000796616353499669,0.49,0,"Prop_0.10",10,0.001,"Low","Beta",2000
"BL302",0.3,3,0.000797361581870606,0.372,0,"Prop_0.25",10,0.001,"Low","Beta",2000
"BL303",0.5,5,0.000823021243381252,0.264,0,"Prop_0.50",10,0.001,"Low","Beta",2000
"BL304",0.8,8,0.000741257237276991,0.105,0,"Prop_0.75",10,0.001,"Low","Beta",2000
"BL305",0.9,9,0.000850577315080543,0.066,0,"Prop_0.90",10,0.001,"Low","Beta",2000
"BL306",0.1,2,0.000824644667181638,0.499,0,"Prop_0.10",20,0.001,"Low","Beta",2000
"BL307",0.25,5,0.000832263556681346,0.406,0,"Prop_0.25",20,0.001,"Low","Beta",2000
"BL308",0.5,10,0.000797111177979954,0.2745,0,"Prop_0.50",20,0.001,"Low","Beta",2000
"BL309",0.75,15,0.000792015130755259,0.144,0,"Prop_0.75",20,0.001,"Low","Beta",2000
"BL310",0.9,18,0.00079011989030034,0.062,0,"Prop_0.90",20,0.001,"Low","Beta",2000
"BL311",0.1,3,0.000727760964045268,0.499666666666667,0,"Prop_0.10",30,0.001,"Low","Beta",2000
"BL312",0.266666666666667,8,0.000760772544511867,0.389,0,"Prop_0.25",30,0.001,"Low","Beta",2000
"BL313",0.5,15,0.000824700868185186,0.279,0,"Prop_0.50",30,0.001,"Low","Beta",2000
"BL314",0.766666666666667,23,0.000797025763382594,0.13,0,"Prop_0.75",30,0.001,"Low","Beta",2000
"BL315",0.9,27,0.000779026532245786,0.0566666666666667,0,"Prop_0.90",30,0.001,"Low","Beta",2000
"BL316",0.1,5,0.00077899568783349,0.487,0,"Prop_0.10",50,0.001,"Low","Beta",2000
"BL317",0.26,13,0.000790058222082401,0.4084,0,"Prop_0.25",50,0.001,"Low","Beta",2000
"BL318",0.5,25,0.000778458309088816,0.2742,0,"Prop_0.50",50,0.001,"Low","Beta",2000
"BL319",0.76,38,0.000796801358238553,0.1278,0,"Prop_0.75",50,0.001,"Low","Beta",2000
"BL320",0.9,45,0.000804724307307149,0.0604,0,"Prop_0.90",50,0.001,"Low","Beta",2000
"BL321",0.106666666666667,8,0.000778279227484546,0.4816,0,"Prop_0.10",75,0.001,"Low","Beta",2000
"BL322",0.253333333333333,19,0.00080212335444385,0.41,0,"Prop_0.25",75,0.001,"Low","Beta",2000
"BL323",0.506666666666667,38,0.000786769431546975,0.271333333333333,0,"Prop_0.50",75,0.001,"Low","Beta",2000
"BL324",0.746666666666667,56,0.000782900555907857,0.1428,0,"Prop_0.75",75,0.001,"Low","Beta",2000
"BL325",0.906666666666667,68,0.000795499415172615,0.054,0,"Prop_0.90",75,0.001,"Low","Beta",2000
"BL326",0.1,10,0.000787774984598773,0.4875,0,"Prop_0.10",100,0.001,"Low","Beta",2000
"BL327",0.25,25,0.000792645530790737,0.4061,0,"Prop_0.25",100,0.001,"Low","Beta",2000
"BL328",0.5,50,0.000792969180214776,0.2732,0,"Prop_0.50",100,0.001,"Low","Beta",2000
"BL329",0.75,75,0.000781801329997861,0.1419,0,"Prop_0.75",100,0.001,"Low","Beta",2000
"BL330",0.9,90,0.000791488179281671,0.0597,0,"Prop_0.90",100,0.001,"Low","Beta",2000
"BL331",0.1,1,0.000505017043509863,0.479,0,"Prop_0.10",10,5e-04,"Low","Beta",2000
"BL332",0.3,3,0.000472244323081258,0.414,0,"Prop_0.25",10,5e-04,"Low","Beta",2000
"BL333",0.5,5,0.000513727851833684,0.3,0,"Prop_0.50",10,5e-04,"Low","Beta",2000
"BL334",0.8,8,0.000514210176372829,0.154,0,"Prop_0.75",10,5e-04,"Low","Beta",2000
"BL335",0.9,9,0.000497587963666876,0.103,0,"Prop_0.90",10,5e-04,"Low","Beta",2000
"BL336",0.1,2,0.000485956666351214,0.4925,0,"Prop_0.10",20,5e-04,"Low","Beta",2000
"BL337",0.25,5,0.000491427588700526,0.415,0,"Prop_0.25",20,5e-04,"Low","Beta",2000
"BL338",0.5,10,0.000474072120440331,0.297,0,"Prop_0.50",20,5e-04,"Low","Beta",2000
"BL339",0.75,15,0.000485020287019267,0.1575,0,"Prop_0.75",20,5e-04,"Low","Beta",2000
"BL340",0.9,18,0.0005100813959914,0.094,0,"Prop_0.90",20,5e-04,"Low","Beta",2000
"BL341",0.1,3,0.000505367386801952,0.508333333333333,0,"Prop_0.10",30,5e-04,"Low","Beta",2000
"BL342",0.266666666666667,8,0.000508887346525677,0.412666666666667,0,"Prop_0.25",30,5e-04,"Low","Beta",2000
"BL343",0.5,15,0.000502258223717792,0.285666666666667,0,"Prop_0.50",30,5e-04,"Low","Beta",2000
"BL344",0.766666666666667,23,0.000497153199159809,0.161666666666667,0,"Prop_0.75",30,5e-04,"Low","Beta",2000
"BL345",0.9,27,0.000488050659795386,0.0943333333333333,0,"Prop_0.90",30,5e-04,"Low","Beta",2000
"BL346",0.1,5,0.000476196551874971,0.5048,0,"Prop_0.10",50,5e-04,"Low","Beta",2000
"BL347",0.26,13,0.000493247714138066,0.4166,0,"Prop_0.25",50,5e-04,"Low","Beta",2000
"BL348",0.5,25,0.000487539187280985,0.3008,0,"Prop_0.50",50,5e-04,"Low","Beta",2000
"BL349",0.76,38,0.000490775859620175,0.1598,0,"Prop_0.75",50,5e-04,"Low","Beta",2000
"BL350",0.9,45,0.000476182617318328,0.0968,0,"Prop_0.90",50,5e-04,"Low","Beta",2000
"BL351",0.106666666666667,8,0.000467489735670727,0.499866666666667,0,"Prop_0.10",75,5e-04,"Low","Beta",2000
"BL352",0.253333333333333,19,0.000470415534245055,0.4152,0,"Prop_0.25",75,5e-04,"Low","Beta",2000
"BL353",0.506666666666667,38,0.000488793610852099,0.287333333333333,0,"Prop_0.50",75,5e-04,"Low","Beta",2000
"BL354",0.746666666666667,56,0.000505486794391642,0.177333333333333,0,"Prop_0.75",75,5e-04,"Low","Beta",2000
"BL355",0.906666666666667,68,0.000503424881336459,0.0888,0,"Prop_0.90",75,5e-04,"Low","Beta",2000
"BL356",0.1,10,0.000505035459967018,0.4954,0,"Prop_0.10",100,5e-04,"Low","Beta",2000
"BL357",0.25,25,0.00049677176474647,0.4141,0,"Prop_0.25",100,5e-04,"Low","Beta",2000
"BL358",0.5,50,0.000481010173172049,0.2902,0,"Prop_0.50",100,5e-04,"Low","Beta",2000
"BL359",0.75,75,0.000495042665363672,0.1679,0,"Prop_0.75",100,5e-04,"Low","Beta",2000
"BL360",0.9,90,0.000496402816935448,0.0876,0,"Prop_0.90",100,5e-04,"Low","Beta",2000
"BL361",0.1,1,0.000284818309602671,0.525,0,"Prop_0.10",10,0.00025,"Low","Beta",2000
"BL362",0.3,3,0.000342801236219397,0.443,0,"Prop_0.25",10,0.00025,"Low","Beta",2000
"BL363",0.5,5,0.000367150534230054,0.336,0,"Prop_0.50",10,0.00025,"Low","Beta",2000
"BL364",0.8,8,0.000373478321947729,0.188,0,"Prop_0.75",10,0.00025,"Low","Beta",2000
"BL365",0.9,9,0.000351364164522903,0.165,0,"Prop_0.90",10,0.00025,"Low","Beta",2000
"BL366",0.1,2,0.000378283032516096,0.5135,0,"Prop_0.10",20,0.00025,"Low","Beta",2000
"BL367",0.25,5,0.000356688430910176,0.4435,0,"Prop_0.25",20,0.00025,"Low","Beta",2000
"BL368",0.5,10,0.000359257246991153,0.3465,0,"Prop_0.50",20,0.00025,"Low","Beta",2000
"BL369",0.75,15,0.000341643639894572,0.2385,0,"Prop_0.75",20,0.00025,"Low","Beta",2000
"BL370",0.9,18,0.000357400832051049,0.1595,0,"Prop_0.90",20,0.00025,"Low","Beta",2000
"BL371",0.1,3,0.000354157215717023,0.483,0,"Prop_0.10",30,0.00025,"Low","Beta",2000
"BL372",0.266666666666667,8,0.000358784833541254,0.423,0,"Prop_0.25",30,0.00025,"Low","Beta",2000
"BL373",0.5,15,0.000353310465523896,0.329333333333333,0,"Prop_0.50",30,0.00025,"Low","Beta",2000
"BL374",0.766666666666667,23,0.000377055536531686,0.218666666666667,0,"Prop_0.75",30,0.00025,"Low","Beta",2000
"BL375",0.9,27,0.000371669445433575,0.169333333333333,0,"Prop_0.90",30,0.00025,"Low","Beta",2000
"BL376",0.1,5,0.00035581788030928,0.509,0,"Prop_0.10",50,0.00025,"Low","Beta",2000
"BL377",0.26,13,0.000363421171629125,0.4338,0,"Prop_0.25",50,0.00025,"Low","Beta",2000
"BL378",0.5,25,0.000356374792713605,0.3322,0,"Prop_0.50",50,0.00025,"Low","Beta",2000
"BL379",0.76,38,0.000354763271515751,0.2248,0,"Prop_0.75",50,0.00025,"Low","Beta",2000
"BL380",0.9,45,0.000359647829397693,0.1632,0,"Prop_0.90",50,0.00025,"Low","Beta",2000
"BL381",0.106666666666667,8,0.000359235146547285,0.508933333333333,0,"Prop_0.10",75,0.00025,"Low","Beta",2000
"BL382",0.253333333333333,19,0.000352591790307818,0.4344,0,"Prop_0.25",75,0.00025,"Low","Beta",2000
"BL383",0.506666666666667,38,0.000357204573152973,0.334266666666667,0.01,"Prop_0.50",75,0.00025,"Low","Beta",2000
"BL384",0.746666666666667,56,0.000354280797390693,0.226266666666667,0,"Prop_0.75",75,0.00025,"Low","Beta",2000
"BL385",0.906666666666667,68,0.000359552131945959,0.1684,0,"Prop_0.90",75,0.00025,"Low","Beta",2000
"BL386",0.1,10,0.000353697156291527,0.5118,0,"Prop_0.10",100,0.00025,"Low","Beta",2000
"BL387",0.25,25,0.000360500821576462,0.4391,0,"Prop_0.25",100,0.00025,"Low","Beta",2000
"BL388",0.5,50,0.000365577204795809,0.3353,0,"Prop_0.50",100,0.00025,"Low","Beta",2000
"BL389",0.75,75,0.000367564589610004,0.2292,0,"Prop_0.75",100,0.00025,"Low","Beta",2000
"BL390",0.9,90,0.000359136138177697,0.1657,0.02,"Prop_0.90",100,0.00025,"Low","Beta",2000
"BL391",0.1,1,0.000287753729916921,0.508,0,"Prop_0.10",10,0.000125,"Low","Beta",2000
"BL392",0.3,3,0.00032042738474501,0.434,0,"Prop_0.25",10,0.000125,"Low","Beta",2000
"BL393",0.5,5,0.000283344724371413,0.379,0,"Prop_0.50",10,0.000125,"Low","Beta",2000
"BL394",0.8,8,0.000299839081346775,0.28,0,"Prop_0.75",10,0.000125,"Low","Beta",2000
"BL395",0.9,9,0.00030450508392521,0.228,0,"Prop_0.90",10,0.000125,"Low","Beta",2000
"BL396",0.1,2,0.000294313884047671,0.509,0,"Prop_0.10",20,0.000125,"Low","Beta",2000
"BL397",0.25,5,0.000296578833289387,0.4725,0,"Prop_0.25",20,0.000125,"Low","Beta",2000
"BL398",0.5,10,0.000300815273611984,0.3815,0,"Prop_0.50",20,0.000125,"Low","Beta",2000
"BL399",0.75,15,0.00029596997023641,0.291,0,"Prop_0.75",20,0.000125,"Low","Beta",2000
"BL400",0.9,18,0.000307013264542406,0.2405,0,"Prop_0.90",20,0.000125,"Low","Beta",2000
"BL401",0.1,3,0.000301125122663193,0.509,0,"Prop_0.10",30,0.000125,"Low","Beta",2000
"BL402",0.266666666666667,8,0.000290957467028571,0.463666666666667,0,"Prop_0.25",30,0.000125,"Low","Beta",2000
"BL403",0.5,15,0.000291802869458279,0.385666666666667,0,"Prop_0.50",30,0.000125,"Low","Beta",2000
"BL404",0.766666666666667,23,0.000299867654913538,0.285,0,"Prop_0.75",30,0.000125,"Low","Beta",2000
"BL405",0.9,27,0.000301977981425237,0.248333333333333,0,"Prop_0.90",30,0.000125,"Low","Beta",2000
"BL406",0.1,5,0.000298066205989558,0.51,0,"Prop_0.10",50,0.000125,"Low","Beta",2000
"BL407",0.26,13,0.000298809085355989,0.4616,0,"Prop_0.25",50,0.000125,"Low","Beta",2000
"BL408",0.5,25,0.000295208136775998,0.3806,0,"Prop_0.50",50,0.000125,"Low","Beta",2000
"BL409",0.76,38,0.0002953409971416,0.2946,0,"Prop_0.75",50,0.000125,"Low","Beta",2000
"BL410",0.9,45,0.000312051739184026,0.2488,0,"Prop_0.90",50,0.000125,"Low","Beta",2000
"BL411",0.106666666666667,8,0.000283904377348271,0.505733333333333,0,"Prop_0.10",75,0.000125,"Low","Beta",2000
"BL412",0.253333333333333,19,0.000288322966501483,0.4604,0,"Prop_0.25",75,0.000125,"Low","Beta",2000
"BL413",0.506666666666667,38,0.000293807273079446,0.3644,0,"Prop_0.50",75,0.000125,"Low","Beta",2000
"BL414",0.746666666666667,56,0.000299120959922281,0.2944,0,"Prop_0.75",75,0.000125,"Low","Beta",2000
"BL415",0.906666666666667,68,0.000295310610208818,0.235333333333333,0,"Prop_0.90",75,0.000125,"Low","Beta",2000
"BL416",0.1,10,0.00030737958289256,0.5202,0,"Prop_0.10",100,0.000125,"Low","Beta",2000
"BL417",0.25,25,0.000306706605265359,0.4553,0,"Prop_0.25",100,0.000125,"Low","Beta",2000
"BL418",0.5,50,0.00028978998976647,0.3832,0,"Prop_0.50",100,0.000125,"Low","Beta",2000
"BL419",0.75,75,0.000295997633736612,0.2922,0,"Prop_0.75",100,0.000125,"Low","Beta",2000
"BL420",0.9,90,0.000294889754562074,0.239,0,"Prop_0.90",100,0.000125,"Low","Beta",2000
"BL421",0.1,1,0.000274830810061295,0.503,0,"Prop_0.10",10,6.25e-05,"Low","Beta",2000
"BL422",0.3,3,0.00027397226631936,0.446,0,"Prop_0.25",10,6.25e-05,"Low","Beta",2000
"BL423",0.5,5,0.000249247207405763,0.4,0,"Prop_0.50",10,6.25e-05,"Low","Beta",2000
"BL424",0.8,8,0.000278610717857801,0.35,0,"Prop_0.75",10,6.25e-05,"Low","Beta",2000
"BL425",0.9,9,0.0002540065624787,0.287,0,"Prop_0.90",10,6.25e-05,"Low","Beta",2000
"BL426",0.1,2,0.000257281538044315,0.5125,0,"Prop_0.10",20,6.25e-05,"Low","Beta",2000
"BL427",0.25,5,0.00027327156256941,0.4875,0,"Prop_0.25",20,6.25e-05,"Low","Beta",2000
"BL428",0.5,10,0.000251293346626774,0.4145,0,"Prop_0.50",20,6.25e-05,"Low","Beta",2000
"BL429",0.75,15,0.000254929884107517,0.3405,0,"Prop_0.75",20,6.25e-05,"Low","Beta",2000
"BL430",0.9,18,0.000280848399639999,0.297,0,"Prop_0.90",20,6.25e-05,"Low","Beta",2000
"BL431",0.1,3,0.000256034376707969,0.513333333333333,0,"Prop_0.10",30,6.25e-05,"Low","Beta",2000
"BL432",0.266666666666667,8,0.000263701254752973,0.471,0,"Prop_0.25",30,6.25e-05,"Low","Beta",2000
"BL433",0.5,15,0.000263073625159881,0.397,0,"Prop_0.50",30,6.25e-05,"Low","Beta",2000
"BL434",0.766666666666667,23,0.000262871729716777,0.326666666666667,0,"Prop_0.75",30,6.25e-05,"Low","Beta",2000
"BL435",0.9,27,0.000259380361426678,0.303,0,"Prop_0.90",30,6.25e-05,"Low","Beta",2000
"BL436",0.1,5,0.000268073456152377,0.5218,0,"Prop_0.10",50,6.25e-05,"Low","Beta",2000
"BL437",0.26,13,0.000258474458420002,0.4794,0,"Prop_0.25",50,6.25e-05,"Low","Beta",2000
"BL438",0.5,25,0.000275461218466776,0.3962,0,"Prop_0.50",50,6.25e-05,"Low","Beta",2000
"BL439",0.76,38,0.000267235595022961,0.3296,0,"Prop_0.75",50,6.25e-05,"Low","Beta",2000
"BL440",0.9,45,0.000269237697696364,0.2988,0,"Prop_0.90",50,6.25e-05,"Low","Beta",2000
"BL441",0.106666666666667,8,0.000278750345228447,0.511733333333333,0,"Prop_0.10",75,6.25e-05,"Low","Beta",2000
"BL442",0.253333333333333,19,0.000277697408808852,0.466266666666667,0,"Prop_0.25",75,6.25e-05,"Low","Beta",2000
"BL443",0.506666666666667,38,0.000268660968953206,0.4092,0,"Prop_0.50",75,6.25e-05,"Low","Beta",2000
"BL444",0.746666666666667,56,0.000258186697733877,0.335733333333333,0,"Prop_0.75",75,6.25e-05,"Low","Beta",2000
"BL445",0.906666666666667,68,0.000264728115507952,0.296,0,"Prop_0.90",75,6.25e-05,"Low","Beta",2000
"BL446",0.1,10,0.000262600846605113,0.51,0,"Prop_0.10",100,6.25e-05,"Low","Beta",2000
"BL447",0.25,25,0.000271499819251178,0.471,0,"Prop_0.25",100,6.25e-05,"Low","Beta",2000
"BL448",0.5,50,0.000266199882866739,0.402,0,"Prop_0.50",100,6.25e-05,"Low","Beta",2000
"BL449",0.75,75,0.000273113480778669,0.3423,0,"Prop_0.75",100,6.25e-05,"Low","Beta",2000
"BL450",0.9,90,0.000267294230887643,0.2949,0,"Prop_0.90",100,6.25e-05,"Low","Beta",2000
"BL451",0,0,NA,0.274,0,"Prop_0.00",10,0,"High","Beta",2000
"BL452",0,0,NA,0.3045,0,"Prop_0.00",20,0,"High","Beta",2000
"BL453",0,0,NA,0.289666666666667,0,"Prop_0.00",30,0,"High","Beta",2000
"BL454",0,0,NA,0.2916,0,"Prop_0.00",50,0,"High","Beta",2000
"BL455",0,0,NA,0.3036,0,"Prop_0.00",75,0,"High","Beta",2000
"BL456",0,0,NA,0.2915,0,"Prop_0.00",100,0,"High","Beta",2000
"BL457",0,0,NA,0.373,0,"Prop_0.00",10,0,"Medium","Beta",2000
"BL458",0,0,NA,0.3615,0,"Prop_0.00",20,0,"Medium","Beta",2000
"BL459",0,0,NA,0.344333333333333,0,"Prop_0.00",30,0,"Medium","Beta",2000
"BL460",0,0,NA,0.3664,0,"Prop_0.00",50,0,"Medium","Beta",2000
"BL461",0,0,NA,0.3572,0,"Prop_0.00",75,0,"Medium","Beta",2000
"BL462",0,0,NA,0.3555,0,"Prop_0.00",100,0,"Medium","Beta",2000
"BL463",0,0,NA,0.564,0,"Prop_0.00",10,0,"Low","Beta",2000
"BL464",0,0,NA,0.5495,0,"Prop_0.00",20,0,"Low","Beta",2000
"BL465",0,0,NA,0.545,0,"Prop_0.00",30,0,"Low","Beta",2000
"BL466",0,0,NA,0.538,0,"Prop_0.00",50,0,"Low","Beta",2000
"BL467",0,0,NA,0.543066666666667,0,"Prop_0.00",75,0,"Low","Beta",2000
"BL468",0,0,NA,0.5476,0,"Prop_0.00",100,0,"Low","Beta",2000
