"Res_prop","Effect","Cell_range","TPR_DiD (BH)","TPR_MIMOSA2","FDR_DiD (BH)","FDR_MIMOSA2","AUC_DiD (BH)","AUC_MIMOSA2","Fail_DiD (BH)","Fail_MIMOSA2"
"Prop_0.10","1.0e-03","High","0.764 (0.013)","0.802 (0.014)","0.002 (0.002)","0.006 (0.003)","0.940 (0.006)","0.942 (0.006)","0.0%","0.0%"
"Prop_0.10","1.0e-03","Medium","0.660 (0.016)","0.688 (0.019)","0.008 (0.005)","0.006 (0.004)","0.923 (0.008)","0.927 (0.008)","0.0%","0.0%"
"Prop_0.10","1.0e-03","Low","0.312 (0.019)","0.396 (0.019)","0.000 (0.000)","0.007 (0.005)","0.876 (0.010)","0.881 (0.011)","0.0%","0.0%"
"Prop_0.10","5.0e-04","High","0.696 (0.018)","0.730 (0.018)","0.004 (0.003)","0.004 (0.003)","0.936 (0.007)","0.942 (0.008)","0.0%","0.0%"
"Prop_0.10","5.0e-04","Medium","0.574 (0.020)","0.570 (0.021)","0.002 (0.002)","0.008 (0.006)","0.905 (0.008)","0.902 (0.009)","0.0%","0.0%"
"Prop_0.10","5.0e-04","Low","0.132 (0.015)","0.210 (0.019)","0.000 (0.000)","0.010 (0.010)","0.857 (0.009)","0.861 (0.009)","0.0%","0.0%"
"Prop_0.10","2.5e-04","High","0.626 (0.019)","0.656 (0.020)","0.008 (0.005)","0.005 (0.004)","0.932 (0.007)","0.926 (0.008)","0.0%","0.0%"
"Prop_0.10","2.5e-04","Medium","0.486 (0.020)","0.508 (0.020)","0.002 (0.002)","0.002 (0.002)","0.897 (0.009)","0.897 (0.010)","0.0%","0.0%"
"Prop_0.10","2.5e-04","Low","0.086 (0.013)","0.144 (0.015)","0.000 (0.000)","0.013 (0.011)","0.800 (0.012)","0.792 (0.013)","0.0%","0.0%"
"Prop_0.10","1.2e-04","High","0.596 (0.021)","0.568 (0.023)","0.002 (0.002)","0.007 (0.004)","0.925 (0.008)","0.911 (0.009)","0.0%","0.0%"
"Prop_0.10","1.2e-04","Medium","0.450 (0.024)","0.444 (0.023)","0.000 (0.000)","0.006 (0.004)","0.893 (0.009)","0.877 (0.010)","0.0%","0.0%"
"Prop_0.10","1.2e-04","Low","0.076 (0.012)","0.110 (0.013)","0.000 (0.000)","0.005 (0.005)","0.798 (0.012)","0.766 (0.013)","0.0%","0.0%"
"Prop_0.10","6.2e-05","High","0.538 (0.021)","0.504 (0.021)","0.004 (0.003)","0.011 (0.006)","0.908 (0.008)","0.891 (0.009)","0.0%","0.0%"
"Prop_0.10","6.2e-05","Medium","0.408 (0.021)","0.392 (0.021)","0.000 (0.000)","0.002 (0.002)","0.895 (0.009)","0.876 (0.011)","0.0%","0.0%"
"Prop_0.10","6.2e-05","Low","0.044 (0.010)","0.104 (0.015)","0.000 (0.000)","0.000 (0.000)","0.790 (0.011)","0.768 (0.013)","0.0%","0.0%"
"Prop_0.25","1.0e-03","High","0.760 (0.007)","0.849 (0.009)","0.006 (0.002)","0.006 (0.002)","0.942 (0.004)","0.955 (0.004)","0.0%","0.0%"
"Prop_0.25","1.0e-03","Medium","0.692 (0.009)","0.769 (0.011)","0.004 (0.002)","0.006 (0.002)","0.931 (0.004)","0.948 (0.004)","0.0%","0.0%"
"Prop_0.25","1.0e-03","Low","0.351 (0.015)","0.442 (0.015)","0.002 (0.002)","0.006 (0.003)","0.882 (0.005)","0.903 (0.006)","0.0%","0.0%"
"Prop_0.25","5.0e-04","High","0.708 (0.012)","0.762 (0.011)","0.005 (0.003)","0.011 (0.004)","0.935 (0.004)","0.942 (0.005)","0.0%","0.0%"
"Prop_0.25","5.0e-04","Medium","0.602 (0.012)","0.659 (0.013)","0.004 (0.002)","0.005 (0.002)","0.923 (0.004)","0.931 (0.005)","0.0%","0.0%"
"Prop_0.25","5.0e-04","Low","0.199 (0.013)","0.258 (0.014)","0.005 (0.003)","0.010 (0.005)","0.850 (0.007)","0.861 (0.007)","0.0%","0.0%"
"Prop_0.25","2.5e-04","High","0.618 (0.010)","0.653 (0.011)","0.002 (0.002)","0.006 (0.003)","0.926 (0.004)","0.928 (0.005)","0.0%","0.0%"
"Prop_0.25","2.5e-04","Medium","0.530 (0.014)","0.532 (0.017)","0.001 (0.001)","0.006 (0.003)","0.911 (0.005)","0.910 (0.006)","0.0%","0.0%"
"Prop_0.25","2.5e-04","Low","0.108 (0.009)","0.151 (0.010)","0.000 (0.000)","0.010 (0.005)","0.826 (0.007)","0.822 (0.007)","0.0%","0.0%"
"Prop_0.25","1.2e-04","High","0.584 (0.014)","0.585 (0.013)","0.005 (0.002)","0.009 (0.003)","0.918 (0.005)","0.911 (0.005)","0.0%","0.0%"
"Prop_0.25","1.2e-04","Medium","0.445 (0.016)","0.445 (0.016)","0.000 (0.000)","0.003 (0.002)","0.889 (0.005)","0.882 (0.006)","0.0%","0.0%"
"Prop_0.25","1.2e-04","Low","0.074 (0.008)","0.112 (0.008)","0.000 (0.000)","0.017 (0.011)","0.815 (0.008)","0.797 (0.008)","0.0%","0.0%"
"Prop_0.25","6.2e-05","High","0.555 (0.015)","0.532 (0.014)","0.007 (0.003)","0.002 (0.002)","0.916 (0.005)","0.905 (0.006)","0.0%","0.0%"
"Prop_0.25","6.2e-05","Medium","0.406 (0.017)","0.380 (0.015)","0.003 (0.002)","0.006 (0.003)","0.891 (0.006)","0.872 (0.007)","0.0%","0.0%"
"Prop_0.25","6.2e-05","Low","0.062 (0.007)","0.093 (0.008)","0.000 (0.000)","0.003 (0.003)","0.789 (0.008)","0.764 (0.009)","0.0%","0.0%"
"Prop_0.50","1.0e-03","High","0.755 (0.007)","0.842 (0.007)","0.002 (0.001)","0.004 (0.001)","0.937 (0.003)","0.948 (0.003)","0.0%","0.0%"
"Prop_0.50","1.0e-03","Medium","0.695 (0.006)","0.793 (0.007)","0.003 (0.001)","0.005 (0.001)","0.919 (0.004)","0.937 (0.004)","0.0%","0.0%"
"Prop_0.50","1.0e-03","Low","0.394 (0.011)","0.534 (0.010)","0.001 (0.001)","0.008 (0.002)","0.870 (0.004)","0.899 (0.004)","0.0%","0.0%"
"Prop_0.50","5.0e-04","High","0.716 (0.007)","0.786 (0.007)","0.003 (0.001)","0.003 (0.001)","0.934 (0.003)","0.945 (0.003)","0.0%","0.0%"
"Prop_0.50","5.0e-04","Medium","0.608 (0.008)","0.688 (0.009)","0.003 (0.001)","0.003 (0.001)","0.921 (0.003)","0.930 (0.004)","0.0%","0.0%"
"Prop_0.50","5.0e-04","Low","0.212 (0.009)","0.317 (0.011)","0.001 (0.001)","0.006 (0.003)","0.841 (0.006)","0.856 (0.005)","0.0%","0.0%"
"Prop_0.50","2.5e-04","High","0.660 (0.008)","0.692 (0.009)","0.003 (0.002)","0.002 (0.001)","0.934 (0.004)","0.937 (0.004)","0.0%","0.0%"
"Prop_0.50","2.5e-04","Medium","0.524 (0.010)","0.561 (0.011)","0.007 (0.002)","0.008 (0.002)","0.902 (0.004)","0.898 (0.005)","0.0%","0.0%"
"Prop_0.50","2.5e-04","Low","0.117 (0.008)","0.200 (0.010)","0.000 (0.000)","0.010 (0.005)","0.823 (0.006)","0.822 (0.006)","0.0%","0.0%"
"Prop_0.50","1.2e-04","High","0.607 (0.010)","0.612 (0.010)","0.006 (0.002)","0.002 (0.001)","0.921 (0.004)","0.916 (0.004)","0.0%","0.0%"
"Prop_0.50","1.2e-04","Medium","0.492 (0.010)","0.484 (0.011)","0.002 (0.001)","0.007 (0.002)","0.889 (0.005)","0.877 (0.005)","0.0%","0.0%"
"Prop_0.50","1.2e-04","Low","0.088 (0.007)","0.140 (0.009)","0.001 (0.001)","0.010 (0.004)","0.798 (0.006)","0.783 (0.007)","0.0%","0.0%"
"Prop_0.50","6.2e-05","High","0.603 (0.009)","0.560 (0.010)","0.003 (0.001)","0.005 (0.002)","0.914 (0.003)","0.899 (0.004)","0.0%","0.0%"
"Prop_0.50","6.2e-05","Medium","0.435 (0.011)","0.418 (0.011)","0.004 (0.002)","0.004 (0.002)","0.881 (0.005)","0.862 (0.005)","0.0%","0.0%"
"Prop_0.50","6.2e-05","Low","0.081 (0.008)","0.119 (0.009)","0.000 (0.000)","0.008 (0.006)","0.797 (0.006)","0.767 (0.006)","0.0%","0.0%"
"Prop_0.75","1.0e-03","High","0.753 (0.005)","0.852 (0.005)","0.001 (0.001)","0.003 (0.001)","0.932 (0.002)","0.946 (0.003)","0.0%","0.0%"
"Prop_0.75","1.0e-03","Medium","0.707 (0.006)","0.802 (0.006)","0.000 (0.000)","0.003 (0.001)","0.922 (0.003)","0.940 (0.003)","0.0%","0.0%"
"Prop_0.75","1.0e-03","Low","0.420 (0.009)","0.549 (0.009)","0.000 (0.000)","0.002 (0.001)","0.874 (0.004)","0.905 (0.004)","0.0%","0.0%"
"Prop_0.75","5.0e-04","High","0.716 (0.007)","0.794 (0.007)","0.002 (0.001)","0.003 (0.001)","0.935 (0.003)","0.945 (0.003)","0.0%","0.0%"
"Prop_0.75","5.0e-04","Medium","0.630 (0.007)","0.709 (0.008)","0.000 (0.000)","0.003 (0.001)","0.918 (0.004)","0.930 (0.003)","0.0%","0.0%"
"Prop_0.75","5.0e-04","Low","0.242 (0.009)","0.363 (0.008)","0.000 (0.000)","0.000 (0.000)","0.852 (0.005)","0.866 (0.004)","0.0%","0.0%"
"Prop_0.75","2.5e-04","High","0.671 (0.007)","0.702 (0.007)","0.002 (0.001)","0.002 (0.001)","0.927 (0.003)","0.929 (0.003)","0.0%","0.0%"
"Prop_0.75","2.5e-04","Medium","0.548 (0.008)","0.594 (0.009)","0.001 (0.001)","0.002 (0.001)","0.916 (0.004)","0.915 (0.004)","0.0%","0.0%"
"Prop_0.75","2.5e-04","Low","0.140 (0.007)","0.248 (0.010)","0.000 (0.000)","0.013 (0.003)","0.818 (0.006)","0.811 (0.006)","0.0%","0.0%"
"Prop_0.75","1.2e-04","High","0.621 (0.008)","0.619 (0.007)","0.000 (0.000)","0.003 (0.001)","0.916 (0.004)","0.905 (0.004)","0.0%","0.0%"
"Prop_0.75","1.2e-04","Medium","0.486 (0.008)","0.489 (0.009)","0.002 (0.001)","0.005 (0.002)","0.894 (0.004)","0.881 (0.004)","0.0%","0.0%"
"Prop_0.75","1.2e-04","Low","0.090 (0.006)","0.165 (0.007)","0.002 (0.002)","0.004 (0.002)","0.801 (0.006)","0.778 (0.007)","0.0%","0.0%"
"Prop_0.75","6.2e-05","High","0.598 (0.008)","0.572 (0.008)","0.001 (0.001)","0.000 (0.000)","0.919 (0.003)","0.906 (0.003)","0.0%","0.0%"
"Prop_0.75","6.2e-05","Medium","0.473 (0.009)","0.446 (0.010)","0.000 (0.000)","0.001 (0.001)","0.889 (0.006)","0.868 (0.006)","0.0%","0.0%"
"Prop_0.75","6.2e-05","Low","0.084 (0.006)","0.139 (0.007)","0.000 (0.000)","0.009 (0.003)","0.795 (0.005)","0.763 (0.006)","0.0%","0.0%"
"Prop_0.90","1.0e-03","High","0.766 (0.004)","0.863 (0.005)","0.001 (0.000)","0.001 (0.000)","0.942 (0.003)","0.954 (0.003)","0.0%","0.0%"
"Prop_0.90","1.0e-03","Medium","0.709 (0.005)","0.819 (0.006)","0.000 (0.000)","0.000 (0.000)","0.927 (0.003)","0.947 (0.003)","0.0%","0.0%"
"Prop_0.90","1.0e-03","Low","0.447 (0.008)","0.575 (0.008)","0.001 (0.001)","0.001 (0.001)","0.882 (0.005)","0.908 (0.004)","0.0%","0.0%"
"Prop_0.90","5.0e-04","High","0.732 (0.006)","0.803 (0.006)","0.000 (0.000)","0.001 (0.000)","0.934 (0.003)","0.945 (0.003)","0.0%","0.0%"
"Prop_0.90","5.0e-04","Medium","0.631 (0.006)","0.716 (0.007)","0.000 (0.000)","0.001 (0.001)","0.918 (0.005)","0.929 (0.004)","0.0%","0.0%"
"Prop_0.90","5.0e-04","Low","0.244 (0.007)","0.372 (0.008)","0.000 (0.000)","0.003 (0.001)","0.849 (0.007)","0.855 (0.006)","0.0%","0.0%"
"Prop_0.90","2.5e-04","High","0.672 (0.007)","0.707 (0.006)","0.001 (0.001)","0.000 (0.000)","0.922 (0.004)","0.921 (0.003)","0.0%","0.0%"
"Prop_0.90","2.5e-04","Medium","0.544 (0.008)","0.583 (0.008)","0.001 (0.000)","0.002 (0.001)","0.897 (0.005)","0.900 (0.005)","0.0%","0.0%"
"Prop_0.90","2.5e-04","Low","0.142 (0.007)","0.245 (0.008)","0.000 (0.000)","0.004 (0.002)","0.832 (0.007)","0.821 (0.008)","0.0%","0.0%"
"Prop_0.90","1.2e-04","High","0.634 (0.007)","0.624 (0.008)","0.000 (0.000)","0.000 (0.000)","0.923 (0.004)","0.913 (0.004)","0.0%","0.0%"
"Prop_0.90","1.2e-04","Medium","0.497 (0.008)","0.488 (0.009)","0.000 (0.000)","0.000 (0.000)","0.891 (0.005)","0.877 (0.005)","0.0%","0.0%"
"Prop_0.90","1.2e-04","Low","0.108 (0.006)","0.183 (0.007)","0.000 (0.000)","0.005 (0.002)","0.792 (0.009)","0.766 (0.009)","0.0%","0.0%"
"Prop_0.90","6.2e-05","High","0.598 (0.007)","0.576 (0.007)","0.000 (0.000)","0.002 (0.001)","0.912 (0.004)","0.892 (0.005)","0.0%","0.0%"
"Prop_0.90","6.2e-05","Medium","0.462 (0.008)","0.434 (0.007)","0.001 (0.001)","0.001 (0.001)","0.884 (0.006)","0.850 (0.007)","0.0%","0.0%"
"Prop_0.90","6.2e-05","Low","0.092 (0.006)","0.152 (0.007)","0.000 (0.000)","0.002 (0.002)","0.798 (0.008)","0.774 (0.008)","0.0%","0.0%"
