"Scenario_ID","n_pairs","dAUC_mean","dAUC_sd","dAUC_mcse","corr_AUC","Comparison","lower","upper","Res_prop","P","Effect","Cell_range","Distribution","Phi","Res_lab","P_lab"
"BL001",99,-0.0101010101010101,0.100503781525921,0.0101010101010101,0.846657982782683,"MIMOSA2 - DiD",-0.0298989898989899,0.0096969696969697,"Prop_0.10",10,0.001,"High","Beta",2000,"10% responders","P = 10"
"BL002",100,0.0183333333333333,0.0570159525576565,0.00570159525576565,0.78283673747495,"MIMOSA2 - DiD",0.00715820663203266,0.029508460034634,"Prop_0.25",10,0.001,"High","Beta",2000,"25% responders","P = 10"
"BL003",100,0.0162,0.0443762608300038,0.00443762608300038,0.817525934021256,"MIMOSA2 - DiD",0.00750225287731926,0.0248977471226807,"Prop_0.50",10,0.001,"High","Beta",2000,"50% responders","P = 10"
"BL004",100,0.0225,0.0480605547116543,0.00480605547116543,0.722632494819664,"MIMOSA2 - DiD",0.0130801312765157,0.0319198687234842,"Prop_0.75",10,0.001,"High","Beta",2000,"75% responders","P = 10"
"BL005",100,0.0188888888888889,0.0698367147639305,0.00698367147639305,0.736272573123213,"MIMOSA2 - DiD",0.00520089279515852,0.0325768849826193,"Prop_0.90",10,0.001,"High","Beta",2000,"90% responders","P = 10"
"BL006",100,0.00111111111111112,0.0575430135098171,0.00575430135098171,0.911658336756792,"MIMOSA2 - DiD",-0.010167319536813,0.0123895417590353,"Prop_0.10",20,0.001,"High","Beta",2000,"10% responders","P = 20"
"BL007",100,0.0177333333333333,0.0410000684349707,0.00410000684349707,0.799030276906004,"MIMOSA2 - DiD",0.00969731992007908,0.0257693467465876,"Prop_0.25",20,0.001,"High","Beta",2000,"25% responders","P = 20"
"BL008",100,0.01045,0.0224968572440371,0.00224968572440371,0.89645240675145,"MIMOSA2 - DiD",0.00604061598016873,0.0148593840198313,"Prop_0.50",20,0.001,"High","Beta",2000,"50% responders","P = 20"
"BL009",100,0.013,0.0293800515631627,0.00293800515631627,0.86974057115895,"MIMOSA2 - DiD",0.00724150989362011,0.0187584901063799,"Prop_0.75",20,0.001,"High","Beta",2000,"75% responders","P = 20"
"BL010",100,0.0183333333333333,0.0487514008994824,0.00487514008994824,0.725275355769141,"MIMOSA2 - DiD",0.00877805875703479,0.0278886079096319,"Prop_0.90",20,0.001,"High","Beta",2000,"90% responders","P = 20"
"BL011",100,0.00561728395061729,0.0366305057192374,0.00366305057192374,0.897060490451456,"MIMOSA2 - DiD",-0.00156229517035324,0.0127968630715878,"Prop_0.10",30,0.001,"High","Beta",2000,"10% responders","P = 30"
"BL012",100,0.0143181818181818,0.0301896121294105,0.00301896121294105,0.814059079127453,"MIMOSA2 - DiD",0.00840101784081736,0.0202353457955463,"Prop_0.25",30,0.001,"High","Beta",2000,"25% responders","P = 30"
"BL013",100,0.0100222222222222,0.0242024445868707,0.00242024445868707,0.806473269811081,"MIMOSA2 - DiD",0.00527854308319557,0.0147659013612489,"Prop_0.50",30,0.001,"High","Beta",2000,"50% responders","P = 30"
"BL014",100,0.0156521739130435,0.0254870233030995,0.00254870233030995,0.74904402647692,"MIMOSA2 - DiD",0.010656717345636,0.020647630480451,"Prop_0.75",30,0.001,"High","Beta",2000,"75% responders","P = 30"
"BL015",100,0.0153086419753086,0.028919664748861,0.0028919664748861,0.759108835199665,"MIMOSA2 - DiD",0.00964038768453188,0.0209768962660854,"Prop_0.90",30,0.001,"High","Beta",2000,"90% responders","P = 30"
"BL016",100,0.00226666666666667,0.0321021875064393,0.00321021875064393,0.864047030699536,"MIMOSA2 - DiD",-0.00402536208459544,0.00855869541792878,"Prop_0.10",50,0.001,"High","Beta",2000,"10% responders","P = 50"
"BL017",100,0.0125155925155925,0.0209025493653933,0.00209025493653933,0.87707250411956,"MIMOSA2 - DiD",0.00841869283997543,0.0166124921912096,"Prop_0.25",50,0.001,"High","Beta",2000,"25% responders","P = 50"
"BL018",100,0.010768,0.0145746623919178,0.00145746623919178,0.886189103965913,"MIMOSA2 - DiD",0.0079113661711841,0.0136246338288159,"Prop_0.50",50,0.001,"High","Beta",2000,"50% responders","P = 50"
"BL019",100,0.0133991228070175,0.0204824153476965,0.00204824153476965,0.736416704571717,"MIMOSA2 - DiD",0.00938456939886903,0.0174136762151661,"Prop_0.75",50,0.001,"High","Beta",2000,"75% responders","P = 50"
"BL020",100,0.0117111111111111,0.0195595725901721,0.00195595725901721,0.800574955850738,"MIMOSA2 - DiD",0.00787743488343737,0.0155447873387848,"Prop_0.90",50,0.001,"High","Beta",2000,"90% responders","P = 50"
"BL021",100,0.0057089552238806,0.0251774151253259,0.00251774151253259,0.883297739432486,"MIMOSA2 - DiD",0.000774181859316729,0.0106437285884445,"Prop_0.10",75,0.001,"High","Beta",2000,"10% responders","P = 75"
"BL022",100,0.0105921052631579,0.0206726372054317,0.00206726372054317,0.79834696037771,"MIMOSA2 - DiD",0.00654026837089329,0.0146439421554225,"Prop_0.25",75,0.001,"High","Beta",2000,"25% responders","P = 75"
"BL023",100,0.00899359886201991,0.0139728049798964,0.00139728049798964,0.85295315102683,"MIMOSA2 - DiD",0.00625492908596022,0.0117322686380796,"Prop_0.50",75,0.001,"High","Beta",2000,"50% responders","P = 75"
"BL024",100,0.00964755639097745,0.0118411587076993,0.00118411587076993,0.875702125876284,"MIMOSA2 - DiD",0.00732668928426838,0.0119684234976865,"Prop_0.75",75,0.001,"High","Beta",2000,"75% responders","P = 75"
"BL025",100,0.0104726890756302,0.0185886000845187,0.00185886000845187,0.670786229770377,"MIMOSA2 - DiD",0.00682932345906458,0.0141160546921959,"Prop_0.90",75,0.001,"High","Beta",2000,"90% responders","P = 75"
"BL026",100,0.00369444444444443,0.0264881763805303,0.00264881763805303,0.855429405591812,"MIMOSA2 - DiD",-0.00149723812613949,0.00888612701502836,"Prop_0.10",100,0.001,"High","Beta",2000,"10% responders","P = 100"
"BL027",100,0.00853333333333333,0.0164434616140914,0.00164434616140914,0.833255007215841,"MIMOSA2 - DiD",0.00531041485697142,0.0117562518096952,"Prop_0.25",100,0.001,"High","Beta",2000,"25% responders","P = 100"
"BL028",100,0.010234,0.0125933140831141,0.00125933140831141,0.873625685015336,"MIMOSA2 - DiD",0.00776571043970964,0.0127022895602904,"Prop_0.50",100,0.001,"High","Beta",2000,"50% responders","P = 100"
"BL029",100,0.0114213333333333,0.010821970751854,0.0010821970751854,0.817561539979163,"MIMOSA2 - DiD",0.00930022706596994,0.0135424396006967,"Prop_0.75",100,0.001,"High","Beta",2000,"75% responders","P = 100"
"BL030",100,0.0136944444444445,0.0153618237160754,0.00153618237160754,0.771269970513523,"MIMOSA2 - DiD",0.0106835269960937,0.0167053618927952,"Prop_0.90",100,0.001,"High","Beta",2000,"90% responders","P = 100"
"BL031",100,-0.0194444444444444,0.0884158992675931,0.00884158992675931,0.822536585709665,"MIMOSA2 - DiD",-0.0367739607008927,-0.0021149281879962,"Prop_0.10",10,5e-04,"High","Beta",2000,"10% responders","P = 10"
"BL032",100,0.0140476190476191,0.0606407943484475,0.00606407943484475,0.823204480308088,"MIMOSA2 - DiD",0.00216202335532335,0.0259332147399148,"Prop_0.25",10,5e-04,"High","Beta",2000,"25% responders","P = 10"
"BL033",100,0.011,0.048440320462035,0.0048440320462035,0.773570453052647,"MIMOSA2 - DiD",0.00150569718944114,0.0204943028105589,"Prop_0.50",10,5e-04,"High","Beta",2000,"50% responders","P = 10"
"BL034",100,0.008125,0.0598589725179867,0.00598589725179867,0.757614408414158,"MIMOSA2 - DiD",-0.0036073586135254,0.0198573586135254,"Prop_0.75",10,5e-04,"High","Beta",2000,"75% responders","P = 10"
"BL035",100,0.0177777777777778,0.0752764369696007,0.00752764369696006,0.767684780387786,"MIMOSA2 - DiD",0.00302359613173604,0.0325319594238195,"Prop_0.90",10,5e-04,"High","Beta",2000,"90% responders","P = 10"
"BL036",100,-0.00472222222222222,0.065151243267601,0.0065151243267601,0.884797082859536,"MIMOSA2 - DiD",-0.017491865902672,0.00804742145822758,"Prop_0.10",20,5e-04,"High","Beta",2000,"10% responders","P = 20"
"BL037",100,-0.000933333333333332,0.0460909168387794,0.00460909168387794,0.818159267925766,"MIMOSA2 - DiD",-0.0099671530337341,0.00810048636706744,"Prop_0.25",20,5e-04,"High","Beta",2000,"25% responders","P = 20"
"BL038",100,0.01395,0.026027326354655,0.0026027326354655,0.849904384926644,"MIMOSA2 - DiD",0.00884864403448763,0.0190513559655124,"Prop_0.50",20,5e-04,"High","Beta",2000,"50% responders","P = 20"
"BL039",100,0.0140666666666667,0.0303647116350934,0.00303647116350934,0.703763278092202,"MIMOSA2 - DiD",0.00811518318618835,0.020018150147145,"Prop_0.75",20,5e-04,"High","Beta",2000,"75% responders","P = 20"
"BL040",100,0.00138888888888889,0.0407206485502921,0.00407206485502921,0.63970556404549,"MIMOSA2 - DiD",-0.00659235822696835,0.00937013600474614,"Prop_0.90",20,5e-04,"High","Beta",2000,"90% responders","P = 20"
"BL041",100,-6.17283950617276e-05,0.0492617220201711,0.00492617220201711,0.898509693692091,"MIMOSA2 - DiD",-0.00971702591101526,0.00959356912089181,"Prop_0.10",30,5e-04,"High","Beta",2000,"10% responders","P = 30"
"BL042",100,0.00855113636363636,0.0386152050548799,0.00386152050548799,0.820894383044298,"MIMOSA2 - DiD",0.000982556172879908,0.0161197165543928,"Prop_0.25",30,5e-04,"High","Beta",2000,"25% responders","P = 30"
"BL043",100,0.00833333333333332,0.0224108158912462,0.00224108158912462,0.862591618745389,"MIMOSA2 - DiD",0.00394081341864906,0.0127258532480176,"Prop_0.50",30,5e-04,"High","Beta",2000,"50% responders","P = 30"
"BL044",100,0.00698757763975155,0.0238417240668127,0.00238417240668127,0.760160272567776,"MIMOSA2 - DiD",0.00231459972265626,0.0116605555568468,"Prop_0.75",30,5e-04,"High","Beta",2000,"75% responders","P = 30"
"BL045",100,0.00827160493827161,0.0337441716098608,0.00337441716098608,0.758103588261877,"MIMOSA2 - DiD",0.00165774730273888,0.0148854625738043,"Prop_0.90",30,5e-04,"High","Beta",2000,"90% responders","P = 30"
"BL046",100,0.00542222222222222,0.0396421453536565,0.00396421453536565,0.866335332758106,"MIMOSA2 - DiD",-0.00234763826709445,0.0131920827115389,"Prop_0.10",50,5e-04,"High","Beta",2000,"10% responders","P = 50"
"BL047",100,0.00734927234927235,0.0261310867012683,0.00261310867012683,0.856737173475611,"MIMOSA2 - DiD",0.00222757935582376,0.0124709653427209,"Prop_0.25",50,5e-04,"High","Beta",2000,"25% responders","P = 50"
"BL048",100,0.01064,0.0181035405879121,0.00181035405879121,0.851631416014074,"MIMOSA2 - DiD",0.00709170604476922,0.0141882939552308,"Prop_0.50",50,5e-04,"High","Beta",2000,"50% responders","P = 50"
"BL049",100,0.0102083333333333,0.0189883925639766,0.00189883925639766,0.792093593302827,"MIMOSA2 - DiD",0.00648660839079393,0.0139300582758727,"Prop_0.75",50,5e-04,"High","Beta",2000,"75% responders","P = 50"
"BL050",100,0.0109555555555556,0.0229406973621288,0.00229406973621288,0.72384748868763,"MIMOSA2 - DiD",0.00645917887257832,0.0154519322385328,"Prop_0.90",50,5e-04,"High","Beta",2000,"90% responders","P = 50"
"BL051",100,0.00452425373134327,0.0300226185081005,0.00300226185081005,0.890168956490187,"MIMOSA2 - DiD",-0.00136017949624442,0.010408686958931,"Prop_0.10",75,5e-04,"High","Beta",2000,"10% responders","P = 75"
"BL052",100,0.00751879699248121,0.0191645911892047,0.00191645911892047,0.860481999448766,"MIMOSA2 - DiD",0.00376253711939708,0.0112750568655653,"Prop_0.25",75,5e-04,"High","Beta",2000,"25% responders","P = 75"
"BL053",100,0.00895803698435278,0.0150759125182121,0.00150759125182121,0.826515984049614,"MIMOSA2 - DiD",0.0060031581307832,0.0119129158379224,"Prop_0.50",75,5e-04,"High","Beta",2000,"50% responders","P = 75"
"BL054",100,0.00796522556390977,0.0138461987591022,0.00138461987591022,0.826278022672056,"MIMOSA2 - DiD",0.00525137060712573,0.0106790805206938,"Prop_0.75",75,5e-04,"High","Beta",2000,"75% responders","P = 75"
"BL055",100,0.00878151260504202,0.0201442020260149,0.00201442020260149,0.75944287982387,"MIMOSA2 - DiD",0.0048332490079431,0.0127297762021409,"Prop_0.90",75,5e-04,"High","Beta",2000,"90% responders","P = 75"
"BL056",100,0.00225000000000001,0.0296978775237833,0.00296978775237833,0.805643010640905,"MIMOSA2 - DiD",-0.00357078399466152,0.00807078399466153,"Prop_0.10",100,5e-04,"High","Beta",2000,"10% responders","P = 100"
"BL057",100,0.006936,0.0174400854619556,0.00174400854619556,0.839099901659882,"MIMOSA2 - DiD",0.00351774324945671,0.0103542567505433,"Prop_0.25",100,5e-04,"High","Beta",2000,"25% responders","P = 100"
"BL058",100,0.00761399999999999,0.0122970721652914,0.00122970721652914,0.810865217980099,"MIMOSA2 - DiD",0.00520377385560289,0.0100242261443971,"Prop_0.50",100,5e-04,"High","Beta",2000,"50% responders","P = 100"
"BL059",100,0.00818400000000001,0.0117774923540791,0.00117774923540791,0.818568962057,"MIMOSA2 - DiD",0.00587561149860049,0.0104923885013995,"Prop_0.75",100,5e-04,"High","Beta",2000,"75% responders","P = 100"
"BL060",100,0.00693888888888888,0.0145357759645172,0.00145357759645172,0.760332313113826,"MIMOSA2 - DiD",0.00408987679984352,0.00978790097793425,"Prop_0.90",100,5e-04,"High","Beta",2000,"90% responders","P = 100"
"BL061",99,-0.0241301907968575,0.119354529296098,0.0119955815365042,0.789361648498773,"MIMOSA2 - DiD",-0.0476415306084057,-0.000618850985309269,"Prop_0.10",10,0.00025,"High","Beta",2000,"10% responders","P = 10"
"BL062",100,-0.00571428571428571,0.0614871025554448,0.00614871025554448,0.815694380555584,"MIMOSA2 - DiD",-0.0177657578151529,0.00633718638658146,"Prop_0.25",10,0.00025,"High","Beta",2000,"25% responders","P = 10"
"BL063",100,-0.0142,0.0590356851506961,0.00590356851506961,0.852700398852972,"MIMOSA2 - DiD",-0.0257709942895364,-0.00262900571046357,"Prop_0.50",10,0.00025,"High","Beta",2000,"50% responders","P = 10"
"BL064",100,0.008125,0.0727975217069006,0.00727975217069006,0.662711389164869,"MIMOSA2 - DiD",-0.00614331425455252,0.0223933142545525,"Prop_0.75",10,0.00025,"High","Beta",2000,"75% responders","P = 10"
"BL065",100,-0.0183333333333333,0.10417611255339,0.010417611255339,0.491315118958956,"MIMOSA2 - DiD",-0.0387518513937977,0.00208518472713103,"Prop_0.90",10,0.00025,"High","Beta",2000,"90% responders","P = 10"
"BL066",100,-0.0226388888888889,0.0839310540972502,0.00839310540972502,0.808967291790092,"MIMOSA2 - DiD",-0.0390893754919499,-0.00618840228582784,"Prop_0.10",20,0.00025,"High","Beta",2000,"10% responders","P = 20"
"BL067",100,-0.00506666666666667,0.0485952614853832,0.00485952614853832,0.791822548383698,"MIMOSA2 - DiD",-0.0145913379178018,0.00445800458446844,"Prop_0.25",20,0.00025,"High","Beta",2000,"25% responders","P = 20"
"BL068",100,-0.00134999999999999,0.0376376597883481,0.00376376597883481,0.790496021159216,"MIMOSA2 - DiD",-0.00872698131851622,0.00602698131851623,"Prop_0.50",20,0.00025,"High","Beta",2000,"50% responders","P = 20"
"BL069",100,0.003,0.0381193706631299,0.00381193706631299,0.732936982633666,"MIMOSA2 - DiD",-0.00447139664997345,0.0104713966499735,"Prop_0.75",20,0.00025,"High","Beta",2000,"75% responders","P = 20"
"BL070",100,0.00222222222222223,0.0438637001693053,0.00438637001693053,0.732360475065344,"MIMOSA2 - DiD",-0.00637506301096161,0.0108195074554061,"Prop_0.90",20,0.00025,"High","Beta",2000,"90% responders","P = 20"
"BL071",100,-0.0161728395061728,0.0543457810529564,0.00543457810529564,0.871373001375214,"MIMOSA2 - DiD",-0.0268246125925523,-0.00552106641979339,"Prop_0.10",30,0.00025,"High","Beta",2000,"10% responders","P = 30"
"BL072",100,-0.00477272727272727,0.0432956970678346,0.00432956970678346,0.815684645584188,"MIMOSA2 - DiD",-0.0132586838980228,0.0037132293525683,"Prop_0.25",30,0.00025,"High","Beta",2000,"25% responders","P = 30"
"BL073",100,-0.000444444444444448,0.0240421959361992,0.00240421959361992,0.844328163659291,"MIMOSA2 - DiD",-0.00515671484793949,0.00426782595905059,"Prop_0.50",30,0.00025,"High","Beta",2000,"50% responders","P = 30"
"BL074",100,-0.00208074534161491,0.0238894027457198,0.00238894027457198,0.868004302145433,"MIMOSA2 - DiD",-0.00676306827977598,0.00260157759654617,"Prop_0.75",30,0.00025,"High","Beta",2000,"75% responders","P = 30"
"BL075",100,-0.000802469135802469,0.0349591169241063,0.00349591169241063,0.732624522470011,"MIMOSA2 - DiD",-0.00765445605292731,0.00604951778132237,"Prop_0.90",30,0.00025,"High","Beta",2000,"90% responders","P = 30"
"BL076",100,-0.00535555555555556,0.0414611482152039,0.00414611482152039,0.858502482938258,"MIMOSA2 - DiD",-0.0134819406057355,0.00277082949462441,"Prop_0.10",50,0.00025,"High","Beta",2000,"10% responders","P = 50"
"BL077",100,0.00209979209979209,0.0225677789451861,0.00225677789451861,0.889589620973336,"MIMOSA2 - DiD",-0.00232349257346438,0.00652307677304856,"Prop_0.25",50,0.00025,"High","Beta",2000,"25% responders","P = 50"
"BL078",100,0.003744,0.0224590505929203,0.00224590505929203,0.828720769706262,"MIMOSA2 - DiD",-0.000657973916212382,0.00814597391621237,"Prop_0.50",50,0.00025,"High","Beta",2000,"50% responders","P = 50"
"BL079",100,0.00219298245614035,0.0183881390390117,0.00183881390390117,0.820185437879316,"MIMOSA2 - DiD",-0.00141109279550593,0.00579705770778664,"Prop_0.75",50,0.00025,"High","Beta",2000,"75% responders","P = 50"
"BL080",100,-0.000377777777777782,0.0272404689299694,0.00272404689299694,0.713036854673335,"MIMOSA2 - DiD",-0.00571690968805179,0.00496135413249622,"Prop_0.90",50,0.00025,"High","Beta",2000,"90% responders","P = 50"
"BL081",100,-0.00303171641791045,0.0357114496600396,0.00357114496600396,0.867133922853038,"MIMOSA2 - DiD",-0.0100311605512782,0.00396772771545732,"Prop_0.10",75,0.00025,"High","Beta",2000,"10% responders","P = 75"
"BL082",100,0.000620300751879711,0.0204230072339878,0.00204230072339878,0.836489595210351,"MIMOSA2 - DiD",-0.00338260866598189,0.00462321016974132,"Prop_0.25",75,0.00025,"High","Beta",2000,"25% responders","P = 75"
"BL083",100,0.00397226173541962,0.0183248738674694,0.00183248738674694,0.793086620531448,"MIMOSA2 - DiD",0.000380586457395612,0.00756393701344364,"Prop_0.50",75,0.00025,"High","Beta",2000,"50% responders","P = 75"
"BL084",100,0.000390037593984964,0.0150089462288156,0.00150089462288156,0.794050422546198,"MIMOSA2 - DiD",-0.00255171586686289,0.00333179105483282,"Prop_0.75",75,0.00025,"High","Beta",2000,"75% responders","P = 75"
"BL085",100,-0.000924369747899169,0.0218117762066713,0.00218117762066713,0.749226343329348,"MIMOSA2 - DiD",-0.00519947788440675,0.00335073838860841,"Prop_0.90",75,0.00025,"High","Beta",2000,"90% responders","P = 75"
"BL086",100,0.00184444444444445,0.0263942643234417,0.00263942643234417,0.893029465370195,"MIMOSA2 - DiD",-0.00332883136295012,0.00701772025183902,"Prop_0.10",100,0.00025,"High","Beta",2000,"10% responders","P = 100"
"BL087",100,0.00273333333333333,0.0176292125689853,0.00176292125689853,0.867416586033971,"MIMOSA2 - DiD",-0.000721992330187788,0.00618865899685444,"Prop_0.25",100,0.00025,"High","Beta",2000,"25% responders","P = 100"
"BL088",100,0.00220199999999999,0.0125472680434242,0.00125472680434242,0.88898269318992,"MIMOSA2 - DiD",-0.000257264536511163,0.00466126453651114,"Prop_0.50",100,0.00025,"High","Beta",2000,"50% responders","P = 100"
"BL089",100,0.00111733333333333,0.0143441588435604,0.00143441588435604,0.843784535205374,"MIMOSA2 - DiD",-0.00169412180000451,0.00392878846667118,"Prop_0.75",100,0.00025,"High","Beta",2000,"75% responders","P = 100"
"BL090",100,0.000883333333333334,0.0181999698175374,0.00181999698175374,0.718285854546914,"MIMOSA2 - DiD",-0.00268386075090399,0.00445052741757066,"Prop_0.90",100,0.00025,"High","Beta",2000,"90% responders","P = 100"
"BL091",99,-0.0269360269360269,0.125327395980076,0.0125958772247941,0.868722518509368,"MIMOSA2 - DiD",-0.0516239462966234,-0.00224810757543045,"Prop_0.10",10,0.000125,"High","Beta",2000,"10% responders","P = 10"
"BL092",100,-0.0264285714285714,0.0807877538338473,0.00807877538338473,0.793065070771961,"MIMOSA2 - DiD",-0.0422629711800055,-0.0105941716771373,"Prop_0.25",10,0.000125,"High","Beta",2000,"25% responders","P = 10"
"BL093",100,-0.0166,0.0575636669920859,0.00575636669920859,0.81086472246996,"MIMOSA2 - DiD",-0.0278824787304488,-0.00531752126955118,"Prop_0.50",10,0.000125,"High","Beta",2000,"50% responders","P = 10"
"BL094",100,-0.0046875,0.0743733023318682,0.00743733023318682,0.667071420661266,"MIMOSA2 - DiD",-0.0192646672570462,0.00988966725704617,"Prop_0.75",10,0.000125,"High","Beta",2000,"75% responders","P = 10"
"BL095",100,-0.00444444444444445,0.134627093932651,0.0134627093932651,0.425175137557704,"MIMOSA2 - DiD",-0.030831354855244,0.0219424659663551,"Prop_0.90",10,0.000125,"High","Beta",2000,"90% responders","P = 10"
"BL096",100,-0.0120833333333333,0.0691394818996447,0.00691394818996447,0.895868167869903,"MIMOSA2 - DiD",-0.0256346717856637,0.00146800511899702,"Prop_0.10",20,0.000125,"High","Beta",2000,"10% responders","P = 20"
"BL097",100,-0.00686666666666667,0.0567227292491115,0.00567227292491115,0.780652270992062,"MIMOSA2 - DiD",-0.0179843215994925,0.0042509882661592,"Prop_0.25",20,0.000125,"High","Beta",2000,"25% responders","P = 20"
"BL098",100,-0.01835,0.0373223401022373,0.00373223401022373,0.890092465621587,"MIMOSA2 - DiD",-0.0256651786600385,-0.0110348213399615,"Prop_0.50",20,0.000125,"High","Beta",2000,"50% responders","P = 20"
"BL099",100,-0.0133333333333333,0.0370033516848772,0.00370033516848772,0.807983081207764,"MIMOSA2 - DiD",-0.0205859902635693,-0.0060806764030974,"Prop_0.75",20,0.000125,"High","Beta",2000,"75% responders","P = 20"
"BL100",100,-0.0125,0.0531354177083354,0.00531354177083354,0.747702502415698,"MIMOSA2 - DiD",-0.0229145418708337,-0.00208545812916626,"Prop_0.90",20,0.000125,"High","Beta",2000,"90% responders","P = 20"
"BL101",100,-0.0233333333333333,0.0600826888866345,0.00600826888866345,0.907015212841327,"MIMOSA2 - DiD",-0.0351095403551137,-0.011557126311553,"Prop_0.10",30,0.000125,"High","Beta",2000,"10% responders","P = 30"
"BL102",100,-0.00536931818181818,0.0469471541672544,0.00469471541672544,0.830205534364941,"MIMOSA2 - DiD",-0.0145709603986001,0.00383232403496369,"Prop_0.25",30,0.000125,"High","Beta",2000,"25% responders","P = 30"
"BL103",100,-0.00822222222222222,0.0272723947271574,0.00272723947271574,0.874180035742861,"MIMOSA2 - DiD",-0.0135676115887451,-0.00287683285569937,"Prop_0.50",30,0.000125,"High","Beta",2000,"50% responders","P = 30"
"BL104",100,-0.0110869565217391,0.0294266628663798,0.00294266628663798,0.827251128027126,"MIMOSA2 - DiD",-0.0168545824435496,-0.00531933059992869,"Prop_0.75",30,0.000125,"High","Beta",2000,"75% responders","P = 30"
"BL105",100,-0.0045679012345679,0.0485465116882049,0.00485465116882049,0.592070353600566,"MIMOSA2 - DiD",-0.0140830175254561,0.00494721505632026,"Prop_0.90",30,0.000125,"High","Beta",2000,"90% responders","P = 30"
"BL106",100,-0.0131333333333333,0.0452498240535796,0.00452498240535796,0.880667177392055,"MIMOSA2 - DiD",-0.0220022988478349,-0.00426436781883173,"Prop_0.10",50,0.000125,"High","Beta",2000,"10% responders","P = 50"
"BL107",100,-0.00746361746361748,0.0278924972293989,0.00278924972293989,0.849912823275887,"MIMOSA2 - DiD",-0.0129305469205797,-0.00199668800665529,"Prop_0.25",50,0.000125,"High","Beta",2000,"25% responders","P = 50"
"BL108",100,-0.004184,0.0241090733580081,0.00241090733580081,0.825134832588635,"MIMOSA2 - DiD",-0.0089093783781696,0.000541378378169594,"Prop_0.50",50,0.000125,"High","Beta",2000,"50% responders","P = 50"
"BL109",100,-0.0110855263157895,0.0228873954882539,0.00228873954882539,0.818983160571181,"MIMOSA2 - DiD",-0.0155714558314872,-0.0065995968000917,"Prop_0.75",50,0.000125,"High","Beta",2000,"75% responders","P = 50"
"BL110",100,-0.00955555555555555,0.0293564850988461,0.00293564850988461,0.7384980822567,"MIMOSA2 - DiD",-0.0153094266349294,-0.00380168447618171,"Prop_0.90",50,0.000125,"High","Beta",2000,"90% responders","P = 50"
"BL111",100,-0.0095615671641791,0.030200389166792,0.0030200389166792,0.910659700537773,"MIMOSA2 - DiD",-0.0154808434408703,-0.00364229088748787,"Prop_0.10",75,0.000125,"High","Beta",2000,"10% responders","P = 75"
"BL112",100,-0.0055545112781955,0.0208874270533203,0.00208874270533203,0.884528118752015,"MIMOSA2 - DiD",-0.00964844698064628,-0.00146057557574471,"Prop_0.25",75,0.000125,"High","Beta",2000,"25% responders","P = 75"
"BL113",100,-0.0068705547652916,0.0213675109704882,0.00213675109704882,0.803547681017467,"MIMOSA2 - DiD",-0.0110585869155073,-0.00268252261507593,"Prop_0.50",75,0.000125,"High","Beta",2000,"50% responders","P = 75"
"BL114",100,-0.0108552631578947,0.0179681582122653,0.00179681582122653,0.816993481039928,"MIMOSA2 - DiD",-0.0143770221674987,-0.00733350414829073,"Prop_0.75",75,0.000125,"High","Beta",2000,"75% responders","P = 75"
"BL115",100,-0.0108403361344538,0.0261018806581718,0.00261018806581718,0.709487376693359,"MIMOSA2 - DiD",-0.0159563047434555,-0.00572436752545212,"Prop_0.90",75,0.000125,"High","Beta",2000,"90% responders","P = 75"
"BL116",100,-0.00315555555555555,0.0278266550901814,0.00278266550901814,0.844502644174842,"MIMOSA2 - DiD",-0.00860957995323111,0.00229846884212,"Prop_0.10",100,0.000125,"High","Beta",2000,"10% responders","P = 100"
"BL117",100,-0.001984,0.0191258320564584,0.00191258320564584,0.836579275554721,"MIMOSA2 - DiD",-0.00573266308306585,0.00176466308306585,"Prop_0.25",100,0.000125,"High","Beta",2000,"25% responders","P = 100"
"BL118",100,-0.008632,0.0173728388961946,0.00173728388961946,0.834074878383303,"MIMOSA2 - DiD",-0.0120370764236541,-0.00522692357634586,"Prop_0.50",100,0.000125,"High","Beta",2000,"50% responders","P = 100"
"BL119",100,-0.008248,0.0159231489928848,0.00159231489928848,0.782792714840738,"MIMOSA2 - DiD",-0.0113689372026054,-0.00512706279739459,"Prop_0.75",100,0.000125,"High","Beta",2000,"75% responders","P = 100"
"BL120",100,-0.00815,0.0190569952305017,0.00190569952305017,0.789514636375407,"MIMOSA2 - DiD",-0.0118851710651783,-0.00441482893482167,"Prop_0.90",100,0.000125,"High","Beta",2000,"90% responders","P = 100"
"BL121",97,-0.0286368843069874,0.155925775145742,0.0158318637839716,0.725954700836231,"MIMOSA2 - DiD",-0.0596673373235717,0.00239356870959689,"Prop_0.10",10,6.25e-05,"High","Beta",2000,"10% responders","P = 10"
"BL122",100,-0.015952380952381,0.0870095469539835,0.00870095469539835,0.732544529884251,"MIMOSA2 - DiD",-0.0330062521553617,0.0011014902505998,"Prop_0.25",10,6.25e-05,"High","Beta",2000,"25% responders","P = 10"
"BL123",100,-0.0286,0.0835696044496968,0.00835696044496968,0.703428430477086,"MIMOSA2 - DiD",-0.0449796424721406,-0.0122203575278594,"Prop_0.50",10,6.25e-05,"High","Beta",2000,"50% responders","P = 10"
"BL124",100,-0.0096875,0.0813804071967267,0.00813804071967267,0.643408056507657,"MIMOSA2 - DiD",-0.0256380598105584,0.00626305981055844,"Prop_0.75",10,6.25e-05,"High","Beta",2000,"75% responders","P = 10"
"BL125",100,-0.0477777777777778,0.104762512083984,0.0104762512083984,0.672333239968443,"MIMOSA2 - DiD",-0.0683112301462387,-0.0272443254093169,"Prop_0.90",10,6.25e-05,"High","Beta",2000,"90% responders","P = 10"
"BL126",100,-0.0191666666666667,0.096544051264916,0.0096544051264916,0.724164221650642,"MIMOSA2 - DiD",-0.0380893007145902,-0.000244032618743138,"Prop_0.10",20,6.25e-05,"High","Beta",2000,"10% responders","P = 20"
"BL127",100,-0.00893333333333334,0.054968371683377,0.0054968371683377,0.805255346955124,"MIMOSA2 - DiD",-0.0197071341832752,0.00184046751660856,"Prop_0.25",20,6.25e-05,"High","Beta",2000,"25% responders","P = 20"
"BL128",100,-0.01425,0.045822312724636,0.0045822312724636,0.644480155223774,"MIMOSA2 - DiD",-0.0232311732940287,-0.00526882670597133,"Prop_0.50",20,6.25e-05,"High","Beta",2000,"50% responders","P = 20"
"BL129",100,-0.0320666666666667,0.044390826243104,0.0044390826243104,0.771270786941402,"MIMOSA2 - DiD",-0.0407672686103151,-0.0233660647230183,"Prop_0.75",20,6.25e-05,"High","Beta",2000,"75% responders","P = 20"
"BL130",100,-0.0154166666666667,0.0659441948261992,0.00659441948261992,0.597411477824721,"MIMOSA2 - DiD",-0.0283417288526017,-0.00249160448073162,"Prop_0.90",20,6.25e-05,"High","Beta",2000,"90% responders","P = 20"
"BL131",100,-0.0108024691358025,0.0665493360460793,0.00665493360460793,0.844899542891717,"MIMOSA2 - DiD",-0.023846139000834,0.00224120072922906,"Prop_0.10",30,6.25e-05,"High","Beta",2000,"10% responders","P = 30"
"BL132",100,-0.0171022727272727,0.0431865376692137,0.00431865376692137,0.841423830842413,"MIMOSA2 - DiD",-0.0255668341104386,-0.00863771134410685,"Prop_0.25",30,6.25e-05,"High","Beta",2000,"25% responders","P = 30"
"BL133",100,-0.0161555555555556,0.0395987544536893,0.00395987544536893,0.818803189033246,"MIMOSA2 - DiD",-0.0239169114284787,-0.00839419968263246,"Prop_0.50",30,6.25e-05,"High","Beta",2000,"50% responders","P = 30"
"BL134",100,-0.015776397515528,0.0382441911561759,0.00382441911561759,0.743496993320795,"MIMOSA2 - DiD",-0.0232722589821384,-0.00828053604891747,"Prop_0.75",30,6.25e-05,"High","Beta",2000,"75% responders","P = 30"
"BL135",100,-0.0154320987654321,0.0399901379444834,0.00399901379444834,0.734503761012603,"MIMOSA2 - DiD",-0.0232701658025509,-0.00759403172831335,"Prop_0.90",30,6.25e-05,"High","Beta",2000,"90% responders","P = 30"
"BL136",100,-0.0169333333333333,0.0481287503012679,0.00481287503012679,0.848417064535867,"MIMOSA2 - DiD",-0.0263665683923818,-0.00750009827428484,"Prop_0.10",50,6.25e-05,"High","Beta",2000,"10% responders","P = 50"
"BL137",100,-0.0107380457380457,0.0302473007873429,0.00302473007873429,0.864793808508872,"MIMOSA2 - DiD",-0.016666516692365,-0.00480957478372653,"Prop_0.25",50,6.25e-05,"High","Beta",2000,"25% responders","P = 50"
"BL138",100,-0.015216,0.0222284862282613,0.00222284862282613,0.806014891894926,"MIMOSA2 - DiD",-0.0195727833007392,-0.0108592166992608,"Prop_0.50",50,6.25e-05,"High","Beta",2000,"50% responders","P = 50"
"BL139",100,-0.0126644736842105,0.0235049136229559,0.00235049136229559,0.752674555116424,"MIMOSA2 - DiD",-0.0172714367543099,-0.00805751061411117,"Prop_0.75",50,6.25e-05,"High","Beta",2000,"75% responders","P = 50"
"BL140",100,-0.0208888888888889,0.0375519758685528,0.00375519758685528,0.637238785674521,"MIMOSA2 - DiD",-0.0282490761591252,-0.0135287016186525,"Prop_0.90",50,6.25e-05,"High","Beta",2000,"90% responders","P = 50"
"BL141",100,-0.00829291044776119,0.0382890818294768,0.00382890818294768,0.81710885266303,"MIMOSA2 - DiD",-0.0157975704863387,-0.000788250409183734,"Prop_0.10",75,6.25e-05,"High","Beta",2000,"10% responders","P = 75"
"BL142",100,-0.012640977443609,0.025920668210192,0.0025920668210192,0.822643705323835,"MIMOSA2 - DiD",-0.0177214284128067,-0.0075605264744114,"Prop_0.25",75,6.25e-05,"High","Beta",2000,"25% responders","P = 75"
"BL143",100,-0.0154160739687055,0.019160618496333,0.0019160618496333,0.839847425496728,"MIMOSA2 - DiD",-0.0191715551939868,-0.0116605927434243,"Prop_0.50",75,6.25e-05,"High","Beta",2000,"50% responders","P = 75"
"BL144",100,-0.0140131578947368,0.0209576844799714,0.00209576844799714,0.768647351609599,"MIMOSA2 - DiD",-0.0181208640528112,-0.00990545173666246,"Prop_0.75",75,6.25e-05,"High","Beta",2000,"75% responders","P = 75"
"BL145",100,-0.0182668067226891,0.0243697547592695,0.00243697547592695,0.840322862989498,"MIMOSA2 - DiD",-0.0230432786555059,-0.0134903347898722,"Prop_0.90",75,6.25e-05,"High","Beta",2000,"90% responders","P = 75"
"BL146",100,-0.0103444444444444,0.0348590931982004,0.00348590931982004,0.79867380208895,"MIMOSA2 - DiD",-0.0171768267112917,-0.00351206217759716,"Prop_0.10",100,6.25e-05,"High","Beta",2000,"10% responders","P = 100"
"BL147",100,-0.0107253333333333,0.0201785281754294,0.00201785281754294,0.872841026030023,"MIMOSA2 - DiD",-0.0146803248557175,-0.00677034181094916,"Prop_0.25",100,6.25e-05,"High","Beta",2000,"25% responders","P = 100"
"BL148",100,-0.012652,0.0163523481154508,0.00163523481154508,0.856795439418826,"MIMOSA2 - DiD",-0.0158570602306284,-0.00944693976937163,"Prop_0.50",100,6.25e-05,"High","Beta",2000,"50% responders","P = 100"
"BL149",100,-0.0177386666666667,0.0154293980336647,0.00154293980336647,0.81001359511906,"MIMOSA2 - DiD",-0.020762828681265,-0.0147145046520684,"Prop_0.75",100,6.25e-05,"High","Beta",2000,"75% responders","P = 100"
"BL150",100,-0.0183833333333333,0.0189827494033291,0.00189827494033291,0.847217980579557,"MIMOSA2 - DiD",-0.0221039522163858,-0.0146627144502808,"Prop_0.90",100,6.25e-05,"High","Beta",2000,"90% responders","P = 100"
"BL151",99,-0.0190796857463524,0.145513576921128,0.0146246647439364,0.756348060767236,"MIMOSA2 - DiD",-0.0477440286444677,0.00958465715176285,"Prop_0.10",10,0.001,"Medium","Beta",2000,"10% responders","P = 10"
"BL152",100,0.00642857142857144,0.059666015796145,0.0059666015796145,0.844692057456738,"MIMOSA2 - DiD",-0.00526596766747298,0.0181231105246159,"Prop_0.25",10,0.001,"Medium","Beta",2000,"25% responders","P = 10"
"BL153",100,0.0216,0.0494560308748993,0.00494560308748993,0.784016692124597,"MIMOSA2 - DiD",0.0119066179485197,0.0312933820514803,"Prop_0.50",10,0.001,"Medium","Beta",2000,"50% responders","P = 10"
"BL154",100,0.0209375,0.0529389940369711,0.00529389940369711,0.686067346487785,"MIMOSA2 - DiD",0.0105614571687537,0.0313135428312463,"Prop_0.75",10,0.001,"Medium","Beta",2000,"75% responders","P = 10"
"BL155",100,0.0194444444444444,0.0667110776130457,0.00667110776130457,0.772105097998377,"MIMOSA2 - DiD",0.00636907323228749,0.0325198156566014,"Prop_0.90",10,0.001,"Medium","Beta",2000,"90% responders","P = 10"
"BL156",100,0.00347222222222222,0.0676788746384588,0.00676788746384588,0.852385977193212,"MIMOSA2 - DiD",-0.0097928372069157,0.0167372816513601,"Prop_0.10",20,0.001,"Medium","Beta",2000,"10% responders","P = 20"
"BL157",100,0.0168666666666667,0.0361124941460094,0.00361124941460095,0.882705968468355,"MIMOSA2 - DiD",0.00978861781404881,0.0239447155192845,"Prop_0.25",20,0.001,"Medium","Beta",2000,"25% responders","P = 20"
"BL158",100,0.0187,0.0306216731856192,0.00306216731856192,0.831956259684018,"MIMOSA2 - DiD",0.0126981520556186,0.0247018479443814,"Prop_0.50",20,0.001,"Medium","Beta",2000,"50% responders","P = 20"
"BL159",100,0.0258666666666667,0.0324153737202445,0.00324153737202445,0.800810283373278,"MIMOSA2 - DiD",0.0195132534174987,0.0322200799158346,"Prop_0.75",20,0.001,"Medium","Beta",2000,"75% responders","P = 20"
"BL160",100,0.0204166666666667,0.0487344115275953,0.00487344115275953,0.677583784962526,"MIMOSA2 - DiD",0.010864722007258,0.0299686113260753,"Prop_0.90",20,0.001,"Medium","Beta",2000,"90% responders","P = 20"
"BL161",100,0.00296296296296296,0.0500983192866473,0.00500983192866473,0.846458217096176,"MIMOSA2 - DiD",-0.0068563076172199,0.0127822335431458,"Prop_0.10",30,0.001,"Medium","Beta",2000,"10% responders","P = 30"
"BL162",100,0.0173011363636364,0.0282857025459475,0.00282857025459475,0.858755079282127,"MIMOSA2 - DiD",0.0117571386646306,0.0228451340626421,"Prop_0.25",30,0.001,"Medium","Beta",2000,"25% responders","P = 30"
"BL163",100,0.0204666666666667,0.0262125474362497,0.00262125474362497,0.823337540942177,"MIMOSA2 - DiD",0.0153290073691617,0.0256043259641716,"Prop_0.50",30,0.001,"Medium","Beta",2000,"50% responders","P = 30"
"BL164",100,0.0178571428571429,0.0272867214718212,0.00272867214718212,0.780097289294667,"MIMOSA2 - DiD",0.0125089454486659,0.0232053402656198,"Prop_0.75",30,0.001,"Medium","Beta",2000,"75% responders","P = 30"
"BL165",100,0.0233950617283951,0.0352293507527286,0.00352293507527286,0.767798582222268,"MIMOSA2 - DiD",0.0164901089808603,0.0303000144759299,"Prop_0.90",30,0.001,"Medium","Beta",2000,"90% responders","P = 30"
"BL166",100,0.00346666666666667,0.0407882428917853,0.00407882428917853,0.875919340185363,"MIMOSA2 - DiD",-0.00452782894012326,0.0114611622734566,"Prop_0.10",50,0.001,"Medium","Beta",2000,"10% responders","P = 50"
"BL167",100,0.0165696465696466,0.0212766808286406,0.00212766808286406,0.867481259003671,"MIMOSA2 - DiD",0.012399417127233,0.0207398760120601,"Prop_0.25",50,0.001,"Medium","Beta",2000,"25% responders","P = 50"
"BL168",100,0.018,0.0195964127824302,0.00195964127824302,0.87082276862429,"MIMOSA2 - DiD",0.0141591030946437,0.0218408969053563,"Prop_0.50",50,0.001,"Medium","Beta",2000,"50% responders","P = 50"
"BL169",100,0.0181688596491228,0.0213343159620885,0.00213343159620885,0.766461103593915,"MIMOSA2 - DiD",0.0139873337205535,0.0223503855776922,"Prop_0.75",50,0.001,"Medium","Beta",2000,"75% responders","P = 50"
"BL170",100,0.0202,0.023050977193381,0.0023050977193381,0.770570132700784,"MIMOSA2 - DiD",0.0156820084700973,0.0247179915299027,"Prop_0.90",50,0.001,"Medium","Beta",2000,"90% responders","P = 50"
"BL171",100,0.00901119402985074,0.0267058433099019,0.00267058433099019,0.865369149036016,"MIMOSA2 - DiD",0.00377684874110996,0.0142455393185915,"Prop_0.10",75,0.001,"Medium","Beta",2000,"10% responders","P = 75"
"BL172",100,0.0155968045112782,0.0203209390062397,0.00203209390062397,0.876505049023943,"MIMOSA2 - DiD",0.0116139004660552,0.0195797085565012,"Prop_0.25",75,0.001,"Medium","Beta",2000,"25% responders","P = 75"
"BL173",100,0.0152844950213371,0.0147519982119125,0.00147519982119125,0.830644157625065,"MIMOSA2 - DiD",0.0123931033718023,0.018175886670872,"Prop_0.50",75,0.001,"Medium","Beta",2000,"50% responders","P = 75"
"BL174",100,0.0128665413533835,0.0156718168802202,0.00156718168802202,0.833990247426608,"MIMOSA2 - DiD",0.00979486524486031,0.0159382174619066,"Prop_0.75",75,0.001,"Medium","Beta",2000,"75% responders","P = 75"
"BL175",100,0.0138760504201681,0.0202280009992274,0.00202280009992274,0.712545888493045,"MIMOSA2 - DiD",0.0099113622243195,0.0178407386160166,"Prop_0.90",75,0.001,"Medium","Beta",2000,"90% responders","P = 75"
"BL176",100,0.00367777777777777,0.0264792775330192,0.00264792775330192,0.897045620893206,"MIMOSA2 - DiD",-0.001512160618694,0.00886771617424954,"Prop_0.10",100,0.001,"Medium","Beta",2000,"10% responders","P = 100"
"BL177",100,0.0123306666666667,0.0170706274865158,0.00170706274865158,0.86027056850836,"MIMOSA2 - DiD",0.00898482367930956,0.0156765096540238,"Prop_0.25",100,0.001,"Medium","Beta",2000,"25% responders","P = 100"
"BL178",100,0.01447,0.0146774443871327,0.00146774443871327,0.840915605753919,"MIMOSA2 - DiD",0.011593220900122,0.017346779099878,"Prop_0.50",100,0.001,"Medium","Beta",2000,"50% responders","P = 100"
"BL179",100,0.0143333333333333,0.0124274270370396,0.00124274270370396,0.851694391429236,"MIMOSA2 - DiD",0.0118975576340736,0.0167691090325931,"Prop_0.75",100,0.001,"Medium","Beta",2000,"75% responders","P = 100"
"BL180",100,0.0163111111111111,0.0167192436690911,0.00167192436690911,0.74875447093578,"MIMOSA2 - DiD",0.0130341393519693,0.019588082870253,"Prop_0.90",100,0.001,"Medium","Beta",2000,"90% responders","P = 100"
"BL181",100,-0.0155555555555556,0.147320922804763,0.0147320922804763,0.748100001180205,"MIMOSA2 - DiD",-0.0444304564252891,0.013319345314178,"Prop_0.10",10,5e-04,"Medium","Beta",2000,"10% responders","P = 10"
"BL182",100,-0.000238095238095234,0.0664442624315908,0.00664442624315908,0.816465174569286,"MIMOSA2 - DiD",-0.013261170674687,0.0127849801984966,"Prop_0.25",10,5e-04,"Medium","Beta",2000,"25% responders","P = 10"
"BL183",100,0.015,0.0733815268637038,0.00733815268637038,0.720987331812609,"MIMOSA2 - DiD",0.00061722073471405,0.029382779265286,"Prop_0.50",10,5e-04,"Medium","Beta",2000,"50% responders","P = 10"
"BL184",100,0.024375,0.0754536992620192,0.00754536992620192,0.71660066577588,"MIMOSA2 - DiD",0.00958607494464424,0.0391639250553558,"Prop_0.75",10,5e-04,"Medium","Beta",2000,"75% responders","P = 10"
"BL185",100,0.0194444444444444,0.096184537582627,0.0096184537582627,0.587089996805537,"MIMOSA2 - DiD",0.000592275078249549,0.0382966138106393,"Prop_0.90",10,5e-04,"Medium","Beta",2000,"90% responders","P = 10"
"BL186",100,-0.00430555555555555,0.0836063382569334,0.00836063382569334,0.793611559341919,"MIMOSA2 - DiD",-0.0206923978539145,0.0120812867428034,"Prop_0.10",20,5e-04,"Medium","Beta",2000,"10% responders","P = 20"
"BL187",100,0.00726666666666667,0.0437326332373954,0.00437326332373954,0.884395425898762,"MIMOSA2 - DiD",-0.00130492944786283,0.0158382627811962,"Prop_0.25",20,5e-04,"Medium","Beta",2000,"25% responders","P = 20"
"BL188",100,0.0118,0.0304056746431493,0.00304056746431493,0.871153637746007,"MIMOSA2 - DiD",0.00584048776994275,0.0177595122300573,"Prop_0.50",20,5e-04,"Medium","Beta",2000,"50% responders","P = 20"
"BL189",100,0.0114,0.0383415450141759,0.00383415450141759,0.712485915514995,"MIMOSA2 - DiD",0.00388505717722153,0.0189149428227785,"Prop_0.75",20,5e-04,"Medium","Beta",2000,"75% responders","P = 20"
"BL190",100,0.0145833333333333,0.0600839280301489,0.00600839280301489,0.621462489046078,"MIMOSA2 - DiD",0.00280688343942415,0.0263597832272425,"Prop_0.90",20,5e-04,"Medium","Beta",2000,"90% responders","P = 20"
"BL191",100,-0.00574074074074074,0.0629279566914552,0.00629279566914552,0.81010340967557,"MIMOSA2 - DiD",-0.018074620252266,0.00659313877078448,"Prop_0.10",30,5e-04,"Medium","Beta",2000,"10% responders","P = 30"
"BL192",100,0.00599431818181817,0.0345538258873354,0.00345538258873354,0.90328696172558,"MIMOSA2 - DiD",-0.000778231692099568,0.0127668680557359,"Prop_0.25",30,5e-04,"Medium","Beta",2000,"25% responders","P = 30"
"BL193",100,0.0108888888888889,0.0273819155268116,0.00273819155268116,0.819684453835476,"MIMOSA2 - DiD",0.00552203344563382,0.016255744332144,"Prop_0.50",30,5e-04,"Medium","Beta",2000,"50% responders","P = 30"
"BL194",100,0.0116459627329193,0.0289329435198548,0.00289329435198548,0.775216297546147,"MIMOSA2 - DiD",0.00597510580302772,0.0173168196628108,"Prop_0.75",30,5e-04,"Medium","Beta",2000,"75% responders","P = 30"
"BL195",100,0.0144444444444445,0.0399007218590157,0.00399007218590157,0.76427774738379,"MIMOSA2 - DiD",0.00662390296007738,0.0222649859288115,"Prop_0.90",30,5e-04,"Medium","Beta",2000,"90% responders","P = 30"
"BL196",100,-0.00366666666666667,0.0398793228887364,0.00398793228887365,0.901118521305525,"MIMOSA2 - DiD",-0.011483013952859,0.00414968061952567,"Prop_0.10",50,5e-04,"Medium","Beta",2000,"10% responders","P = 50"
"BL197",100,0.00757796257796257,0.0295065099506853,0.00295065099506853,0.819134912017032,"MIMOSA2 - DiD",0.00179468662762826,0.0133612385282969,"Prop_0.25",50,5e-04,"Medium","Beta",2000,"25% responders","P = 50"
"BL198",100,0.00821600000000001,0.0223901435746386,0.00223901435746386,0.825325911091248,"MIMOSA2 - DiD",0.00382753185937085,0.0126044681406292,"Prop_0.50",50,5e-04,"Medium","Beta",2000,"50% responders","P = 50"
"BL199",100,0.0121052631578947,0.0218187422333574,0.00218187422333574,0.810077030658446,"MIMOSA2 - DiD",0.00782878968015669,0.0163817366356328,"Prop_0.75",50,5e-04,"Medium","Beta",2000,"75% responders","P = 50"
"BL200",100,0.0119111111111111,0.0300981807813185,0.00300981807813185,0.778786585054858,"MIMOSA2 - DiD",0.00601186767797269,0.0178103545442495,"Prop_0.90",50,5e-04,"Medium","Beta",2000,"90% responders","P = 50"
"BL201",100,0.00128731343283582,0.0356613032450557,0.00356613032450557,0.85946803922901,"MIMOSA2 - DiD",-0.0057023020031951,0.00827692886886675,"Prop_0.10",75,5e-04,"Medium","Beta",2000,"10% responders","P = 75"
"BL202",100,0.00667763157894737,0.0197577724978341,0.00197577724978341,0.888187890012384,"MIMOSA2 - DiD",0.0028051081693719,0.0105501549885228,"Prop_0.25",75,5e-04,"Medium","Beta",2000,"25% responders","P = 75"
"BL203",100,0.00819345661450925,0.0169334747635889,0.00169334747635889,0.884651345589091,"MIMOSA2 - DiD",0.00487449556084583,0.0115124176681727,"Prop_0.50",75,5e-04,"Medium","Beta",2000,"50% responders","P = 75"
"BL204",100,0.00838345864661654,0.0171024201086313,0.00171024201086313,0.802567690811786,"MIMOSA2 - DiD",0.00503138430532481,0.0117355329879083,"Prop_0.75",75,5e-04,"Medium","Beta",2000,"75% responders","P = 75"
"BL205",100,0.0107247899159664,0.020121934242108,0.00201219342421081,0.805264531398231,"MIMOSA2 - DiD",0.00678089080451322,0.0146686890274196,"Prop_0.90",75,5e-04,"Medium","Beta",2000,"90% responders","P = 75"
"BL206",100,-0.00215,0.0280177796818651,0.00280177796818651,0.916176133975171,"MIMOSA2 - DiD",-0.00764148481764557,0.00334148481764556,"Prop_0.10",100,5e-04,"Medium","Beta",2000,"10% responders","P = 100"
"BL207",100,0.004064,0.0172899169282261,0.00172899169282261,0.893472057353459,"MIMOSA2 - DiD",0.000675176282067673,0.00745282371793232,"Prop_0.25",100,5e-04,"Medium","Beta",2000,"25% responders","P = 100"
"BL208",100,0.009698,0.0139278514662042,0.00139278514662042,0.86552200913511,"MIMOSA2 - DiD",0.00696814111262398,0.012427858887376,"Prop_0.50",100,5e-04,"Medium","Beta",2000,"50% responders","P = 100"
"BL209",100,0.00885066666666666,0.0143093640943836,0.00143093640943836,0.844063951413861,"MIMOSA2 - DiD",0.00604603130416748,0.0116553020291658,"Prop_0.75",100,5e-04,"Medium","Beta",2000,"75% responders","P = 100"
"BL210",100,0.00572222222222223,0.0178255006206867,0.00178255006206867,0.793836385418551,"MIMOSA2 - DiD",0.00222842410056763,0.00921602034387682,"Prop_0.90",100,5e-04,"Medium","Beta",2000,"90% responders","P = 100"
"BL211",98,-0.0328798185941043,0.140870567023596,0.0142300761731399,0.804976494425134,"MIMOSA2 - DiD",-0.0607707678934584,-0.00498886929475019,"Prop_0.10",10,0.00025,"Medium","Beta",2000,"10% responders","P = 10"
"BL212",100,-0.0102380952380952,0.0740078639709651,0.00740078639709651,0.771957485575489,"MIMOSA2 - DiD",-0.0247436365764044,0.00426744610021393,"Prop_0.25",10,0.00025,"Medium","Beta",2000,"25% responders","P = 10"
"BL213",100,-0.0038,0.0586511687518637,0.00586511687518637,0.745609433719283,"MIMOSA2 - DiD",-0.0152956290753653,0.00769562907536529,"Prop_0.50",10,0.00025,"Medium","Beta",2000,"50% responders","P = 10"
"BL214",100,-0.013125,0.0656077117680105,0.00656077117680105,0.776058426837135,"MIMOSA2 - DiD",-0.0259841115065301,-0.000265888493469941,"Prop_0.75",10,0.00025,"Medium","Beta",2000,"75% responders","P = 10"
"BL215",100,-0.005,0.0927927130327003,0.00927927130327003,0.631973113708529,"MIMOSA2 - DiD",-0.0231873717544093,0.0131873717544093,"Prop_0.90",10,0.00025,"Medium","Beta",2000,"90% responders","P = 10"
"BL216",99,-0.0145903479236812,0.0961713070197855,0.00966558002977881,0.776850168169509,"MIMOSA2 - DiD",-0.0335348847820477,0.00435418893468522,"Prop_0.10",20,0.00025,"Medium","Beta",2000,"10% responders","P = 20"
"BL217",100,-0.0048,0.0465855957661207,0.00465855957661207,0.885772235553633,"MIMOSA2 - DiD",-0.0139307767701597,0.00433077677015965,"Prop_0.25",20,0.00025,"Medium","Beta",2000,"25% responders","P = 20"
"BL218",100,-0.0012,0.0448686072793877,0.00448686072793877,0.81331034854029,"MIMOSA2 - DiD",-0.00999424702675998,0.00759424702675998,"Prop_0.50",20,0.00025,"Medium","Beta",2000,"50% responders","P = 20"
"BL219",100,-0.00513333333333334,0.0421621582343803,0.00421621582343803,0.752936452000295,"MIMOSA2 - DiD",-0.0133971163472719,0.00313044968060519,"Prop_0.75",20,0.00025,"Medium","Beta",2000,"75% responders","P = 20"
"BL220",100,0.0075,0.0643144466538047,0.00643144466538047,0.702418722906187,"MIMOSA2 - DiD",-0.00510563154414571,0.0201056315441457,"Prop_0.90",20,0.00025,"Medium","Beta",2000,"90% responders","P = 20"
"BL221",100,-0.0208641975308642,0.078040400091288,0.0078040400091288,0.822804141509828,"MIMOSA2 - DiD",-0.0361601159487566,-0.00556827911297175,"Prop_0.10",30,0.00025,"Medium","Beta",2000,"10% responders","P = 30"
"BL222",100,-0.00201704545454546,0.0435386948575852,0.00435386948575851,0.805224064661253,"MIMOSA2 - DiD",-0.0105506296466321,0.00651653873754123,"Prop_0.25",30,0.00025,"Medium","Beta",2000,"25% responders","P = 30"
"BL223",100,0.000733333333333347,0.0321457818490175,0.00321457818490175,0.84594917970934,"MIMOSA2 - DiD",-0.00556723990907409,0.00703390657574078,"Prop_0.50",30,0.00025,"Medium","Beta",2000,"50% responders","P = 30"
"BL224",100,-0.00304347826086957,0.0296763022320719,0.00296763022320719,0.797164084103244,"MIMOSA2 - DiD",-0.00886003349835566,0.00277307697661653,"Prop_0.75",30,0.00025,"Medium","Beta",2000,"75% responders","P = 30"
"BL225",100,0.00364197530864198,0.0460522310907395,0.00460522310907395,0.770265818116509,"MIMOSA2 - DiD",-0.00538426198514297,0.0126682126024269,"Prop_0.90",30,0.00025,"Medium","Beta",2000,"90% responders","P = 30"
"BL226",100,-0.000666666666666668,0.0489872492832899,0.00489872492832899,0.87649378936878,"MIMOSA2 - DiD",-0.0102681675261915,0.00893483419285815,"Prop_0.10",50,0.00025,"Medium","Beta",2000,"10% responders","P = 50"
"BL227",100,-0.00127858627858628,0.0300582736899715,0.00300582736899715,0.873013672574333,"MIMOSA2 - DiD",-0.00717000792182069,0.00461283536464813,"Prop_0.25",50,0.00025,"Medium","Beta",2000,"25% responders","P = 50"
"BL228",100,-0.003504,0.0216500072083409,0.00216500072083409,0.877466703357871,"MIMOSA2 - DiD",-0.00774740141283481,0.000739401412834811,"Prop_0.50",50,0.00025,"Medium","Beta",2000,"50% responders","P = 50"
"BL229",100,-0.0012061403508772,0.0248550227207078,0.00248550227207078,0.776017243179056,"MIMOSA2 - DiD",-0.00607772480413593,0.00366544410238153,"Prop_0.75",50,0.00025,"Medium","Beta",2000,"75% responders","P = 50"
"BL230",100,0.00355555555555556,0.0339303071583258,0.00339303071583258,0.739754565236362,"MIMOSA2 - DiD",-0.00309478464747631,0.0102058957585874,"Prop_0.90",50,0.00025,"Medium","Beta",2000,"90% responders","P = 50"
"BL231",100,-0.00573694029850746,0.0340629609622595,0.00340629609622595,0.902065134289793,"MIMOSA2 - DiD",-0.0124132806471103,0.000939400050095401,"Prop_0.10",75,0.00025,"Medium","Beta",2000,"10% responders","P = 75"
"BL232",100,-0.000272556390977441,0.0227276294419106,0.00227276294419106,0.840549801716042,"MIMOSA2 - DiD",-0.00472717176159191,0.00418205897963703,"Prop_0.25",75,0.00025,"Medium","Beta",2000,"25% responders","P = 75"
"BL233",100,0.00132645803698435,0.0186119758057578,0.00186119758057578,0.888888255231383,"MIMOSA2 - DiD",-0.00232148922094418,0.00497440529491288,"Prop_0.50",75,0.00025,"Medium","Beta",2000,"50% responders","P = 75"
"BL234",100,-0.00128289473684211,0.0205458352210548,0.00205458352210548,0.810277648256335,"MIMOSA2 - DiD",-0.00530987844016886,0.00274408896648463,"Prop_0.75",75,0.00025,"Medium","Beta",2000,"75% responders","P = 75"
"BL235",100,-0.000693277310924366,0.0253727896795757,0.00253727896795757,0.816738424020202,"MIMOSA2 - DiD",-0.0056663440881212,0.00427978946627247,"Prop_0.90",75,0.00025,"Medium","Beta",2000,"90% responders","P = 75"
"BL236",100,-0.00404444444444445,0.0367894146467924,0.00367894146467924,0.834682675088651,"MIMOSA2 - DiD",-0.0112551697152158,0.00316628082632686,"Prop_0.10",100,0.00025,"Medium","Beta",2000,"10% responders","P = 100"
"BL237",100,-0.000109333333333334,0.02014113506387,0.002014113506387,0.877608188524076,"MIMOSA2 - DiD",-0.00405699580585186,0.00383832913918519,"Prop_0.25",100,0.00025,"Medium","Beta",2000,"25% responders","P = 100"
"BL238",100,-0.00120400000000001,0.0163818075987365,0.00163818075987365,0.854315689072822,"MIMOSA2 - DiD",-0.00441483428935236,0.00200683428935234,"Prop_0.50",100,0.00025,"Medium","Beta",2000,"50% responders","P = 100"
"BL239",100,-0.001144,0.0162067138268056,0.00162067138268056,0.810189239262574,"MIMOSA2 - DiD",-0.0043205159100539,0.00203251591005391,"Prop_0.75",100,0.00025,"Medium","Beta",2000,"75% responders","P = 100"
"BL240",100,-0.00166111111111111,0.024184349220629,0.0024184349220629,0.741561660327419,"MIMOSA2 - DiD",-0.0064012435583544,0.00307902133613218,"Prop_0.90",100,0.00025,"Medium","Beta",2000,"90% responders","P = 100"
"BL241",99,-0.0488215488215488,0.179103744030576,0.0180006035605235,0.783316982650515,"MIMOSA2 - DiD",-0.084102731800175,-0.0135403658429227,"Prop_0.10",10,0.000125,"Medium","Beta",2000,"10% responders","P = 10"
"BL242",99,-0.0324675324675325,0.0964124958378238,0.00968982041805343,0.746559271191738,"MIMOSA2 - DiD",-0.0514595804869172,-0.0134754844481477,"Prop_0.25",10,0.000125,"Medium","Beta",2000,"25% responders","P = 10"
"BL243",100,-0.013,0.0817176711475418,0.00817176711475418,0.708564899217605,"MIMOSA2 - DiD",-0.0290166635449182,0.00301666354491819,"Prop_0.50",10,0.000125,"Medium","Beta",2000,"50% responders","P = 10"
"BL244",100,-0.0334375,0.0872940171087332,0.00872940171087332,0.747225433433465,"MIMOSA2 - DiD",-0.0505471273533117,-0.0163278726466883,"Prop_0.75",10,0.000125,"Medium","Beta",2000,"75% responders","P = 10"
"BL245",100,-0.0194444444444445,0.122424839704736,0.0122424839704736,0.601293450765913,"MIMOSA2 - DiD",-0.0434397130265727,0.00455082413768378,"Prop_0.90",10,0.000125,"Medium","Beta",2000,"90% responders","P = 10"
"BL246",100,-0.0240277777777778,0.111003297159574,0.0111003297159574,0.822559165386441,"MIMOSA2 - DiD",-0.0457844240210544,-0.00227113153450118,"Prop_0.10",20,0.000125,"Medium","Beta",2000,"10% responders","P = 20"
"BL247",100,-0.0104,0.06138191605356,0.006138191605356,0.815731598759445,"MIMOSA2 - DiD",-0.0224308555464978,0.00163085554649775,"Prop_0.25",20,0.000125,"Medium","Beta",2000,"25% responders","P = 20"
"BL248",100,-0.00895,0.0513027014075981,0.00513027014075981,0.73629114288311,"MIMOSA2 - DiD",-0.0190053294758892,0.00110532947588924,"Prop_0.50",20,0.000125,"Medium","Beta",2000,"50% responders","P = 20"
"BL249",100,-0.0164,0.0420829174563576,0.00420829174563576,0.797435675928749,"MIMOSA2 - DiD",-0.0246482518214461,-0.00815174817855391,"Prop_0.75",20,0.000125,"Medium","Beta",2000,"75% responders","P = 20"
"BL250",100,-0.0122222222222222,0.0669524830898321,0.00669524830898321,0.678735819116227,"MIMOSA2 - DiD",-0.0253449089078293,0.000900464463384865,"Prop_0.90",20,0.000125,"Medium","Beta",2000,"90% responders","P = 20"
"BL251",100,-0.0246296296296296,0.0824983454883125,0.00824983454883125,0.800234962293934,"MIMOSA2 - DiD",-0.0407993053453389,-0.00845995391392037,"Prop_0.10",30,0.000125,"Medium","Beta",2000,"10% responders","P = 30"
"BL252",100,-0.00386363636363636,0.0436998463316879,0.00436998463316879,0.840934390498195,"MIMOSA2 - DiD",-0.0124288062446472,0.00470153351737447,"Prop_0.25",30,0.000125,"Medium","Beta",2000,"25% responders","P = 30"
"BL253",100,-0.0153555555555556,0.0348629154070931,0.00348629154070931,0.765554257731913,"MIMOSA2 - DiD",-0.0221886869753458,-0.00852242413576531,"Prop_0.50",30,0.000125,"Medium","Beta",2000,"50% responders","P = 30"
"BL254",100,-0.0110869565217391,0.0391693411267639,0.00391693411267639,0.7172146507401,"MIMOSA2 - DiD",-0.0187641473825849,-0.00340976566089341,"Prop_0.75",30,0.000125,"Medium","Beta",2000,"75% responders","P = 30"
"BL255",100,-0.0169135802469136,0.0531270054852035,0.00531270054852035,0.733900640286604,"MIMOSA2 - DiD",-0.0273264733220135,-0.00650068717181368,"Prop_0.90",30,0.000125,"Medium","Beta",2000,"90% responders","P = 30"
"BL256",100,-0.0159111111111111,0.0556651847622263,0.00556651847622263,0.848375702467465,"MIMOSA2 - DiD",-0.0268214873245075,-0.00500073489771475,"Prop_0.10",50,0.000125,"Medium","Beta",2000,"10% responders","P = 50"
"BL257",100,-0.00716216216216216,0.0288275320736077,0.00288275320736077,0.863206630432877,"MIMOSA2 - DiD",-0.0128123584485893,-0.00151196587573506,"Prop_0.25",50,0.000125,"Medium","Beta",2000,"25% responders","P = 50"
"BL258",100,-0.012376,0.0238712925938461,0.00238712925938461,0.881766097453768,"MIMOSA2 - DiD",-0.0170547733483938,-0.00769722665160617,"Prop_0.50",50,0.000125,"Medium","Beta",2000,"50% responders","P = 50"
"BL259",100,-0.0130921052631579,0.0303787900883976,0.00303787900883976,0.734813949667361,"MIMOSA2 - DiD",-0.0190463481204838,-0.00713786240583198,"Prop_0.75",50,0.000125,"Medium","Beta",2000,"75% responders","P = 50"
"BL260",100,-0.014,0.036198590405912,0.0036198590405912,0.765097374871671,"MIMOSA2 - DiD",-0.0210949237195588,-0.00690507628044125,"Prop_0.90",50,0.000125,"Medium","Beta",2000,"90% responders","P = 50"
"BL261",100,-0.00924440298507464,0.0378228026198195,0.00378228026198195,0.855399552958938,"MIMOSA2 - DiD",-0.0166576722985593,-0.00183113367159001,"Prop_0.10",75,0.000125,"Medium","Beta",2000,"10% responders","P = 75"
"BL262",100,-0.0024812030075188,0.0268217134999074,0.00268217134999074,0.838930959626766,"MIMOSA2 - DiD",-0.00773825885350064,0.00277585283846305,"Prop_0.25",75,0.000125,"Medium","Beta",2000,"25% responders","P = 75"
"BL263",100,-0.00904694167852063,0.0220090662237368,0.00220090662237368,0.782328603195016,"MIMOSA2 - DiD",-0.013360718658373,-0.00473316469866822,"Prop_0.50",75,0.000125,"Medium","Beta",2000,"50% responders","P = 75"
"BL264",100,-0.0123496240601504,0.020147354464472,0.0020147354464472,0.804911420163581,"MIMOSA2 - DiD",-0.0162985055351869,-0.00840074258511386,"Prop_0.75",75,0.000125,"Medium","Beta",2000,"75% responders","P = 75"
"BL265",100,-0.0148424369747899,0.0302002482737329,0.00302002482737329,0.781232832265851,"MIMOSA2 - DiD",-0.0207616856364416,-0.00892318831313826,"Prop_0.90",75,0.000125,"Medium","Beta",2000,"90% responders","P = 75"
"BL266",100,0.00163888888888888,0.0326402290958696,0.00326402290958696,0.855598578223701,"MIMOSA2 - DiD",-0.00475859601390156,0.00803637379167932,"Prop_0.10",100,0.000125,"Medium","Beta",2000,"10% responders","P = 100"
"BL267",100,-0.00885866666666667,0.0235855446227454,0.00235855446227454,0.891988469282653,"MIMOSA2 - DiD",-0.0134814334127248,-0.00423589992060857,"Prop_0.25",100,0.000125,"Medium","Beta",2000,"25% responders","P = 100"
"BL268",100,-0.0075,0.0192420100170161,0.00192420100170161,0.804900325966932,"MIMOSA2 - DiD",-0.0112714339633352,-0.00372856603666484,"Prop_0.50",100,0.000125,"Medium","Beta",2000,"50% responders","P = 100"
"BL269",100,-0.0114666666666667,0.0169573095720896,0.00169573095720896,0.844818989454182,"MIMOSA2 - DiD",-0.0147902993427962,-0.00814303399053711,"Prop_0.75",100,0.000125,"Medium","Beta",2000,"75% responders","P = 100"
"BL270",100,-0.0114555555555556,0.0251556793887963,0.00251556793887963,0.795556801631127,"MIMOSA2 - DiD",-0.0163860687157596,-0.00652504239535149,"Prop_0.90",100,0.000125,"Medium","Beta",2000,"90% responders","P = 100"
"BL271",96,-0.0584490740740741,0.175935223412881,0.0179563135476716,0.736647039868859,"MIMOSA2 - DiD",-0.0936434486275104,-0.0232546995206377,"Prop_0.10",10,6.25e-05,"Medium","Beta",2000,"10% responders","P = 10"
"BL272",100,-0.035,0.101549810452015,0.0101549810452015,0.748704634744829,"MIMOSA2 - DiD",-0.054903762848595,-0.015096237151405,"Prop_0.25",10,6.25e-05,"Medium","Beta",2000,"25% responders","P = 10"
"BL273",100,-0.0492,0.0885081745925029,0.00885081745925029,0.733061766177396,"MIMOSA2 - DiD",-0.0665476022201306,-0.0318523977798694,"Prop_0.50",10,6.25e-05,"Medium","Beta",2000,"50% responders","P = 10"
"BL274",100,-0.0034375,0.0895959954053571,0.00895959954053571,0.651010926933395,"MIMOSA2 - DiD",-0.02099831509945,0.01412331509945,"Prop_0.75",10,6.25e-05,"Medium","Beta",2000,"75% responders","P = 10"
"BL275",100,-0.0127777777777778,0.109941940714047,0.0109941940714047,0.716827210029821,"MIMOSA2 - DiD",-0.034326398157731,0.00877084260217547,"Prop_0.90",10,6.25e-05,"Medium","Beta",2000,"90% responders","P = 10"
"BL276",99,-0.0227272727272727,0.0950613138026794,0.00955402151399152,0.813815395595335,"MIMOSA2 - DiD",-0.0414531548946961,-0.00400139055984933,"Prop_0.10",20,6.25e-05,"Medium","Beta",2000,"10% responders","P = 20"
"BL277",100,-0.0376666666666667,0.0680092091209163,0.00680092091209163,0.791664411693012,"MIMOSA2 - DiD",-0.0509964716543663,-0.0243368616789671,"Prop_0.25",20,6.25e-05,"Medium","Beta",2000,"25% responders","P = 20"
"BL278",100,-0.0197,0.0536346601338795,0.00536346601338795,0.752523260766008,"MIMOSA2 - DiD",-0.0302123933862404,-0.00918760661375961,"Prop_0.50",20,6.25e-05,"Medium","Beta",2000,"50% responders","P = 20"
"BL279",100,-0.0189333333333333,0.0529084082476468,0.00529084082476468,0.795642609280909,"MIMOSA2 - DiD",-0.0293033813498721,-0.00856328531679455,"Prop_0.75",20,6.25e-05,"Medium","Beta",2000,"75% responders","P = 20"
"BL280",100,-0.0213888888888889,0.0744524218048517,0.00744524218048517,0.745734532119371,"MIMOSA2 - DiD",-0.0359815635626398,-0.00679621421513795,"Prop_0.90",20,6.25e-05,"Medium","Beta",2000,"90% responders","P = 20"
"BL281",100,-0.0233333333333333,0.0688473799552427,0.00688473799552427,0.859378578098725,"MIMOSA2 - DiD",-0.0368274198045609,-0.00983924686210576,"Prop_0.10",30,6.25e-05,"Medium","Beta",2000,"10% responders","P = 30"
"BL282",100,-0.0265056818181818,0.0502341317189283,0.00502341317189283,0.813500482291439,"MIMOSA2 - DiD",-0.0363515716350918,-0.0166597920012719,"Prop_0.25",30,6.25e-05,"Medium","Beta",2000,"25% responders","P = 30"
"BL283",100,-0.0218222222222222,0.0388811985341412,0.00388811985341412,0.811766445038688,"MIMOSA2 - DiD",-0.0294429371349139,-0.0142015073095306,"Prop_0.50",30,6.25e-05,"Medium","Beta",2000,"50% responders","P = 30"
"BL284",100,-0.0285714285714286,0.0387309980757721,0.00387309980757721,0.83405955453199,"MIMOSA2 - DiD",-0.0361627041942799,-0.0209801529485772,"Prop_0.75",30,6.25e-05,"Medium","Beta",2000,"75% responders","P = 30"
"BL285",100,-0.0275308641975309,0.0590477947480068,0.00590477947480068,0.665597148692719,"MIMOSA2 - DiD",-0.0391042319681402,-0.0159574964269215,"Prop_0.90",30,6.25e-05,"Medium","Beta",2000,"90% responders","P = 30"
"BL286",100,-0.0186222222222222,0.0607873517471806,0.00607873517471806,0.842745136742439,"MIMOSA2 - DiD",-0.0305365431646696,-0.00670790127977482,"Prop_0.10",50,6.25e-05,"Medium","Beta",2000,"10% responders","P = 50"
"BL287",100,-0.0193347193347193,0.0324821079007138,0.00324821079007138,0.884643882780494,"MIMOSA2 - DiD",-0.0257012124832592,-0.0129682261861794,"Prop_0.25",50,6.25e-05,"Medium","Beta",2000,"25% responders","P = 50"
"BL288",100,-0.019832,0.02747226656654,0.002747226656654,0.819080861094388,"MIMOSA2 - DiD",-0.0252165642470418,-0.0144474357529582,"Prop_0.50",50,6.25e-05,"Medium","Beta",2000,"50% responders","P = 50"
"BL289",100,-0.0211293859649123,0.0290492760828215,0.00290492760828215,0.879214926059686,"MIMOSA2 - DiD",-0.0268230440771453,-0.0154357278526793,"Prop_0.75",50,6.25e-05,"Medium","Beta",2000,"75% responders","P = 50"
"BL290",100,-0.0341777777777778,0.0364146767372791,0.00364146767372791,0.833961629613197,"MIMOSA2 - DiD",-0.0413150544182845,-0.0270405011372711,"Prop_0.90",50,6.25e-05,"Medium","Beta",2000,"90% responders","P = 50"
"BL291",100,-0.0133955223880597,0.0379495750675966,0.00379495750675966,0.875054764878629,"MIMOSA2 - DiD",-0.0208336391013086,-0.00595740567481077,"Prop_0.10",75,6.25e-05,"Medium","Beta",2000,"10% responders","P = 75"
"BL292",100,-0.00693139097744362,0.0242743836542926,0.00242743836542926,0.868526379376794,"MIMOSA2 - DiD",-0.011689170173685,-0.00217361178120228,"Prop_0.25",75,6.25e-05,"Medium","Beta",2000,"25% responders","P = 75"
"BL293",100,-0.0169914651493599,0.0199961781522029,0.00199961781522029,0.865013932090362,"MIMOSA2 - DiD",-0.0209107160671917,-0.0130722142315281,"Prop_0.50",75,6.25e-05,"Medium","Beta",2000,"50% responders","P = 75"
"BL294",100,-0.0177584586466165,0.0222120279970257,0.00222120279970257,0.825407392991683,"MIMOSA2 - DiD",-0.0221120161340336,-0.0134049011591995,"Prop_0.75",75,6.25e-05,"Medium","Beta",2000,"75% responders","P = 75"
"BL295",100,-0.0273634453781513,0.0374402493725717,0.00374402493725717,0.658422541623448,"MIMOSA2 - DiD",-0.0347017342551753,-0.0200251565011272,"Prop_0.90",75,6.25e-05,"Medium","Beta",2000,"90% responders","P = 75"
"BL296",100,-0.00970555555555555,0.0368674953684135,0.00368674953684135,0.85955279507826,"MIMOSA2 - DiD",-0.0169315846477646,-0.0024795264633465,"Prop_0.10",100,6.25e-05,"Medium","Beta",2000,"10% responders","P = 100"
"BL297",100,-0.013408,0.0255274808986815,0.00255274808986815,0.857504008068963,"MIMOSA2 - DiD",-0.0184113862561416,-0.00840461374385843,"Prop_0.25",100,6.25e-05,"Medium","Beta",2000,"25% responders","P = 100"
"BL298",100,-0.016862,0.0192645945200049,0.00192645945200049,0.817349324795908,"MIMOSA2 - DiD",-0.020637860525921,-0.013086139474079,"Prop_0.50",100,6.25e-05,"Medium","Beta",2000,"50% responders","P = 100"
"BL299",100,-0.01808,0.0181342443819463,0.00181342443819463,0.834359841816154,"MIMOSA2 - DiD",-0.0216343118988615,-0.0145256881011385,"Prop_0.75",100,6.25e-05,"Medium","Beta",2000,"75% responders","P = 100"
"BL300",100,-0.0278222222222222,0.0296497911203516,0.00296497911203516,0.806813145468891,"MIMOSA2 - DiD",-0.0336335812818111,-0.0220108631626333,"Prop_0.90",100,6.25e-05,"Medium","Beta",2000,"90% responders","P = 100"
"BL301",99,-0.0561167227833895,0.177553527338177,0.0178448009207528,0.747371594072646,"MIMOSA2 - DiD",-0.0910925325880649,-0.021140912978714,"Prop_0.10",10,0.001,"Low","Beta",2000,"10% responders","P = 10"
"BL302",100,-0.0211904761904762,0.132063587454178,0.0132063587454178,0.608157175943479,"MIMOSA2 - DiD",-0.0470749393314951,0.0046939869505427,"Prop_0.25",10,0.001,"Low","Beta",2000,"25% responders","P = 10"
"BL303",100,0.003,0.0760847480700889,0.00760847480700889,0.719929849915406,"MIMOSA2 - DiD",-0.0119126106217374,0.0179126106217374,"Prop_0.50",10,0.001,"Low","Beta",2000,"50% responders","P = 10"
"BL304",100,0.0384375,0.070349141687096,0.0070349141687096,0.773252646921597,"MIMOSA2 - DiD",0.0246490682293292,0.0522259317706708,"Prop_0.75",10,0.001,"Low","Beta",2000,"75% responders","P = 10"
"BL305",100,0.0172222222222222,0.108755902666859,0.0108755902666859,0.653834049630193,"MIMOSA2 - DiD",-0.00409393470048223,0.0385383791449267,"Prop_0.90",10,0.001,"Low","Beta",2000,"90% responders","P = 10"
"BL306",100,-0.0273611111111111,0.115925021645337,0.0115925021645337,0.806761765518218,"MIMOSA2 - DiD",-0.0500824153535971,-0.00463980686862513,"Prop_0.10",20,0.001,"Low","Beta",2000,"10% responders","P = 20"
"BL307",100,0.0154,0.0545130056867269,0.00545130056867269,0.850035592634147,"MIMOSA2 - DiD",0.00471545088540152,0.0260845491145985,"Prop_0.25",20,0.001,"Low","Beta",2000,"25% responders","P = 20"
"BL308",100,0.02285,0.0431479425870452,0.00431479425870452,0.79634883294647,"MIMOSA2 - DiD",0.0143930032529391,0.0313069967470609,"Prop_0.50",20,0.001,"Low","Beta",2000,"50% responders","P = 20"
"BL309",100,0.0311333333333333,0.0411185360480405,0.00411185360480405,0.859021412705515,"MIMOSA2 - DiD",0.0230741002679174,0.0391925663987493,"Prop_0.75",20,0.001,"Low","Beta",2000,"75% responders","P = 20"
"BL310",100,0.0255555555555556,0.0476126004400455,0.00476126004400455,0.839354733021523,"MIMOSA2 - DiD",0.0162234858693066,0.0348876252418045,"Prop_0.90",20,0.001,"Low","Beta",2000,"90% responders","P = 20"
"BL311",100,0.00154320987654321,0.0886289473169283,0.00886289473169283,0.75117421223997,"MIMOSA2 - DiD",-0.0158280637975747,0.0189144835506612,"Prop_0.10",30,0.001,"Low","Beta",2000,"10% responders","P = 30"
"BL312",100,0.0220454545454545,0.051789208326543,0.0051789208326543,0.764172387089561,"MIMOSA2 - DiD",0.0118947697134521,0.032196139377457,"Prop_0.25",30,0.001,"Low","Beta",2000,"25% responders","P = 30"
"BL313",100,0.0277111111111111,0.0266038448193483,0.00266038448193483,0.866464727691183,"MIMOSA2 - DiD",0.0224967575265188,0.0329254646957034,"Prop_0.50",30,0.001,"Low","Beta",2000,"50% responders","P = 30"
"BL314",100,0.0270807453416149,0.0341460305291265,0.00341460305291265,0.793554807962767,"MIMOSA2 - DiD",0.0203881233579061,0.0337733673253237,"Prop_0.75",30,0.001,"Low","Beta",2000,"75% responders","P = 30"
"BL315",100,0.0198148148148148,0.0388655246453272,0.00388655246453271,0.841410882417729,"MIMOSA2 - DiD",0.0121971719843307,0.0274324576452989,"Prop_0.90",30,0.001,"Low","Beta",2000,"90% responders","P = 30"
"BL316",100,0.00491111111111111,0.0701750221402572,0.00701750221402572,0.764899202990365,"MIMOSA2 - DiD",-0.00884319322837929,0.0186654154506015,"Prop_0.10",50,0.001,"Low","Beta",2000,"10% responders","P = 50"
"BL317",100,0.0208108108108108,0.0250898009937424,0.00250898009937424,0.892441842949839,"MIMOSA2 - DiD",0.0158932098160373,0.0257284118055843,"Prop_0.25",50,0.001,"Low","Beta",2000,"25% responders","P = 50"
"BL318",100,0.02808,0.0207388378155429,0.00207388378155429,0.885144772013778,"MIMOSA2 - DiD",0.0240151877881536,0.0321448122118464,"Prop_0.50",50,0.001,"Low","Beta",2000,"50% responders","P = 50"
"BL319",100,0.0307127192982456,0.0265379777623097,0.00265379777623097,0.803056272935692,"MIMOSA2 - DiD",0.0255112756568329,0.0359141629396583,"Prop_0.75",50,0.001,"Low","Beta",2000,"75% responders","P = 50"
"BL320",100,0.0266666666666667,0.0379667814454734,0.00379667814454734,0.672497244547315,"MIMOSA2 - DiD",0.0192251775033539,0.0341081558299795,"Prop_0.90",50,0.001,"Low","Beta",2000,"90% responders","P = 50"
"BL321",100,0.0173787313432836,0.036426027784721,0.0036426027784721,0.873098266243599,"MIMOSA2 - DiD",0.0102392298974783,0.0245182327890889,"Prop_0.10",75,0.001,"Low","Beta",2000,"10% responders","P = 75"
"BL322",100,0.0206954887218045,0.0184409296757972,0.00184409296757972,0.927353153225602,"MIMOSA2 - DiD",0.0170810665053483,0.0243099109382608,"Prop_0.25",75,0.001,"Low","Beta",2000,"25% responders","P = 75"
"BL323",100,0.0306330014224751,0.0153056786479436,0.00153056786479436,0.879533128657928,"MIMOSA2 - DiD",0.0276330884074782,0.0336329144374721,"Prop_0.50",75,0.001,"Low","Beta",2000,"50% responders","P = 75"
"BL324",100,0.0292622180451128,0.0186408720113792,0.00186408720113792,0.843328316161549,"MIMOSA2 - DiD",0.0256086071308825,0.0329158289593431,"Prop_0.75",75,0.001,"Low","Beta",2000,"75% responders","P = 75"
"BL325",100,0.029422268907563,0.0312831155822056,0.00312831155822056,0.681680249302942,"MIMOSA2 - DiD",0.0232907782534507,0.0355537595616753,"Prop_0.90",75,0.001,"Low","Beta",2000,"90% responders","P = 75"
"BL326",100,0.0190444444444444,0.0318816984897425,0.00318816984897425,0.860679281779513,"MIMOSA2 - DiD",0.0127956315404549,0.025293257348434,"Prop_0.10",100,0.001,"Low","Beta",2000,"10% responders","P = 100"
"BL327",100,0.0205173333333333,0.0206276488854393,0.00206276488854393,0.857240186183539,"MIMOSA2 - DiD",0.0164743141517872,0.0245603525148794,"Prop_0.25",100,0.001,"Low","Beta",2000,"25% responders","P = 100"
"BL328",100,0.030376,0.0116022387251057,0.00116022387251057,0.931755199100784,"MIMOSA2 - DiD",0.0281019612098793,0.0326500387901207,"Prop_0.50",100,0.001,"Low","Beta",2000,"50% responders","P = 100"
"BL329",100,0.028752,0.0174735331813754,0.00174735331813754,0.828251244769558,"MIMOSA2 - DiD",0.0253271874964504,0.0321768125035496,"Prop_0.75",100,0.001,"Low","Beta",2000,"75% responders","P = 100"
"BL330",100,0.0297388888888889,0.0199191618261498,0.00199191618261498,0.817812905083875,"MIMOSA2 - DiD",0.0258347331709635,0.0336430446068142,"Prop_0.90",100,0.001,"Low","Beta",2000,"90% responders","P = 100"
"BL331",97,-0.0624284077892325,0.225276711984104,0.0228733845606971,0.702469293647908,"MIMOSA2 - DiD",-0.107260241528199,-0.0175965740502662,"Prop_0.10",10,5e-04,"Low","Beta",2000,"10% responders","P = 10"
"BL332",100,-0.00666666666666667,0.122629145878375,0.0122629145878375,0.77563157072205,"MIMOSA2 - DiD",-0.0307019792588282,0.0173686459254949,"Prop_0.25",10,5e-04,"Low","Beta",2000,"25% responders","P = 10"
"BL333",100,-0.014,0.0849717719022148,0.00849717719022148,0.831638782859986,"MIMOSA2 - DiD",-0.0306544672928341,0.0026544672928341,"Prop_0.50",10,5e-04,"Low","Beta",2000,"50% responders","P = 10"
"BL334",100,-0.0075,0.103608352252922,0.0103608352252922,0.653309917551795,"MIMOSA2 - DiD",-0.0278072370415728,0.0128072370415728,"Prop_0.75",10,5e-04,"Low","Beta",2000,"75% responders","P = 10"
"BL335",100,0.00444444444444444,0.139181509924365,0.0139181509924365,0.670131102887453,"MIMOSA2 - DiD",-0.022835131500731,0.0317240203896199,"Prop_0.90",10,5e-04,"Low","Beta",2000,"90% responders","P = 10"
"BL336",100,-0.0413888888888889,0.134106496163519,0.0134106496163519,0.747146065471304,"MIMOSA2 - DiD",-0.0676737621369387,-0.0151040156408391,"Prop_0.10",20,5e-04,"Low","Beta",2000,"10% responders","P = 20"
"BL337",100,-0.0136666666666667,0.0827820146702287,0.00827820146702287,0.758851804058398,"MIMOSA2 - DiD",-0.0298919415420315,0.00255860820869815,"Prop_0.25",20,5e-04,"Low","Beta",2000,"25% responders","P = 20"
"BL338",100,0.0098,0.053668078279948,0.0053668078279948,0.772953857585455,"MIMOSA2 - DiD",-0.000718943342869807,0.0203189433428698,"Prop_0.50",20,5e-04,"Low","Beta",2000,"50% responders","P = 20"
"BL339",100,0.00566666666666666,0.0556917522460726,0.00556917522460726,0.797271549061761,"MIMOSA2 - DiD",-0.00524891677356357,0.0165822501068969,"Prop_0.75",20,5e-04,"Low","Beta",2000,"75% responders","P = 20"
"BL340",100,0.0201388888888889,0.0856936361142565,0.00856936361142565,0.776832200164518,"MIMOSA2 - DiD",0.00334293621049461,0.0369348415672831,"Prop_0.90",20,5e-04,"Low","Beta",2000,"90% responders","P = 20"
"BL341",100,-0.0105555555555556,0.107424158698777,0.0107424158698777,0.793039988847178,"MIMOSA2 - DiD",-0.0316106906605159,0.0104995795494048,"Prop_0.10",30,5e-04,"Low","Beta",2000,"10% responders","P = 30"
"BL342",100,-0.0021875,0.0477255218944024,0.00477255218944024,0.849518427285044,"MIMOSA2 - DiD",-0.0115417022913029,0.00716670229130286,"Prop_0.25",30,5e-04,"Low","Beta",2000,"25% responders","P = 30"
"BL343",100,0.0119555555555556,0.0357483270328359,0.00357483270328359,0.886742390604094,"MIMOSA2 - DiD",0.00494888345711971,0.0189622276539914,"Prop_0.50",30,5e-04,"Low","Beta",2000,"50% responders","P = 30"
"BL344",100,0.0173913043478261,0.0449652939860235,0.00449652939860235,0.768322701894206,"MIMOSA2 - DiD",0.00857810672656548,0.0262045019690867,"Prop_0.75",30,5e-04,"Low","Beta",2000,"75% responders","P = 30"
"BL345",100,0.0140123456790123,0.0681126468812301,0.00681126468812301,0.730022524418145,"MIMOSA2 - DiD",0.000662266890291245,0.0273624244677334,"Prop_0.90",30,5e-04,"Low","Beta",2000,"90% responders","P = 30"
"BL346",100,0.00422222222222222,0.0480444363461933,0.00480444363461933,0.865028769493882,"MIMOSA2 - DiD",-0.00519448730163166,0.0136389317460761,"Prop_0.10",50,5e-04,"Low","Beta",2000,"10% responders","P = 50"
"BL347",100,0.0113929313929314,0.0314849116361843,0.00314849116361843,0.898633997907651,"MIMOSA2 - DiD",0.00522188871223929,0.0175639740736235,"Prop_0.25",50,5e-04,"Low","Beta",2000,"25% responders","P = 50"
"BL348",100,0.01472,0.0292096566293416,0.00292096566293416,0.8548717660708,"MIMOSA2 - DiD",0.00899490730064905,0.020445092699351,"Prop_0.50",50,5e-04,"Low","Beta",2000,"50% responders","P = 50"
"BL349",100,0.0143311403508772,0.030042095170482,0.0030042095170482,0.767232868273987,"MIMOSA2 - DiD",0.00844288969746274,0.0202193910042917,"Prop_0.75",50,5e-04,"Low","Beta",2000,"75% responders","P = 50"
"BL350",100,0.0062,0.0441395772757291,0.00441395772757291,0.767314936368228,"MIMOSA2 - DiD",-0.0024513571460429,0.0148513571460429,"Prop_0.90",50,5e-04,"Low","Beta",2000,"90% responders","P = 50"
"BL351",100,0.00759328358208955,0.0590059140782023,0.00590059140782023,0.741973230691654,"MIMOSA2 - DiD",-0.0039718755772381,0.0191584427414172,"Prop_0.10",75,5e-04,"Low","Beta",2000,"10% responders","P = 75"
"BL352",100,0.00726973684210526,0.0274692597772823,0.00274692597772823,0.871283615400484,"MIMOSA2 - DiD",0.00188576192575792,0.0126537117584526,"Prop_0.25",75,5e-04,"Low","Beta",2000,"25% responders","P = 75"
"BL353",100,0.017574679943101,0.0229360635972175,0.00229360635972175,0.801607217566266,"MIMOSA2 - DiD",0.0130792114780464,0.0220701484081556,"Prop_0.50",75,5e-04,"Low","Beta",2000,"50% responders","P = 75"
"BL354",100,0.0140507518796992,0.0208999307291603,0.00208999307291603,0.867658951126735,"MIMOSA2 - DiD",0.00995436545678383,0.0181471383026147,"Prop_0.75",75,5e-04,"Low","Beta",2000,"75% responders","P = 75"
"BL355",100,0.0130042016806723,0.0343782296485473,0.00343782296485473,0.777640318516502,"MIMOSA2 - DiD",0.00626606866955699,0.0197423346917876,"Prop_0.90",75,5e-04,"Low","Beta",2000,"90% responders","P = 75"
"BL356",100,0.00296111111111111,0.0378384716611029,0.00378384716611029,0.8726028009182,"MIMOSA2 - DiD",-0.00445522933446506,0.0103774515566873,"Prop_0.10",100,5e-04,"Low","Beta",2000,"10% responders","P = 100"
"BL357",100,0.0134853333333333,0.0241623615438554,0.00241623615438554,0.883028483700207,"MIMOSA2 - DiD",0.00874951047073769,0.018221156195929,"Prop_0.25",100,5e-04,"Low","Beta",2000,"25% responders","P = 100"
"BL358",100,0.017068,0.0214173953655066,0.00214173953655066,0.804488373980284,"MIMOSA2 - DiD",0.0128701905083607,0.0212658094916393,"Prop_0.50",100,5e-04,"Low","Beta",2000,"50% responders","P = 100"
"BL359",100,0.0167893333333333,0.0235340910781185,0.00235340910781185,0.794320100648924,"MIMOSA2 - DiD",0.0121766514820221,0.0214020151846445,"Prop_0.75",100,5e-04,"Low","Beta",2000,"75% responders","P = 100"
"BL360",100,0.0125333333333333,0.0296447057604456,0.00296447057604456,0.800691893886198,"MIMOSA2 - DiD",0.006722971004286,0.0183436956623807,"Prop_0.90",100,5e-04,"Low","Beta",2000,"90% responders","P = 100"
"BL361",92,-0.0996376811594203,0.244535731023094,0.0254946123351495,0.643878981530892,"MIMOSA2 - DiD",-0.149607121336313,-0.0496682409825273,"Prop_0.10",10,0.00025,"Low","Beta",2000,"10% responders","P = 10"
"BL362",100,-0.0433333333333333,0.136686516969667,0.0136686516969667,0.730164450482517,"MIMOSA2 - DiD",-0.0701238906593881,-0.0165427760072785,"Prop_0.25",10,0.00025,"Low","Beta",2000,"25% responders","P = 10"
"BL363",100,-0.026,0.130963793284691,0.0130963793284691,0.605493888282855,"MIMOSA2 - DiD",-0.0516689034837993,-0.000331096516200658,"Prop_0.50",10,0.00025,"Low","Beta",2000,"50% responders","P = 10"
"BL364",100,-0.0259375,0.118689760770964,0.0118689760770964,0.673606448560544,"MIMOSA2 - DiD",-0.049200693111109,-0.00267430688889104,"Prop_0.75",10,0.00025,"Low","Beta",2000,"75% responders","P = 10"
"BL365",100,-0.00111111111111111,0.183490562786617,0.0183490562786617,0.571614095978807,"MIMOSA2 - DiD",-0.0370752614172881,0.0348530391950659,"Prop_0.90",10,0.00025,"Low","Beta",2000,"90% responders","P = 10"
"BL366",100,-0.0441666666666667,0.126547350127994,0.0126547350127994,0.757574453174826,"MIMOSA2 - DiD",-0.0689699472917534,-0.0193633860415799,"Prop_0.10",20,0.00025,"Low","Beta",2000,"10% responders","P = 20"
"BL367",100,-0.0289333333333333,0.0953802479275716,0.00953802479275716,0.6915036265855,"MIMOSA2 - DiD",-0.0476278619271374,-0.0102388047395293,"Prop_0.25",20,0.00025,"Low","Beta",2000,"25% responders","P = 20"
"BL368",100,-0.01065,0.0638996016490642,0.00638996016490642,0.737633620203174,"MIMOSA2 - DiD",-0.0231743219232166,0.00187432192321658,"Prop_0.50",20,0.00025,"Low","Beta",2000,"50% responders","P = 20"
"BL369",100,6.66666666666732e-05,0.0715861343783927,0.00715861343783927,0.741529927205461,"MIMOSA2 - DiD",-0.0139642156714983,0.0140975490048316,"Prop_0.75",20,0.00025,"Low","Beta",2000,"75% responders","P = 20"
"BL370",100,-0.0223611111111111,0.0807419521964532,0.00807419521964532,0.825322951537722,"MIMOSA2 - DiD",-0.0381865337416159,-0.0065356884806063,"Prop_0.90",20,0.00025,"Low","Beta",2000,"90% responders","P = 20"
"BL371",100,-0.0191975308641975,0.0987572285843586,0.00987572285843586,0.806355323417042,"MIMOSA2 - DiD",-0.0385539476667318,0.000158885938336756,"Prop_0.10",30,0.00025,"Low","Beta",2000,"10% responders","P = 30"
"BL372",100,-0.0138636363636364,0.062617647432766,0.0062617647432766,0.797493220614855,"MIMOSA2 - DiD",-0.0261366952604585,-0.00159057746681422,"Prop_0.25",30,0.00025,"Low","Beta",2000,"25% responders","P = 30"
"BL373",100,-0.00482222222222222,0.0448478382376214,0.00448478382376214,0.829686801235067,"MIMOSA2 - DiD",-0.013612398516796,0.00396795407235157,"Prop_0.50",30,0.00025,"Low","Beta",2000,"50% responders","P = 30"
"BL374",100,-0.00127329192546584,0.0495167945386304,0.00495167945386304,0.787112510561698,"MIMOSA2 - DiD",-0.0109785836550374,0.00843199980410572,"Prop_0.75",30,0.00025,"Low","Beta",2000,"75% responders","P = 30"
"BL375",100,0.00376543209876543,0.0708873866935222,0.00708873866935222,0.73165271553312,"MIMOSA2 - DiD",-0.0101284956931649,0.0176593598906958,"Prop_0.90",30,0.00025,"Low","Beta",2000,"90% responders","P = 30"
"BL376",100,-0.00822222222222222,0.06262535751129,0.006262535751129,0.882043616939216,"MIMOSA2 - DiD",-0.0204967922944351,0.00405234784999062,"Prop_0.10",50,0.00025,"Low","Beta",2000,"10% responders","P = 50"
"BL377",100,-0.00435550935550936,0.0413522749618697,0.00413522749618697,0.834962225645238,"MIMOSA2 - DiD",-0.0124605552480358,0.00374953653701711,"Prop_0.25",50,0.00025,"Low","Beta",2000,"25% responders","P = 50"
"BL378",100,-0.001056,0.033271871579216,0.0033271871579216,0.839912231459594,"MIMOSA2 - DiD",-0.00757728682952633,0.00546528682952633,"Prop_0.50",50,0.00025,"Low","Beta",2000,"50% responders","P = 50"
"BL379",100,-0.00680921052631579,0.0369795612711883,0.00369795612711883,0.826379931944581,"MIMOSA2 - DiD",-0.0140572045354687,0.000438783482837117,"Prop_0.75",50,0.00025,"Low","Beta",2000,"75% responders","P = 50"
"BL380",100,-0.0106666666666667,0.0550744601346403,0.00550744601346403,0.721374866009024,"MIMOSA2 - DiD",-0.0214612608530562,0.000127927519722845,"Prop_0.90",50,0.00025,"Low","Beta",2000,"90% responders","P = 50"
"BL381",100,-0.00164179104477612,0.0537431202229978,0.00537431202229977,0.810823121595427,"MIMOSA2 - DiD",-0.0121754426084837,0.00889186051893144,"Prop_0.10",75,0.00025,"Low","Beta",2000,"10% responders","P = 75"
"BL382",100,-0.00363721804511279,0.0368758677579383,0.00368758677579383,0.789806442715364,"MIMOSA2 - DiD",-0.0108648881256687,0.00359045203544312,"Prop_0.25",75,0.00025,"Low","Beta",2000,"25% responders","P = 75"
"BL383",100,0.00200924608819346,0.0252229592083506,0.00252229592083506,0.85798116234795,"MIMOSA2 - DiD",-0.00293445391664326,0.00695294609303019,"Prop_0.50",75,0.00025,"Low","Beta",2000,"50% responders","P = 75"
"BL384",100,0.0012171052631579,0.027907481915667,0.0027907481915667,0.811152902594585,"MIMOSA2 - DiD",-0.00425276119231282,0.00668697171862862,"Prop_0.75",75,0.00025,"Low","Beta",2000,"75% responders","P = 75"
"BL385",100,-0.000525210084033617,0.0484452187663688,0.00484452187663688,0.711645553348183,"MIMOSA2 - DiD",-0.0100204729622419,0.00897005279417466,"Prop_0.90",75,0.00025,"Low","Beta",2000,"90% responders","P = 75"
"BL386",100,0.000655555555555545,0.0406883179715509,0.00406883179715509,0.888172424491896,"MIMOSA2 - DiD",-0.00731935476686844,0.00863046587797952,"Prop_0.10",100,0.00025,"Low","Beta",2000,"10% responders","P = 100"
"BL387",100,-0.000485333333333334,0.0309315541111442,0.00309315541111442,0.779019278120536,"MIMOSA2 - DiD",-0.00654791793911759,0.00557725127245092,"Prop_0.25",100,0.00025,"Low","Beta",2000,"25% responders","P = 100"
"BL388",100,-0.000787999999999994,0.0220102422439273,0.00220102422439273,0.838631997738349,"MIMOSA2 - DiD",-0.00510200747980975,0.00352600747980977,"Prop_0.50",100,0.00025,"Low","Beta",2000,"50% responders","P = 100"
"BL389",100,-0.00560533333333333,0.0267116114173553,0.00267116114173553,0.794969418990438,"MIMOSA2 - DiD",-0.010840809171135,-0.000369857495531698,"Prop_0.75",100,0.00025,"Low","Beta",2000,"75% responders","P = 100"
"BL390",100,-0.00138888888888889,0.0322087223549015,0.00322087223549015,0.869205963535066,"MIMOSA2 - DiD",-0.00770179847044958,0.0049240206926718,"Prop_0.90",100,0.00025,"Low","Beta",2000,"90% responders","P = 100"
"BL391",92,-0.0736714975845411,0.249420532566336,0.0260038881009365,0.461832565888192,"MIMOSA2 - DiD",-0.124639118262377,-0.0227038769067055,"Prop_0.10",10,0.000125,"Low","Beta",2000,"10% responders","P = 10"
"BL392",100,-0.0492857142857143,0.133759326016242,0.0133759326016242,0.68175998114758,"MIMOSA2 - DiD",-0.0755025421848976,-0.0230688863865309,"Prop_0.25",10,0.000125,"Low","Beta",2000,"25% responders","P = 10"
"BL393",100,-0.0326,0.122685604598737,0.0122685604598737,0.757442797226988,"MIMOSA2 - DiD",-0.0566463785013524,-0.00855362149864759,"Prop_0.50",10,0.000125,"Low","Beta",2000,"50% responders","P = 10"
"BL394",100,-0.0075,0.14597666116904,0.014597666116904,0.628628169585649,"MIMOSA2 - DiD",-0.0361114255891318,0.0211114255891318,"Prop_0.75",10,0.000125,"Low","Beta",2000,"75% responders","P = 10"
"BL395",100,-0.0183333333333333,0.121832610313403,0.0121832610313403,0.813616534176384,"MIMOSA2 - DiD",-0.0422125249547603,0.00554585828809366,"Prop_0.90",10,0.000125,"Low","Beta",2000,"90% responders","P = 10"
"BL396",100,-0.0479166666666667,0.154046297333496,0.0154046297333496,0.742339434288454,"MIMOSA2 - DiD",-0.0781097409440319,-0.0177235923893014,"Prop_0.10",20,0.000125,"Low","Beta",2000,"10% responders","P = 20"
"BL397",100,-0.0326666666666667,0.0963555891013397,0.00963555891013397,0.686957941704366,"MIMOSA2 - DiD",-0.0515523621305292,-0.0137809712028041,"Prop_0.25",20,0.000125,"Low","Beta",2000,"25% responders","P = 20"
"BL398",100,-0.01955,0.0683318366428848,0.00683318366428848,0.711230347132251,"MIMOSA2 - DiD",-0.0329430399820054,-0.00615696001799458,"Prop_0.50",20,0.000125,"Low","Beta",2000,"50% responders","P = 20"
"BL399",100,-0.00960000000000001,0.0798894859561004,0.00798894859561004,0.666161184311511,"MIMOSA2 - DiD",-0.0252583392473957,0.00605833924739568,"Prop_0.75",20,0.000125,"Low","Beta",2000,"75% responders","P = 20"
"BL400",100,-0.0238888888888889,0.0908094290975286,0.00908094290975286,0.813102352977346,"MIMOSA2 - DiD",-0.0416875369920045,-0.00609024078577327,"Prop_0.90",20,0.000125,"Low","Beta",2000,"90% responders","P = 20"
"BL401",100,-0.0500617283950617,0.11203181945165,0.011203181945165,0.773540321990851,"MIMOSA2 - DiD",-0.0720199650075851,-0.0281034917825383,"Prop_0.10",30,0.000125,"Low","Beta",2000,"10% responders","P = 30"
"BL402",100,-0.0242329545454546,0.0718523117934665,0.00718523117934665,0.75808187101605,"MIMOSA2 - DiD",-0.038316007656974,-0.0101499014339351,"Prop_0.25",30,0.000125,"Low","Beta",2000,"25% responders","P = 30"
"BL403",100,-0.0250444444444444,0.0553264456474347,0.00553264456474347,0.739751538863405,"MIMOSA2 - DiD",-0.0358884277913417,-0.0142004610975472,"Prop_0.50",30,0.000125,"Low","Beta",2000,"50% responders","P = 30"
"BL404",100,-0.00583850931677019,0.0580134823339355,0.00580134823339355,0.774643220205284,"MIMOSA2 - DiD",-0.0172091518542216,0.00553213322068118,"Prop_0.75",30,0.000125,"Low","Beta",2000,"75% responders","P = 30"
"BL405",100,-0.0087037037037037,0.0657330194810316,0.00657330194810316,0.804197868870839,"MIMOSA2 - DiD",-0.0215873755219859,0.0041799681145785,"Prop_0.90",30,0.000125,"Low","Beta",2000,"90% responders","P = 30"
"BL406",100,-0.0321111111111111,0.0802809476304183,0.00802809476304183,0.795352170089279,"MIMOSA2 - DiD",-0.0478461768466731,-0.0163760453755491,"Prop_0.10",50,0.000125,"Low","Beta",2000,"10% responders","P = 50"
"BL407",100,-0.0182952182952183,0.0515683705200292,0.00515683705200292,0.788840843652119,"MIMOSA2 - DiD",-0.028402618917144,-0.00818781767329257,"Prop_0.25",50,0.000125,"Low","Beta",2000,"25% responders","P = 50"
"BL408",100,-0.014496,0.0405660601533306,0.00405660601533306,0.830501964572434,"MIMOSA2 - DiD",-0.0224469477900528,-0.00654505220994721,"Prop_0.50",50,0.000125,"Low","Beta",2000,"50% responders","P = 50"
"BL409",100,-0.0226864035087719,0.0394517405952463,0.00394517405952463,0.8110583151186,"MIMOSA2 - DiD",-0.0304189446654402,-0.0149538623521037,"Prop_0.75",50,0.000125,"Low","Beta",2000,"75% responders","P = 50"
"BL410",100,-0.0254,0.0629223517275543,0.00629223517275543,0.752103585563377,"MIMOSA2 - DiD",-0.0377327809386006,-0.0130672190613994,"Prop_0.90",50,0.000125,"Low","Beta",2000,"90% responders","P = 50"
"BL411",100,-0.0140578358208955,0.0577855333468391,0.00577855333468391,0.833335283837565,"MIMOSA2 - DiD",-0.025383800356876,-0.00273187128491506,"Prop_0.10",75,0.000125,"Low","Beta",2000,"10% responders","P = 75"
"BL412",100,-0.0209774436090226,0.0329205298740659,0.00329205298740659,0.83834112084109,"MIMOSA2 - DiD",-0.0274298674643395,-0.0145250197537056,"Prop_0.25",75,0.000125,"Low","Beta",2000,"25% responders","P = 75"
"BL413",100,-0.0156543385490754,0.0237410314467464,0.00237410314467464,0.87266042937622,"MIMOSA2 - DiD",-0.0203075807126377,-0.0110010963855131,"Prop_0.50",75,0.000125,"Low","Beta",2000,"50% responders","P = 75"
"BL414",100,-0.0237453007518797,0.0363308123613953,0.00363308123613953,0.711404674096662,"MIMOSA2 - DiD",-0.0308661399747132,-0.0166244615290462,"Prop_0.75",75,0.000125,"Low","Beta",2000,"75% responders","P = 75"
"BL415",100,-0.0269012605042017,0.0447365090672421,0.00447365090672421,0.765020846917745,"MIMOSA2 - DiD",-0.0356696162813811,-0.0181329047270222,"Prop_0.90",75,0.000125,"Low","Beta",2000,"90% responders","P = 75"
"BL416",100,-0.0116722222222222,0.0449378126094269,0.00449378126094269,0.836313139792969,"MIMOSA2 - DiD",-0.0204800334936699,-0.00286441095077455,"Prop_0.10",100,0.000125,"Low","Beta",2000,"10% responders","P = 100"
"BL417",100,-0.014312,0.030044111049492,0.0030044111049492,0.828270215596158,"MIMOSA2 - DiD",-0.0202006457657004,-0.00842335423429957,"Prop_0.25",100,0.000125,"Low","Beta",2000,"25% responders","P = 100"
"BL418",100,-0.015204,0.0246311780744108,0.00246311780744108,0.811794685659859,"MIMOSA2 - DiD",-0.0200317109025845,-0.0103762890974155,"Prop_0.50",100,0.000125,"Low","Beta",2000,"50% responders","P = 100"
"BL419",100,-0.020096,0.0277032864946348,0.00277032864946348,0.83240561486693,"MIMOSA2 - DiD",-0.0255258441529484,-0.0146661558470516,"Prop_0.75",100,0.000125,"Low","Beta",2000,"75% responders","P = 100"
"BL420",100,-0.0166777777777778,0.0342736779194974,0.00342736779194974,0.86120662134768,"MIMOSA2 - DiD",-0.0233954186499993,-0.00996013690555629,"Prop_0.90",100,0.000125,"Low","Beta",2000,"90% responders","P = 100"
"BL421",95,-0.0532163742690058,0.226309310945787,0.0232188453905685,0.692478480009982,"MIMOSA2 - DiD",-0.0987253112345201,-0.00770743730349159,"Prop_0.10",10,6.25e-05,"Low","Beta",2000,"10% responders","P = 10"
"BL422",97,-0.0419734904270987,0.13388549553636,0.0135940124459857,0.69054576435935,"MIMOSA2 - DiD",-0.0686177548212307,-0.0153292260329667,"Prop_0.25",10,6.25e-05,"Low","Beta",2000,"25% responders","P = 10"
"BL423",100,-0.0298,0.113618002557035,0.0113618002557035,0.711587851487504,"MIMOSA2 - DiD",-0.0520691285011789,-0.00753087149882105,"Prop_0.50",10,6.25e-05,"Low","Beta",2000,"50% responders","P = 10"
"BL424",100,-0.0525,0.12918193946852,0.012918193946852,0.663130940225027,"MIMOSA2 - DiD",-0.07781966013583,-0.02718033986417,"Prop_0.75",10,6.25e-05,"Low","Beta",2000,"75% responders","P = 10"
"BL425",100,-0.0177777777777778,0.168781937900406,0.0168781937900406,0.709087331290159,"MIMOSA2 - DiD",-0.0508590376062574,0.0153034820507019,"Prop_0.90",10,6.25e-05,"Low","Beta",2000,"90% responders","P = 10"
"BL426",100,-0.0651388888888889,0.159494176733108,0.0159494176733108,0.651689633036781,"MIMOSA2 - DiD",-0.0963997475285781,-0.0338780302491996,"Prop_0.10",20,6.25e-05,"Low","Beta",2000,"10% responders","P = 20"
"BL427",100,-0.0229333333333333,0.0969770704267364,0.00969770704267364,0.742221599213613,"MIMOSA2 - DiD",-0.0419408391369737,-0.003925827529693,"Prop_0.25",20,6.25e-05,"Low","Beta",2000,"25% responders","P = 20"
"BL428",100,-0.0348,0.0715023486228659,0.00715023486228659,0.72032989604558,"MIMOSA2 - DiD",-0.0488144603300817,-0.0207855396699183,"Prop_0.50",20,6.25e-05,"Low","Beta",2000,"50% responders","P = 20"
"BL429",100,-0.0377333333333333,0.0732581187588468,0.00732581187588468,0.787372069965305,"MIMOSA2 - DiD",-0.0520919246100673,-0.0233747420565994,"Prop_0.75",20,6.25e-05,"Low","Beta",2000,"75% responders","P = 20"
"BL430",100,-0.0261111111111111,0.0904051376517378,0.00904051376517378,0.817170884076421,"MIMOSA2 - DiD",-0.0438305180908517,-0.0083917041313705,"Prop_0.90",20,6.25e-05,"Low","Beta",2000,"90% responders","P = 20"
"BL431",100,-0.00975308641975309,0.0908413175973702,0.00908413175973702,0.782819249578118,"MIMOSA2 - DiD",-0.0275579846688376,0.00805181182933147,"Prop_0.10",30,6.25e-05,"Low","Beta",2000,"10% responders","P = 30"
"BL432",100,-0.0403409090909091,0.0677090858479826,0.00677090858479826,0.766150976735069,"MIMOSA2 - DiD",-0.0536118899171137,-0.0270699282647045,"Prop_0.25",30,6.25e-05,"Low","Beta",2000,"25% responders","P = 30"
"BL433",100,-0.0313111111111111,0.0480865651232731,0.00480865651232731,0.806023860472637,"MIMOSA2 - DiD",-0.0407360778752726,-0.0218861443469496,"Prop_0.50",30,6.25e-05,"Low","Beta",2000,"50% responders","P = 30"
"BL434",100,-0.0281366459627329,0.0540141856664157,0.00540141856664157,0.801895100065769,"MIMOSA2 - DiD",-0.0387234263533504,-0.0175498655721154,"Prop_0.75",30,6.25e-05,"Low","Beta",2000,"75% responders","P = 30"
"BL435",100,-0.0282098765432099,0.102074111207694,0.0102074111207694,0.654253031666855,"MIMOSA2 - DiD",-0.0482164023399179,-0.00820335074650184,"Prop_0.90",30,6.25e-05,"Low","Beta",2000,"90% responders","P = 30"
"BL436",100,-0.0214,0.0767890693212767,0.00767890693212767,0.807439900775258,"MIMOSA2 - DiD",-0.0364506575869702,-0.00634934241302977,"Prop_0.10",50,6.25e-05,"Low","Beta",2000,"10% responders","P = 50"
"BL437",100,-0.0243762993762994,0.0440288218288301,0.00440288218288301,0.869023416683448,"MIMOSA2 - DiD",-0.0330059484547501,-0.0157466502978487,"Prop_0.25",50,6.25e-05,"Low","Beta",2000,"25% responders","P = 50"
"BL438",100,-0.029584,0.036734237243457,0.0036734237243457,0.78757838378214,"MIMOSA2 - DiD",-0.0367839104997176,-0.0223840895002824,"Prop_0.50",50,6.25e-05,"Low","Beta",2000,"50% responders","P = 50"
"BL439",100,-0.0319736842105263,0.0415442814952647,0.00415442814952647,0.721922536073021,"MIMOSA2 - DiD",-0.0401163633835982,-0.0238310050374544,"Prop_0.75",50,6.25e-05,"Low","Beta",2000,"75% responders","P = 50"
"BL440",100,-0.0237777777777778,0.0556766357330832,0.00556766357330832,0.745644028941231,"MIMOSA2 - DiD",-0.0346903983814621,-0.0128651571740935,"Prop_0.90",50,6.25e-05,"Low","Beta",2000,"90% responders","P = 50"
"BL441",100,-0.0330970149253731,0.0604931121789972,0.00604931121789972,0.795881432939792,"MIMOSA2 - DiD",-0.0449536649124566,-0.0212403649382897,"Prop_0.10",75,6.25e-05,"Low","Beta",2000,"10% responders","P = 75"
"BL442",100,-0.0227208646616541,0.0413313903397026,0.00413313903397026,0.842836111839862,"MIMOSA2 - DiD",-0.0308218171682359,-0.0146199121550724,"Prop_0.25",75,6.25e-05,"Low","Beta",2000,"25% responders","P = 75"
"BL443",100,-0.0242105263157895,0.0294045394024908,0.00294045394024908,0.839823040938129,"MIMOSA2 - DiD",-0.0299738160386777,-0.0184472365929013,"Prop_0.50",75,6.25e-05,"Low","Beta",2000,"50% responders","P = 75"
"BL444",100,-0.0285808270676692,0.0328114540447037,0.00328114540447037,0.811751039712039,"MIMOSA2 - DiD",-0.0350118720604311,-0.0221497820749072,"Prop_0.75",75,6.25e-05,"Low","Beta",2000,"75% responders","P = 75"
"BL445",100,-0.0263235294117647,0.0530471523960951,0.00530471523960951,0.719673898640929,"MIMOSA2 - DiD",-0.0367207712813993,-0.0159262875421301,"Prop_0.90",75,6.25e-05,"Low","Beta",2000,"90% responders","P = 75"
"BL446",100,-0.0144388888888889,0.0521121110919444,0.00521121110919444,0.858834915879341,"MIMOSA2 - DiD",-0.02465286266291,-0.00422491511486778,"Prop_0.10",100,6.25e-05,"Low","Beta",2000,"10% responders","P = 100"
"BL447",100,-0.0211893333333333,0.0313223287789187,0.00313223287789187,0.836783246076314,"MIMOSA2 - DiD",-0.0273285097740014,-0.0150501568926653,"Prop_0.25",100,6.25e-05,"Low","Beta",2000,"25% responders","P = 100"
"BL448",100,-0.018512,0.0268439308265802,0.00268439308265802,0.750197613839893,"MIMOSA2 - DiD",-0.0237734104420097,-0.0132505895579903,"Prop_0.50",100,6.25e-05,"Low","Beta",2000,"50% responders","P = 100"
"BL449",100,-0.0282533333333333,0.0298613120500639,0.00298613120500639,0.768729063740128,"MIMOSA2 - DiD",-0.0341061504951459,-0.0224005161715208,"Prop_0.75",100,6.25e-05,"Low","Beta",2000,"75% responders","P = 100"
"BL450",100,-0.03465,0.0396816467672508,0.00396816467672508,0.807460616825424,"MIMOSA2 - DiD",-0.0424276027663812,-0.0268723972336188,"Prop_0.90",100,6.25e-05,"Low","Beta",2000,"90% responders","P = 100"
