"P","Cell_range","Method","Alpha","P(any false call)","Per-subject FPR","Mean calls","Fail_rate"
10,"High","DiD (BH)",0.01,"0.000 (0.000)","0.000 (0.000)",0,0
20,"High","DiD (BH)",0.01,"0.010 (0.010)","0.000 (0.000)",0.01,0
30,"High","DiD (BH)",0.01,"0.010 (0.010)","0.000 (0.000)",0.01,0
50,"High","DiD (BH)",0.01,"0.010 (0.010)","0.000 (0.000)",0.01,0
75,"High","DiD (BH)",0.01,"0.000 (0.000)","0.000 (0.000)",0,0
100,"High","DiD (BH)",0.01,"0.000 (0.000)","0.000 (0.000)",0,0
10,"Medium","DiD (BH)",0.01,"0.010 (0.010)","0.001 (0.001)",0.01,0
20,"Medium","DiD (BH)",0.01,"0.020 (0.014)","0.001 (0.001)",0.02,0
30,"Medium","DiD (BH)",0.01,"0.000 (0.000)","0.000 (0.000)",0,0
50,"Medium","DiD (BH)",0.01,"0.000 (0.000)","0.000 (0.000)",0,0
75,"Medium","DiD (BH)",0.01,"0.000 (0.000)","0.000 (0.000)",0,0
100,"Medium","DiD (BH)",0.01,"0.000 (0.000)","0.000 (0.000)",0,0
10,"Low","DiD (BH)",0.01,"0.000 (0.000)","0.000 (0.000)",0,0
20,"Low","DiD (BH)",0.01,"0.000 (0.000)","0.000 (0.000)",0,0
30,"Low","DiD (BH)",0.01,"0.000 (0.000)","0.000 (0.000)",0,0
50,"Low","DiD (BH)",0.01,"0.000 (0.000)","0.000 (0.000)",0,0
75,"Low","DiD (BH)",0.01,"0.000 (0.000)","0.000 (0.000)",0,0
100,"Low","DiD (BH)",0.01,"0.000 (0.000)","0.000 (0.000)",0,0
10,"High","DiD (unadjusted)",0.01,"0.040 (0.020)","0.004 (0.002)",0.04,0
20,"High","DiD (unadjusted)",0.01,"0.140 (0.035)","0.007 (0.002)",0.14,0
30,"High","DiD (unadjusted)",0.01,"0.150 (0.036)","0.006 (0.001)",0.17,0
50,"High","DiD (unadjusted)",0.01,"0.280 (0.045)","0.007 (0.001)",0.33,0
75,"High","DiD (unadjusted)",0.01,"0.400 (0.049)","0.006 (0.001)",0.48,0
100,"High","DiD (unadjusted)",0.01,"0.540 (0.050)","0.007 (0.001)",0.68,0
10,"Medium","DiD (unadjusted)",0.01,"0.090 (0.029)","0.009 (0.003)",0.09,0
20,"Medium","DiD (unadjusted)",0.01,"0.120 (0.033)","0.006 (0.002)",0.12,0
30,"Medium","DiD (unadjusted)",0.01,"0.060 (0.024)","0.002 (0.001)",0.07,0
50,"Medium","DiD (unadjusted)",0.01,"0.210 (0.041)","0.005 (0.001)",0.23,0
75,"Medium","DiD (unadjusted)",0.01,"0.320 (0.047)","0.005 (0.001)",0.38,0
100,"Medium","DiD (unadjusted)",0.01,"0.440 (0.050)","0.006 (0.001)",0.59,0
10,"Low","DiD (unadjusted)",0.01,"0.050 (0.022)","0.005 (0.002)",0.05,0
20,"Low","DiD (unadjusted)",0.01,"0.060 (0.024)","0.003 (0.001)",0.06,0
30,"Low","DiD (unadjusted)",0.01,"0.080 (0.027)","0.003 (0.001)",0.08,0
50,"Low","DiD (unadjusted)",0.01,"0.150 (0.036)","0.003 (0.001)",0.16,0
75,"Low","DiD (unadjusted)",0.01,"0.220 (0.042)","0.004 (0.001)",0.27,0
100,"Low","DiD (unadjusted)",0.01,"0.330 (0.047)","0.004 (0.001)",0.41,0
10,"High","MIMOSA2",0.01,"0.000 (0.000)","0.000 (0.000)",0,0.07
20,"High","MIMOSA2",0.01,"0.000 (0.000)","0.000 (0.000)",0,0
30,"High","MIMOSA2",0.01,"0.010 (0.010)","0.000 (0.000)",0.01,0
50,"High","MIMOSA2",0.01,"0.000 (0.000)","0.000 (0.000)",0,0
75,"High","MIMOSA2",0.01,"0.020 (0.014)","0.000 (0.000)",0.02,0
100,"High","MIMOSA2",0.01,"0.000 (0.000)","0.000 (0.000)",0,0
10,"Medium","MIMOSA2",0.01,"0.011 (0.011)","0.001 (0.001)",0.01,0.12
20,"Medium","MIMOSA2",0.01,"0.020 (0.014)","0.001 (0.001)",0.02,0
30,"Medium","MIMOSA2",0.01,"0.010 (0.010)","0.000 (0.000)",0.01,0
50,"Medium","MIMOSA2",0.01,"0.010 (0.010)","0.000 (0.000)",0.01,0
75,"Medium","MIMOSA2",0.01,"0.000 (0.000)","0.000 (0.000)",0,0
100,"Medium","MIMOSA2",0.01,"0.010 (0.010)","0.000 (0.000)",0.01,0
10,"Low","MIMOSA2",0.01,"0.011 (0.011)","0.001 (0.001)",0.01,0.1
20,"Low","MIMOSA2",0.01,"0.010 (0.010)","0.001 (0.001)",0.01,0.02
30,"Low","MIMOSA2",0.01,"0.010 (0.010)","0.000 (0.000)",0.01,0
50,"Low","MIMOSA2",0.01,"0.010 (0.010)","0.000 (0.000)",0.01,0
75,"Low","MIMOSA2",0.01,"0.020 (0.014)","0.000 (0.000)",0.02,0
100,"Low","MIMOSA2",0.01,"0.010 (0.010)","0.000 (0.000)",0.01,0
10,"High","DiD (BH)",0.05,"0.020 (0.014)","0.002 (0.001)",0.02,0
20,"High","DiD (BH)",0.05,"0.050 (0.022)","0.002 (0.001)",0.05,0
30,"High","DiD (BH)",0.05,"0.040 (0.020)","0.002 (0.001)",0.05,0
50,"High","DiD (BH)",0.05,"0.050 (0.022)","0.001 (0.000)",0.05,0
75,"High","DiD (BH)",0.05,"0.020 (0.014)","0.000 (0.000)",0.02,0
100,"High","DiD (BH)",0.05,"0.030 (0.017)","0.000 (0.000)",0.03,0
10,"Medium","DiD (BH)",0.05,"0.050 (0.022)","0.005 (0.002)",0.05,0
20,"Medium","DiD (BH)",0.05,"0.020 (0.014)","0.001 (0.001)",0.02,0
30,"Medium","DiD (BH)",0.05,"0.010 (0.010)","0.000 (0.000)",0.01,0
50,"Medium","DiD (BH)",0.05,"0.000 (0.000)","0.000 (0.000)",0,0
75,"Medium","DiD (BH)",0.05,"0.010 (0.010)","0.000 (0.000)",0.01,0
100,"Medium","DiD (BH)",0.05,"0.060 (0.024)","0.001 (0.000)",0.06,0
10,"Low","DiD (BH)",0.05,"0.020 (0.014)","0.002 (0.001)",0.02,0
20,"Low","DiD (BH)",0.05,"0.020 (0.014)","0.001 (0.001)",0.02,0
30,"Low","DiD (BH)",0.05,"0.010 (0.010)","0.000 (0.000)",0.01,0
50,"Low","DiD (BH)",0.05,"0.000 (0.000)","0.000 (0.000)",0,0
75,"Low","DiD (BH)",0.05,"0.010 (0.010)","0.000 (0.000)",0.01,0
100,"Low","DiD (BH)",0.05,"0.000 (0.000)","0.000 (0.000)",0,0
10,"High","DiD (unadjusted)",0.05,"0.220 (0.042)","0.024 (0.005)",0.24,0
20,"High","DiD (unadjusted)",0.05,"0.490 (0.050)","0.035 (0.004)",0.69,0
30,"High","DiD (unadjusted)",0.05,"0.640 (0.048)","0.032 (0.003)",0.96,0
50,"High","DiD (unadjusted)",0.05,"0.740 (0.044)","0.029 (0.002)",1.47,0
75,"High","DiD (unadjusted)",0.05,"0.920 (0.027)","0.034 (0.002)",2.52,0
100,"High","DiD (unadjusted)",0.05,"0.970 (0.017)","0.031 (0.002)",3.11,0
10,"Medium","DiD (unadjusted)",0.05,"0.320 (0.047)","0.035 (0.005)",0.35,0
20,"Medium","DiD (unadjusted)",0.05,"0.570 (0.050)","0.039 (0.004)",0.77,0
30,"Medium","DiD (unadjusted)",0.05,"0.580 (0.050)","0.029 (0.003)",0.86,0
50,"Medium","DiD (unadjusted)",0.05,"0.770 (0.042)","0.029 (0.002)",1.46,0
75,"Medium","DiD (unadjusted)",0.05,"0.850 (0.036)","0.026 (0.002)",1.96,0
100,"Medium","DiD (unadjusted)",0.05,"0.970 (0.017)","0.030 (0.002)",3.02,0
10,"Low","DiD (unadjusted)",0.05,"0.230 (0.042)","0.025 (0.005)",0.25,0
20,"Low","DiD (unadjusted)",0.05,"0.370 (0.049)","0.024 (0.003)",0.47,0
30,"Low","DiD (unadjusted)",0.05,"0.560 (0.050)","0.025 (0.003)",0.74,0
50,"Low","DiD (unadjusted)",0.05,"0.730 (0.045)","0.024 (0.002)",1.18,0
75,"Low","DiD (unadjusted)",0.05,"0.900 (0.030)","0.026 (0.002)",1.96,0
100,"Low","DiD (unadjusted)",0.05,"0.960 (0.020)","0.026 (0.002)",2.59,0
10,"High","MIMOSA2",0.05,"0.022 (0.015)","0.002 (0.002)",0.02,0.07
20,"High","MIMOSA2",0.05,"0.030 (0.017)","0.002 (0.001)",0.03,0
30,"High","MIMOSA2",0.05,"0.040 (0.020)","0.001 (0.001)",0.04,0
50,"High","MIMOSA2",0.05,"0.060 (0.024)","0.001 (0.001)",0.07,0
75,"High","MIMOSA2",0.05,"0.070 (0.026)","0.001 (0.000)",0.08,0
100,"High","MIMOSA2",0.05,"0.070 (0.026)","0.001 (0.000)",0.07,0
10,"Medium","MIMOSA2",0.05,"0.011 (0.011)","0.001 (0.001)",0.01,0.12
20,"Medium","MIMOSA2",0.05,"0.020 (0.014)","0.001 (0.001)",0.02,0
30,"Medium","MIMOSA2",0.05,"0.010 (0.010)","0.001 (0.001)",0.02,0
50,"Medium","MIMOSA2",0.05,"0.080 (0.027)","0.002 (0.001)",0.08,0
75,"Medium","MIMOSA2",0.05,"0.070 (0.026)","0.001 (0.000)",0.08,0
100,"Medium","MIMOSA2",0.05,"0.140 (0.035)","0.002 (0.000)",0.15,0
10,"Low","MIMOSA2",0.05,"0.078 (0.028)","0.009 (0.003)",0.09,0.1
20,"Low","MIMOSA2",0.05,"0.061 (0.024)","0.004 (0.001)",0.07,0.02
30,"Low","MIMOSA2",0.05,"0.100 (0.030)","0.004 (0.001)",0.11,0
50,"Low","MIMOSA2",0.05,"0.090 (0.029)","0.002 (0.001)",0.1,0
75,"Low","MIMOSA2",0.05,"0.120 (0.033)","0.002 (0.000)",0.13,0
100,"Low","MIMOSA2",0.05,"0.190 (0.039)","0.002 (0.000)",0.19,0
