"Family","Draw","mu","target_sd","mean_ratio","sd_ratio","skewness","p_below_mu_over_10"
"Beta","any",1e-04,9.999000049995e-05,1.00088642896038,1.00105009077744,2.00699491687401,0.094967
"Beta","any",0.0001625,0.000127458757257082,0.999325083681401,0.99911305052864,1.56923837175921,0.032531
"Beta","any",0.000225,0.000149975625456862,0.999219617144685,1.00023979319061,1.33733580988676,0.011726
"Beta","any",0.00035,0.000187040775166386,0.999553829643203,0.999707336760104,1.06088191721283,0.001737
"Beta","any",0.0011,0.000331463441722734,1.00019571131086,0.999688867242338,0.597735359807631,0
"EG","any",1e-04,9.999000049995e-05,0.998148869169284,0.996512276789321,3.20656804680541,0.021162
"EG","any",0.0001625,0.000127458757257082,1.00067922159217,1.00182071051073,2.41349186783912,0.004311
"EG","any",0.000225,0.000149975625456862,1.0004092683075,1.00124771387338,1.98389773876496,0.000898
"EG","any",0.00035,0.000187040775166386,0.999581020918294,0.999079379375651,1.53884311491843,3.9e-05
"EG","any",0.0011,0.000331463441722734,0.999945783327692,1.0003234669698,0.822371423057378,0
"LN","any",1e-04,9.999000049995e-05,1.00028076300104,0.999483892386802,3.95359352387884,0.009451
"LN","any",0.0001625,0.000127458757257082,1.00007429908464,0.997586505040543,2.82635686777324,0.001355
"LN","any",0.000225,0.000149975625456862,0.999655217414951,0.99852370615568,2.25601001416088,0.000268
"LN","any",0.00035,0.000187040775166386,1.00057368085482,1.0008047957723,1.76498462271549,3e-06
"LN","any",0.0011,0.000331463441722734,1.00007887962098,0.999957462537041,0.933932936852158,0
"SX","any",1e-04,9.999000049995e-05,0.99882751402986,0.999613958339975,3.01658689347955,0.004103
"SX","any",0.0001625,0.000127458757257082,0.998565934125874,0.997546527048852,2.35440290068166,0.000268
"SX","any",0.000225,0.000149975625456862,1.00049315853957,1.00284687604347,2.01365018541092,1.9e-05
"SX","any",0.00035,0.000187040775166386,1.00065982096486,1.0021030098608,1.6093678556712,0
"SX","any",0.0011,0.000331463441722734,1.0000041200447,1.00197651068924,0.904884064704082,0
"BB","u",1e-04,9.999000049995e-05,0.999959655468913,1.00061035176591,2.00162390424416,0.095482
"BB","s",1e-04,9.999000049995e-05,0.999613459096184,0.999562065107814,1.0002254281163,0.071395
"BB","u",0.0001625,0.000127458757257082,1.00051470206562,0.998607191936389,1.55445948249586,0.032339
"BB","s",0.0001625,0.000127458757257082,1.00047508884598,1.00048916722033,0.979279417156194,0.002952
"BB","u",0.000225,0.000149975625456862,1.00041605579428,1.00109677164156,1.32968819062109,0.01157
"BB","s",0.000225,0.000149975625456862,0.998447082061423,0.999373900390307,0.977280951108531,7e-05
"BB","u",0.00035,0.000187040775166386,0.999347495396136,0.9997663304802,1.07250953239041,0.00162
"BB","s",0.00035,0.000187040775166386,0.99923294329134,0.998771987751109,0.967543347876363,0
"BB","u",0.0011,0.000331463441722734,0.999691210904448,0.999401317027935,0.603359951507047,0
"BB","s",0.0011,0.000331463441722734,0.999637981401954,0.999736202621566,0.958240760642852,0
"EG (v2: k = 113)","any",1e-04,9.999000049995e-05,1.0004574437465,1.0005714602373,3.24201589769418,0.021223
"LN (v2: phi = 2.05, median = mu)","any",1e-04,9.999000049995e-05,1.27523421373357,1.0104530604321,2.88036479537151,0.000485
"EG (v2: k = 113)","any",0.0001625,0.000127458757257082,0.998557512713296,1.18737814842286,2.96939868006827,0.014807
"LN (v2: phi = 2.05, median = mu)","any",0.0001625,0.000127458757257082,1.27644488185353,1.28863487156792,2.8221349602299,0.000485
"EG (v2: k = 113)","any",0.000225,0.000149975625456862,0.999552857270418,1.33182629564195,2.7845010690573,0.011294
"LN (v2: phi = 2.05, median = mu)","any",0.000225,0.000149975625456862,1.27480444306493,1.50848923367594,2.77144278831041,0.000508
"EG (v2: k = 113)","any",0.00035,0.000187040775166386,1.0004140776399,1.55360222883607,2.53951605255199,0.007269
"LN (v2: phi = 2.05, median = mu)","any",0.00035,0.000187040775166386,1.27596466949809,1.89363769792705,2.84353392350262,0.000502
"EG (v2: k = 113)","any",0.0011,0.000331463441722734,1.00050864659666,2.28463608933421,1.99918204803816,0.001652
"LN (v2: phi = 2.05, median = mu)","any",0.0011,0.000331463441722734,1.27438088813359,3.33721260346338,2.76969091624404,0.000485
