"Family","Phi","Effect","Source","n_profile","rho_realised","n_stuck_redraws","mean_true_delta_resp","ratio_to_nominal","median_true_delta_resp","mean_ps1_resp","ratio_R1","ratio_R2","ratio_R3","ratio_R4","expected_extra_cells_at_15k"
"Beta",2000,0.001,"baseline","5000/5000/5000/5000/5000/5000/5000/5000",0.5,0,0.000785417284203467,0.785417284203467,0.000598630590585238,0.00116759212182122,0.966321673496848,1.04553783633942,0.159957070789628,0.969852556187971,11.781259263052
"Beta",2000,6.25e-05,"baseline","5000/5000/5000/5000/5000/5000/5000/5000",0.5,0,0.000260402590903533,4.16644145445653,0.000123687584623158,0.000343262023746105,5.50226778598332,3.41063735471519,2.16715504079816,5.58570563632943,3.90603886355299
"Beta",10000,0.001,"prior","5000/5000/5000/5000/5000/5000/5000/5000",0.5,0,0.000661388444101888,0.661388444101888,0.000671340235343309,0.00110543670249257,0.784950897285006,0.994152415996257,0.10142477340889,0.7650256897174,9.92082666152833
"Beta",10000,6.25e-05,"prior","5000/5000/5000/5000/5000/5000/5000/5000",0.5,0,0.000127196327841143,2.03514124545828,9.21094162791074e-05,0.000260408035126225,2.18298096856004,2.19190199071,1.62846759039614,2.13721443216695,1.90794491761714
"EG",10000,0.001,"prior","5000/5000/5000/5000/5000/5000/5000/5000",0.5,0,0.000655555538273712,0.655555538273712,0.00066371612807856,0.00110330965894661,0.778455794827844,0.999317065543046,0.0916532578280118,0.752796034895947,9.83333307410568
"EG",10000,6.25e-05,"prior","5000/5000/5000/5000/5000/5000/5000/5000",0.5,1,0.000127375378123558,2.03800604997694,8.35446300871835e-05,0.000271422484284939,2.34918020939134,2.11071725390416,1.46287705723447,2.22924967937777,1.91063067185338
"LN",10000,0.001,"prior","5000/5000/5000/5000/5000/5000/5000/5000",0.5,0,0.000657346996306406,0.657346996306406,0.00066775154059131,0.00110800892035686,0.772434872620532,0.996703822505557,0.0897950413833029,0.770454248716233,9.86020494459609
"LN",10000,6.25e-05,"prior","5000/5000/5000/5000/5000/5000/5000/5000",0.5,1,0.000123347247442208,1.97355595907533,7.98829937454315e-05,0.000270651843656973,2.27019218275624,2.04457991688331,1.36190279766478,2.21754893899698,1.85020871163312
"SX",10000,0.001,"prior","5000/5000/5000/5000/5000/5000/5000/5000",0.5,0,0.000657707314537851,0.657707314537851,0.000665798618947208,0.00110245622994263,0.77085905419154,1.00128308976951,0.0913463644063555,0.767340749783999,9.86560971806777
"SX",10000,6.25e-05,"prior","5000/5000/5000/5000/5000/5000/5000/5000",0.5,2,0.000125245999855447,2.00393599768716,8.14075887657106e-05,0.000272634344468432,2.25942466819555,2.06586678859086,1.41773948601074,2.27271304795148,1.87868999783171
"BB",10000,0.001,"prior","5000/5000/5000/5000/5000/5000/5000/5000",0.5,0,0.000649671480164778,0.649671480164778,0.000659076403540739,0.0010956898735167,0.752302845219938,0.993635597678625,0.100933148429675,0.751814329330874,9.74507220247167
"BB",10000,6.25e-05,"prior","5000/5000/5000/5000/5000/5000/5000/5000",0.5,88,0.000123566533056129,1.97706452889806,9.82361706430103e-05,0.000267930227065901,1.9424377165151,2.29361199780567,1.6000833704747,2.07212503079678,1.85349799584193
