"Scenario_ID","rho_realised","n_resp_eval","mean_true_delta_resp","share_zero_ns1","share_datasets_with_stuck_redraw","Effect_focal","Effect_other","P_focal","P_other","Res_prop","Cell_range","Distribution","Phi"
"EH190",0.5,10,0.000453022989153374,0.1989,0,5e-04,0.000625,20,80,"Prop_0.50","Low","Beta",5000
"EH191",0.5,10,0.000533361842589077,0.1956,0,5e-04,8e-04,20,80,"Prop_0.50","Low","Beta",5000
"EH192",0.5,10,0.000635947729564958,0.1959,0,5e-04,0.001,20,80,"Prop_0.50","Low","Beta",5000
"EH193",0.5,10,0.00599589357066402,0.2009,0,5e-04,0.01,20,80,"Prop_0.50","Low","Beta",5000
"EH194",0.5,10,0.0300641060808533,0.1982,0,5e-04,0.05,20,80,"Prop_0.50","Low","Beta",5000
"EH199",0.5,25,0.000423207363708841,0.2037,0,5e-04,0.000625,50,50,"Prop_0.50","Low","Beta",5000
"EH200",0.5,25,0.000479473638614289,0.2063,0,5e-04,8e-04,50,50,"Prop_0.50","Low","Beta",5000
"EH201",0.5,25,0.000543103725274907,0.2051,0,5e-04,0.001,50,50,"Prop_0.50","Low","Beta",5000
"EH202",0.5,25,0.00390288528298096,0.1993,0,5e-04,0.01,50,50,"Prop_0.50","Low","Beta",5000
"EH203",0.5,25,0.0188750257250137,0.2016,0,5e-04,0.05,50,50,"Prop_0.50","Low","Beta",5000
"EH208",0.5,40,0.000403867386319791,0.2038,0,5e-04,0.000625,80,20,"Prop_0.50","Low","Beta",5000
"EH209",0.5,40,0.000417850550365472,0.2037,0,5e-04,8e-04,80,20,"Prop_0.50","Low","Beta",5000
"EH210",0.5,40,0.000449752369041588,0.2078,0,5e-04,0.001,80,20,"Prop_0.50","Low","Beta",5000
"EH211",0.5,40,0.00180972880554525,0.2004,0,5e-04,0.01,80,20,"Prop_0.50","Low","Beta",5000
"EH212",0.5,40,0.00778170231551949,0.2014,0,5e-04,0.05,80,20,"Prop_0.50","Low","Beta",5000
"EH217",0.5,10,0.000447193222762215,0.0843,0,5e-04,0.000625,20,80,"Prop_0.50","Medium","Beta",5000
"EH218",0.5,10,0.000534515191234598,0.0842,0,5e-04,8e-04,20,80,"Prop_0.50","Medium","Beta",5000
"EH219",0.5,10,0.000636819573858841,0.0832,0,5e-04,0.001,20,80,"Prop_0.50","Medium","Beta",5000
"EH220",0.5,10,0.00597889058576161,0.0831,0,5e-04,0.01,20,80,"Prop_0.50","Medium","Beta",5000
"EH221",0.5,10,0.029985012583303,0.0826,0,5e-04,0.05,20,80,"Prop_0.50","Medium","Beta",5000
"EH226",0.5,25,0.000428143802765662,0.0853,0,5e-04,0.000625,50,50,"Prop_0.50","Medium","Beta",5000
"EH227",0.5,25,0.000475068075639992,0.0851,0,5e-04,8e-04,50,50,"Prop_0.50","Medium","Beta",5000
"EH228",0.5,25,0.000551586792382425,0.0871,0,5e-04,0.001,50,50,"Prop_0.50","Medium","Beta",5000
"EH229",0.5,25,0.00390409552443844,0.0802,0,5e-04,0.01,50,50,"Prop_0.50","Medium","Beta",5000
"EH230",0.5,25,0.018980021072588,0.0827,0,5e-04,0.05,50,50,"Prop_0.50","Medium","Beta",5000
"EH235",0.5,40,0.000408194234990666,0.0816,0,5e-04,0.000625,80,20,"Prop_0.50","Medium","Beta",5000
"EH236",0.5,40,0.000429039375887767,0.0816,0,5e-04,8e-04,80,20,"Prop_0.50","Medium","Beta",5000
"EH237",0.5,40,0.000443265545676996,0.0832,0,5e-04,0.001,80,20,"Prop_0.50","Medium","Beta",5000
"EH238",0.5,40,0.00178684909200477,0.081,0,5e-04,0.01,80,20,"Prop_0.50","Medium","Beta",5000
"EH239",0.5,40,0.00780107555947417,0.085,0,5e-04,0.05,80,20,"Prop_0.50","Medium","Beta",5000
