"Res_prop","Effect_focal","Cell_range","Split","Effect_other","AUC_DiD","AUC_MIMOSA2 (pooled fit)","AUC_MIMOSA2 (separate fit)","TPR_DiD","TPR_MIMOSA2 (pooled fit)","TPR_MIMOSA2 (separate fit)","Fail_DiD","Fail_MIMOSA2 (pooled fit)","Fail_MIMOSA2 (separate fit)"
"Prop_0.50","5.0e-04","Medium","20 focal : 80 other","6.2e-04","0.917 (0.005)","0.938 (0.006)","0.944 (0.005)","0.562 (0.014)","0.731 (0.014)","0.694 (0.015)","0.0%","0.0%","0.0%"
"Prop_0.50","5.0e-04","Medium","20 focal : 80 other","8.0e-04","0.915 (0.006)","0.935 (0.006)","0.943 (0.006)","0.572 (0.016)","0.709 (0.013)","0.683 (0.015)","0.0%","0.0%","0.0%"
"Prop_0.50","5.0e-04","Medium","20 focal : 80 other","1.0e-03","0.914 (0.005)","0.929 (0.006)","0.938 (0.006)","0.582 (0.013)","0.696 (0.013)","0.686 (0.013)","0.0%","0.0%","0.0%"
"Prop_0.50","5.0e-04","Medium","20 focal : 80 other","1.0e-02","0.917 (0.006)","0.930 (0.007)","0.941 (0.006)","0.534 (0.014)","0.649 (0.013)","0.690 (0.014)","0.0%","0.0%","0.0%"
"Prop_0.50","5.0e-04","Medium","20 focal : 80 other","5.0e-02","0.920 (0.006)","0.919 (0.007)","0.943 (0.005)","0.581 (0.016)","0.621 (0.014)","0.700 (0.016)","0.0%","0.0%","0.0%"
"Prop_0.50","5.0e-04","Medium","50 focal : 50 other","6.2e-04","0.915 (0.004)","0.935 (0.004)","0.937 (0.004)","0.563 (0.008)","0.718 (0.008)","0.704 (0.008)","0.0%","0.0%","0.0%"
"Prop_0.50","5.0e-04","Medium","50 focal : 50 other","8.0e-04","0.911 (0.003)","0.932 (0.004)","0.935 (0.004)","0.570 (0.009)","0.714 (0.008)","0.702 (0.009)","0.0%","0.0%","0.0%"
"Prop_0.50","5.0e-04","Medium","50 focal : 50 other","1.0e-03","0.918 (0.004)","0.935 (0.003)","0.944 (0.003)","0.567 (0.008)","0.718 (0.009)","0.710 (0.010)","0.0%","0.0%","0.0%"
"Prop_0.50","5.0e-04","Medium","50 focal : 50 other","1.0e-02","0.913 (0.004)","0.923 (0.004)","0.939 (0.004)","0.560 (0.009)","0.624 (0.008)","0.695 (0.009)","0.0%","0.0%","0.0%"
"Prop_0.50","5.0e-04","Medium","50 focal : 50 other","5.0e-02","0.915 (0.004)","0.911 (0.004)","0.940 (0.004)","0.554 (0.010)","0.585 (0.011)","0.710 (0.010)","0.0%","0.0%","0.0%"
"Prop_0.50","5.0e-04","Medium","80 focal : 20 other","6.2e-04","0.912 (0.003)","0.933 (0.003)","0.934 (0.003)","0.559 (0.007)","0.712 (0.007)","0.709 (0.007)","0.0%","0.0%","0.0%"
"Prop_0.50","5.0e-04","Medium","80 focal : 20 other","8.0e-04","0.915 (0.003)","0.935 (0.003)","0.936 (0.003)","0.567 (0.007)","0.714 (0.007)","0.709 (0.007)","0.0%","0.0%","0.0%"
"Prop_0.50","5.0e-04","Medium","80 focal : 20 other","1.0e-03","0.912 (0.003)","0.935 (0.003)","0.937 (0.003)","0.546 (0.008)","0.698 (0.007)","0.696 (0.007)","0.0%","0.0%","0.0%"
"Prop_0.50","5.0e-04","Medium","80 focal : 20 other","1.0e-02","0.909 (0.003)","0.922 (0.003)","0.934 (0.003)","0.555 (0.008)","0.614 (0.008)","0.702 (0.008)","0.0%","0.0%","0.0%"
"Prop_0.50","5.0e-04","Medium","80 focal : 20 other","5.0e-02","0.915 (0.003)","0.920 (0.003)","0.941 (0.003)","0.572 (0.007)","0.599 (0.007)","0.725 (0.007)","0.0%","0.0%","0.0%"
"Prop_0.50","5.0e-04","Low","20 focal : 80 other","6.2e-04","0.818 (0.010)","0.862 (0.009)","0.860 (0.009)","0.140 (0.013)","0.303 (0.015)","0.261 (0.017)","0.0%","0.0%","0.0%"
"Prop_0.50","5.0e-04","Low","20 focal : 80 other","8.0e-04","0.816 (0.009)","0.853 (0.009)","0.851 (0.009)","0.129 (0.013)","0.308 (0.015)","0.235 (0.016)","0.0%","0.0%","0.0%"
"Prop_0.50","5.0e-04","Low","20 focal : 80 other","1.0e-03","0.802 (0.010)","0.847 (0.010)","0.843 (0.010)","0.141 (0.013)","0.291 (0.015)","0.250 (0.017)","0.0%","0.0%","0.0%"
"Prop_0.50","5.0e-04","Low","20 focal : 80 other","1.0e-02","0.822 (0.008)","0.832 (0.009)","0.863 (0.008)","0.126 (0.013)","0.293 (0.013)","0.226 (0.017)","0.0%","0.0%","0.0%"
"Prop_0.50","5.0e-04","Low","20 focal : 80 other","5.0e-02","0.815 (0.009)","0.795 (0.009)","0.855 (0.008)","0.122 (0.012)","0.260 (0.013)","0.224 (0.016)","0.0%","0.0%","0.0%"
"Prop_0.50","5.0e-04","Low","50 focal : 50 other","6.2e-04","0.830 (0.006)","0.870 (0.005)","0.868 (0.005)","0.118 (0.008)","0.282 (0.009)","0.261 (0.010)","0.0%","0.0%","0.0%"
"Prop_0.50","5.0e-04","Low","50 focal : 50 other","8.0e-04","0.830 (0.006)","0.876 (0.005)","0.875 (0.005)","0.118 (0.008)","0.293 (0.009)","0.268 (0.011)","0.0%","0.0%","0.0%"
"Prop_0.50","5.0e-04","Low","50 focal : 50 other","1.0e-03","0.829 (0.005)","0.872 (0.005)","0.871 (0.005)","0.109 (0.008)","0.294 (0.010)","0.264 (0.012)","0.0%","0.0%","0.0%"
"Prop_0.50","5.0e-04","Low","50 focal : 50 other","1.0e-02","0.826 (0.005)","0.831 (0.006)","0.868 (0.005)","0.130 (0.009)","0.252 (0.008)","0.283 (0.010)","0.0%","0.0%","0.0%"
"Prop_0.50","5.0e-04","Low","50 focal : 50 other","5.0e-02","0.827 (0.006)","0.775 (0.007)","0.862 (0.006)","0.119 (0.008)","0.201 (0.007)","0.264 (0.011)","0.0%","0.0%","0.0%"
"Prop_0.50","5.0e-04","Low","80 focal : 20 other","6.2e-04","0.825 (0.004)","0.868 (0.004)","0.867 (0.004)","0.099 (0.006)","0.266 (0.008)","0.260 (0.008)","0.0%","0.0%","0.0%"
"Prop_0.50","5.0e-04","Low","80 focal : 20 other","8.0e-04","0.822 (0.004)","0.862 (0.004)","0.862 (0.004)","0.114 (0.006)","0.272 (0.008)","0.266 (0.009)","0.0%","0.0%","0.0%"
"Prop_0.50","5.0e-04","Low","80 focal : 20 other","1.0e-03","0.821 (0.004)","0.868 (0.004)","0.867 (0.004)","0.108 (0.007)","0.276 (0.008)","0.266 (0.009)","0.0%","0.0%","0.0%"
"Prop_0.50","5.0e-04","Low","80 focal : 20 other","1.0e-02","0.833 (0.004)","0.838 (0.004)","0.874 (0.003)","0.114 (0.007)","0.211 (0.007)","0.275 (0.009)","0.0%","0.0%","0.0%"
"Prop_0.50","5.0e-04","Low","80 focal : 20 other","5.0e-02","0.820 (0.004)","0.746 (0.006)","0.861 (0.004)","0.112 (0.006)","0.158 (0.005)","0.267 (0.008)","0.0%","0.0%","0.0%"
