"Scenario_ID","n_pairs","dAUC_mean","dAUC_sd","dAUC_mcse","corr_AUC","Comparison","lower","upper","Effect_focal","Effect_other","P_focal","P_other","Res_prop","Cell_range","Distribution","Phi"
"EH190",100,0.0416,0.0558491836388977,0.00558491836388977,0.837926994787475,"MIMOSA2_separate - DiD",0.0306535600067761,0.0525464399932239,5e-04,0.000625,20,80,"Prop_0.50","Low","Beta",5000
"EH191",100,0.03515,0.0534253703966589,0.0053425370396659,0.822809259081835,"MIMOSA2_separate - DiD",0.0246786274022548,0.0456213725977452,5e-04,8e-04,20,80,"Prop_0.50","Low","Beta",5000
"EH192",100,0.04125,0.0536372731475703,0.00536372731475703,0.848976376338558,"MIMOSA2_separate - DiD",0.0307370944630762,0.0517629055369238,5e-04,0.001,20,80,"Prop_0.50","Low","Beta",5000
"EH193",100,0.04035,0.0497582793476258,0.00497582793476258,0.815172043426167,"MIMOSA2_separate - DiD",0.0305973772478653,0.0501026227521347,5e-04,0.01,20,80,"Prop_0.50","Low","Beta",5000
"EH194",100,0.03995,0.0503748323806019,0.00503748323806019,0.826275879957939,"MIMOSA2_separate - DiD",0.030076532853402,0.049823467146598,5e-04,0.05,20,80,"Prop_0.50","Low","Beta",5000
"EH199",100,0.038,0.0298555173995012,0.00298555173995012,0.851651343469678,"MIMOSA2_separate - DiD",0.0321483185896978,0.0438516814103022,5e-04,0.000625,50,50,"Prop_0.50","Low","Beta",5000
"EH200",100,0.044928,0.0315166977709252,0.00315166977709252,0.834227289875436,"MIMOSA2_separate - DiD",0.0387507272368987,0.0511052727631013,5e-04,8e-04,50,50,"Prop_0.50","Low","Beta",5000
"EH201",100,0.041344,0.0319890647982505,0.00319890647982505,0.784063954189359,"MIMOSA2_separate - DiD",0.0350741432995429,0.0476138567004571,5e-04,0.001,50,50,"Prop_0.50","Low","Beta",5000
"EH202",100,0.042184,0.031481630751082,0.0031481630751082,0.802170611793981,"MIMOSA2_separate - DiD",0.0360136003727879,0.0483543996272121,5e-04,0.01,50,50,"Prop_0.50","Low","Beta",5000
"EH203",100,0.03456,0.0249433459072857,0.00249433459072857,0.897303371142895,"MIMOSA2_separate - DiD",0.029671104202172,0.039448895797828,5e-04,0.05,50,50,"Prop_0.50","Low","Beta",5000
"EH208",100,0.0428,0.0257965326222011,0.00257965326222011,0.770641862276665,"MIMOSA2_separate - DiD",0.0377438796060486,0.0478561203939514,5e-04,0.000625,80,20,"Prop_0.50","Low","Beta",5000
"EH209",100,0.039953125,0.0241978873158877,0.00241978873158877,0.827711612295923,"MIMOSA2_separate - DiD",0.035210339086086,0.044695910913914,5e-04,8e-04,80,20,"Prop_0.50","Low","Beta",5000
"EH210",100,0.046134375,0.0259115939066805,0.00259115939066805,0.748559254723892,"MIMOSA2_separate - DiD",0.0410557025942906,0.0512130474057094,5e-04,0.001,80,20,"Prop_0.50","Low","Beta",5000
"EH211",100,0.041675,0.0243900303309663,0.00243900303309663,0.761735302617092,"MIMOSA2_separate - DiD",0.0368945540551306,0.0464554459448694,5e-04,0.01,80,20,"Prop_0.50","Low","Beta",5000
"EH212",100,0.040778125,0.0244552992526619,0.00244552992526619,0.816043432871191,"MIMOSA2_separate - DiD",0.0359848863464783,0.0455713636535217,5e-04,0.05,80,20,"Prop_0.50","Low","Beta",5000
"EH217",100,0.0273,0.042172205888416,0.0042172205888416,0.664400681586483,"MIMOSA2_separate - DiD",0.0190342476458705,0.0355657523541295,5e-04,0.000625,20,80,"Prop_0.50","Medium","Beta",5000
"EH218",100,0.028,0.0392544149225166,0.00392544149225166,0.775165794962834,"MIMOSA2_separate - DiD",0.0203061346751867,0.0356938653248132,5e-04,8e-04,20,80,"Prop_0.50","Medium","Beta",5000
"EH219",100,0.0236,0.0374103642529093,0.00374103642529093,0.778861247233476,"MIMOSA2_separate - DiD",0.0162675686064298,0.0309324313935702,5e-04,0.001,20,80,"Prop_0.50","Medium","Beta",5000
"EH220",100,0.0242,0.0429041685243716,0.00429041685243716,0.755673719868097,"MIMOSA2_separate - DiD",0.0157907829692232,0.0326092170307768,5e-04,0.01,20,80,"Prop_0.50","Medium","Beta",5000
"EH221",100,0.02265,0.0354584334827486,0.00354584334827486,0.80995294427333,"MIMOSA2_separate - DiD",0.0157001470373813,0.0295998529626187,5e-04,0.05,20,80,"Prop_0.50","Medium","Beta",5000
"EH226",100,0.022392,0.0201073466648136,0.00201073466648136,0.841743280151438,"MIMOSA2_separate - DiD",0.0184509600536965,0.0263330399463035,5e-04,0.000625,50,50,"Prop_0.50","Medium","Beta",5000
"EH227",100,0.02468,0.0230803952839774,0.00230803952839774,0.791254217299424,"MIMOSA2_separate - DiD",0.0201562425243404,0.0292037574756596,5e-04,8e-04,50,50,"Prop_0.50","Medium","Beta",5000
"EH228",100,0.025984,0.0239399869201588,0.00239399869201588,0.750721399920053,"MIMOSA2_separate - DiD",0.0212917625636489,0.0306762374363511,5e-04,0.001,50,50,"Prop_0.50","Medium","Beta",5000
"EH229",100,0.025328,0.0254425003535899,0.00254425003535899,0.775240424785188,"MIMOSA2_separate - DiD",0.0203412699306964,0.0303147300693036,5e-04,0.01,50,50,"Prop_0.50","Medium","Beta",5000
"EH230",100,0.024816,0.0231284106193611,0.00231284106193611,0.797739186835894,"MIMOSA2_separate - DiD",0.0202828315186052,0.0293491684813948,5e-04,0.05,50,50,"Prop_0.50","Medium","Beta",5000
"EH235",100,0.02160625,0.0173846316683716,0.00173846316683716,0.82249051928475,"MIMOSA2_separate - DiD",0.0181988621929992,0.0250136378070008,5e-04,0.000625,80,20,"Prop_0.50","Medium","Beta",5000
"EH236",100,0.0209125,0.0186034720678641,0.00186034720678641,0.798615571365976,"MIMOSA2_separate - DiD",0.0172662194746986,0.0245587805253014,5e-04,8e-04,80,20,"Prop_0.50","Medium","Beta",5000
"EH237",100,0.024521875,0.0173284484097617,0.00173284484097617,0.790788277496157,"MIMOSA2_separate - DiD",0.0211254991116867,0.0279182508883133,5e-04,0.001,80,20,"Prop_0.50","Medium","Beta",5000
"EH238",100,0.024653125,0.0165584731025159,0.00165584731025159,0.850666144117792,"MIMOSA2_separate - DiD",0.0214076642719069,0.0278985857280931,5e-04,0.01,80,20,"Prop_0.50","Medium","Beta",5000
"EH239",100,0.02649375,0.0179671691772786,0.00179671691772786,0.820387958207858,"MIMOSA2_separate - DiD",0.0229721848412534,0.0300153151587466,5e-04,0.05,80,20,"Prop_0.50","Medium","Beta",5000
