"Scenario_ID","Method","n_fits","n_ok","n_error","n_timeout","n_task_failed","hit_maxit","median_fit_sec","max_fit_sec","getresponse_agree","n_planned","Fail_rate","Effect_focal","Effect_other","P_focal","P_other","Res_prop","Cell_range","Distribution","Phi"
"EH190","MIMOSA2_pooled",100,100,0,0,0,NA,18.8756161928177,23.6238296031952,1,100,0,5e-04,0.000625,20,80,"Prop_0.50","Low","Beta",5000
"EH190","MIMOSA2_separate",100,100,0,0,0,NA,14.0522644519806,18.7691714763641,1,100,0,5e-04,0.000625,20,80,"Prop_0.50","Low","Beta",5000
"EH191","MIMOSA2_pooled",100,100,0,0,0,NA,17.430545091629,22.9295537471771,1,100,0,5e-04,8e-04,20,80,"Prop_0.50","Low","Beta",5000
"EH191","MIMOSA2_separate",100,100,0,0,0,NA,13.73754799366,18.209513425827,1,100,0,5e-04,8e-04,20,80,"Prop_0.50","Low","Beta",5000
"EH192","MIMOSA2_pooled",100,100,0,0,0,NA,18.0855664014816,22.2301323413849,1,100,0,5e-04,0.001,20,80,"Prop_0.50","Low","Beta",5000
"EH192","MIMOSA2_separate",100,100,0,0,0,NA,14.24056661129,18.1111664772034,1,100,0,5e-04,0.001,20,80,"Prop_0.50","Low","Beta",5000
"EH193","MIMOSA2_pooled",100,100,0,0,0,NA,14.0072039365768,24.0042569637299,1,100,0,5e-04,0.01,20,80,"Prop_0.50","Low","Beta",5000
"EH193","MIMOSA2_separate",100,100,0,0,0,NA,14.1093934774399,18.4290430545807,1,100,0,5e-04,0.01,20,80,"Prop_0.50","Low","Beta",5000
"EH194","MIMOSA2_pooled",100,100,0,0,0,NA,26.0174325704575,35.3590414524078,1,100,0,5e-04,0.05,20,80,"Prop_0.50","Low","Beta",5000
"EH194","MIMOSA2_separate",100,100,0,0,0,NA,13.7851006984711,18.9618923664093,1,100,0,5e-04,0.05,20,80,"Prop_0.50","Low","Beta",5000
"EH199","MIMOSA2_pooled",100,100,0,0,0,NA,18.755227804184,23.490706205368,1,100,0,5e-04,0.000625,50,50,"Prop_0.50","Low","Beta",5000
"EH199","MIMOSA2_separate",100,100,0,0,0,NA,15.9983320236206,19.8268249034882,1,100,0,5e-04,0.000625,50,50,"Prop_0.50","Low","Beta",5000
"EH200","MIMOSA2_pooled",100,100,0,0,0,NA,18.5994461774826,23.1187808513641,1,100,0,5e-04,8e-04,50,50,"Prop_0.50","Low","Beta",5000
"EH200","MIMOSA2_separate",100,100,0,0,0,NA,16.1560025215149,19.9743785858154,1,100,0,5e-04,8e-04,50,50,"Prop_0.50","Low","Beta",5000
"EH201","MIMOSA2_pooled",100,100,0,0,0,NA,18.618640422821,22.570564031601,1,100,0,5e-04,0.001,50,50,"Prop_0.50","Low","Beta",5000
"EH201","MIMOSA2_separate",100,100,0,0,0,NA,15.8180100917816,20.3511922359467,1,100,0,5e-04,0.001,50,50,"Prop_0.50","Low","Beta",5000
"EH202","MIMOSA2_pooled",100,100,0,0,0,NA,16.6982488632202,23.3875977993011,1,100,0,5e-04,0.01,50,50,"Prop_0.50","Low","Beta",5000
"EH202","MIMOSA2_separate",100,100,0,0,0,NA,15.8127437829971,20.5645041465759,1,100,0,5e-04,0.01,50,50,"Prop_0.50","Low","Beta",5000
"EH203","MIMOSA2_pooled",100,100,0,0,0,NA,21.337691783905,32.9705941677094,1,100,0,5e-04,0.05,50,50,"Prop_0.50","Low","Beta",5000
"EH203","MIMOSA2_separate",100,100,0,0,0,NA,15.6029943227768,20.5504767894745,1,100,0,5e-04,0.05,50,50,"Prop_0.50","Low","Beta",5000
"EH208","MIMOSA2_pooled",100,100,0,0,0,NA,18.478232383728,23.4194934368134,1,100,0,5e-04,0.000625,80,20,"Prop_0.50","Low","Beta",5000
"EH208","MIMOSA2_separate",100,100,0,0,0,NA,17.380757689476,20.913108587265,1,100,0,5e-04,0.000625,80,20,"Prop_0.50","Low","Beta",5000
"EH209","MIMOSA2_pooled",100,100,0,0,0,NA,18.535273194313,22.0230782032013,1,100,0,5e-04,8e-04,80,20,"Prop_0.50","Low","Beta",5000
"EH209","MIMOSA2_separate",100,100,0,0,0,NA,17.5695202350616,21.2918803691864,1,100,0,5e-04,8e-04,80,20,"Prop_0.50","Low","Beta",5000
"EH210","MIMOSA2_pooled",100,100,0,0,0,NA,18.4733551740646,23.0018382072449,1,100,0,5e-04,0.001,80,20,"Prop_0.50","Low","Beta",5000
"EH210","MIMOSA2_separate",100,100,0,0,0,NA,17.672993183136,22.3016483783722,1,100,0,5e-04,0.001,80,20,"Prop_0.50","Low","Beta",5000
"EH211","MIMOSA2_pooled",100,100,0,0,0,NA,19.2502771615982,26.1781506538391,1,100,0,5e-04,0.01,80,20,"Prop_0.50","Low","Beta",5000
"EH211","MIMOSA2_separate",100,100,0,0,0,NA,17.7209955453873,22.8898985385895,1,100,0,5e-04,0.01,80,20,"Prop_0.50","Low","Beta",5000
"EH212","MIMOSA2_pooled",100,100,0,0,0,NA,20.6431089639664,25.3137092590332,1,100,0,5e-04,0.05,80,20,"Prop_0.50","Low","Beta",5000
"EH212","MIMOSA2_separate",100,100,0,0,0,NA,17.5165612697601,22.0490696430206,1,100,0,5e-04,0.05,80,20,"Prop_0.50","Low","Beta",5000
"EH217","MIMOSA2_pooled",100,100,0,0,0,NA,11.9469393491745,22.996013879776,1,100,0,5e-04,0.000625,20,80,"Prop_0.50","Medium","Beta",5000
"EH217","MIMOSA2_separate",100,100,0,0,0,NA,13.455345749855,18.249659538269,1,100,0,5e-04,0.000625,20,80,"Prop_0.50","Medium","Beta",5000
"EH218","MIMOSA2_pooled",100,100,0,0,0,NA,10.6599028110504,21.7924571037292,1,100,0,5e-04,8e-04,20,80,"Prop_0.50","Medium","Beta",5000
"EH218","MIMOSA2_separate",100,100,0,0,0,NA,12.5200281143188,17.5906765460968,1,100,0,5e-04,8e-04,20,80,"Prop_0.50","Medium","Beta",5000
"EH219","MIMOSA2_pooled",100,100,0,0,0,NA,11.1270163059235,23.1095402240753,1,100,0,5e-04,0.001,20,80,"Prop_0.50","Medium","Beta",5000
"EH219","MIMOSA2_separate",100,100,0,0,0,NA,12.1252685785294,18.8442957401276,1,100,0,5e-04,0.001,20,80,"Prop_0.50","Medium","Beta",5000
"EH220","MIMOSA2_pooled",100,100,0,0,0,NA,8.82590961456299,23.6975169181824,1,100,0,5e-04,0.01,20,80,"Prop_0.50","Medium","Beta",5000
"EH220","MIMOSA2_separate",100,100,0,0,0,NA,10.4977476596832,17.7077491283417,1,100,0,5e-04,0.01,20,80,"Prop_0.50","Medium","Beta",5000
"EH221","MIMOSA2_pooled",100,100,0,0,0,NA,19.0305181741714,27.6424441337585,1,100,0,5e-04,0.05,20,80,"Prop_0.50","Medium","Beta",5000
"EH221","MIMOSA2_separate",100,100,0,0,0,NA,12.8292164802551,18.5206682682037,1,100,0,5e-04,0.05,20,80,"Prop_0.50","Medium","Beta",5000
"EH226","MIMOSA2_pooled",100,100,0,0,0,NA,11.6449110507965,20.9482271671295,1,100,0,5e-04,0.000625,50,50,"Prop_0.50","Medium","Beta",5000
"EH226","MIMOSA2_separate",100,100,0,0,0,NA,11.2411702871323,20.7756462097168,1,100,0,5e-04,0.000625,50,50,"Prop_0.50","Medium","Beta",5000
"EH227","MIMOSA2_pooled",100,100,0,0,0,NA,11.9424040317535,20.9775564670563,1,100,0,5e-04,8e-04,50,50,"Prop_0.50","Medium","Beta",5000
"EH227","MIMOSA2_separate",100,100,0,0,0,NA,12.0085319280624,19.4067497253418,1,100,0,5e-04,8e-04,50,50,"Prop_0.50","Medium","Beta",5000
"EH228","MIMOSA2_pooled",100,100,0,0,0,NA,11.7214990854263,22.1121044158936,1,100,0,5e-04,0.001,50,50,"Prop_0.50","Medium","Beta",5000
"EH228","MIMOSA2_separate",100,100,0,0,0,NA,11.829246878624,19.4630391597748,1,100,0,5e-04,0.001,50,50,"Prop_0.50","Medium","Beta",5000
"EH229","MIMOSA2_pooled",100,100,0,0,0,NA,9.1099466085434,21.4261243343353,1,100,0,5e-04,0.01,50,50,"Prop_0.50","Medium","Beta",5000
"EH229","MIMOSA2_separate",100,100,0,0,0,NA,10.6952251195908,18.2419693470001,1,100,0,5e-04,0.01,50,50,"Prop_0.50","Medium","Beta",5000
"EH230","MIMOSA2_pooled",100,100,0,0,0,NA,16.6146655082703,26.082099199295,1,100,0,5e-04,0.05,50,50,"Prop_0.50","Medium","Beta",5000
"EH230","MIMOSA2_separate",100,100,0,0,0,NA,10.645637512207,18.3848371505737,1,100,0,5e-04,0.05,50,50,"Prop_0.50","Medium","Beta",5000
"EH235","MIMOSA2_pooled",100,100,0,0,0,NA,12.4391182661057,21.8562116622925,1,100,0,5e-04,0.000625,80,20,"Prop_0.50","Medium","Beta",5000
"EH235","MIMOSA2_separate",100,100,0,0,0,NA,12.1912480592728,21.7849135398865,1,100,0,5e-04,0.000625,80,20,"Prop_0.50","Medium","Beta",5000
"EH236","MIMOSA2_pooled",100,100,0,0,0,NA,11.6881104707718,22.2280209064484,1,100,0,5e-04,8e-04,80,20,"Prop_0.50","Medium","Beta",5000
"EH236","MIMOSA2_separate",100,100,0,0,0,NA,10.6022008657455,20.2279291152954,1,100,0,5e-04,8e-04,80,20,"Prop_0.50","Medium","Beta",5000
"EH237","MIMOSA2_pooled",100,100,0,0,0,NA,12.2997566461563,21.9411182403564,1,100,0,5e-04,0.001,80,20,"Prop_0.50","Medium","Beta",5000
"EH237","MIMOSA2_separate",100,100,0,0,0,NA,12.809121966362,20.752427816391,1,100,0,5e-04,0.001,80,20,"Prop_0.50","Medium","Beta",5000
"EH238","MIMOSA2_pooled",100,100,0,0,0,NA,10.2034220695496,23.6224637031555,1,100,0,5e-04,0.01,80,20,"Prop_0.50","Medium","Beta",5000
"EH238","MIMOSA2_separate",100,100,0,0,0,NA,11.9203556776047,21.0575349330902,1,100,0,5e-04,0.01,80,20,"Prop_0.50","Medium","Beta",5000
"EH239","MIMOSA2_pooled",100,100,0,0,0,NA,10.5604032278061,22.2781596183777,1,100,0,5e-04,0.05,80,20,"Prop_0.50","Medium","Beta",5000
"EH239","MIMOSA2_separate",100,100,0,0,0,NA,11.8458038568497,20.4025318622589,1,100,0,5e-04,0.05,80,20,"Prop_0.50","Medium","Beta",5000
