"Pattern","Fraction","Model","AUC","AUC_balanced","dAUC_vs_balanced","OR_vs_ref","Fail"
"s1",0.9,"DiD","0.925 (0.003)","0.930 (0.003)","-0.004 (0.004)","0.97 [0.85, 1.10]","0.0%"
"s1",0.9,"MIMOSA2","0.941 (0.003)","0.946 (0.003)","-0.005 (0.004)","0.91 [0.77, 1.08]","0.0%"
"s1",0.75,"DiD","0.923 (0.003)","0.921 (0.003)","0.002 (0.004)","0.94 [0.83, 1.07]","0.0%"
"s1",0.75,"MIMOSA2","0.941 (0.004)","0.937 (0.004)","0.004 (0.005)","0.91 [0.76, 1.08]","0.0%"
"s1",0.5,"DiD","0.920 (0.003)","0.917 (0.003)","0.003 (0.005)","0.90 [0.79, 1.03]","0.0%"
"s1",0.5,"MIMOSA2","0.940 (0.004)","0.933 (0.004)","0.006 (0.005)","0.88 [0.74, 1.06]","0.0%"
"s1",0.25,"DiD","0.901 (0.004)","0.918 (0.004)","-0.018 (0.005)","0.71 [0.63, 0.80]","0.0%"
"s1",0.25,"MIMOSA2","0.913 (0.004)","0.937 (0.004)","-0.024 (0.006)","0.60 [0.51, 0.70]","0.0%"
"s1",0.1,"DiD","0.879 (0.004)","0.918 (0.003)","-0.039 (0.005)","0.57 [0.51, 0.64]","0.0%"
"s1",0.1,"MIMOSA2","0.885 (0.004)","0.936 (0.003)","-0.051 (0.006)","0.44 [0.38, 0.51]","0.0%"
"s1",0.05,"DiD","0.851 (0.004)","0.920 (0.003)","-0.069 (0.005)","0.45 [0.40, 0.50]","0.0%"
"s1",0.05,"MIMOSA2","0.851 (0.005)","0.944 (0.003)","-0.093 (0.006)","0.32 [0.28, 0.37]","0.0%"
"s1",0.025,"DiD","0.801 (0.005)","0.918 (0.003)","-0.117 (0.006)","0.32 [0.28, 0.35]","0.0%"
"s1",0.025,"MIMOSA2","0.808 (0.005)","0.939 (0.004)","-0.132 (0.006)","0.24 [0.21, 0.27]","0.0%"
"u1",0.9,"DiD","0.924 (0.003)","0.930 (0.003)","-0.005 (0.004)","0.96 [0.84, 1.09]","0.0%"
"u1",0.9,"MIMOSA2","0.943 (0.004)","0.946 (0.003)","-0.003 (0.005)","0.94 [0.79, 1.11]","0.0%"
"u1",0.75,"DiD","0.923 (0.003)","0.921 (0.003)","0.002 (0.004)","0.94 [0.83, 1.07]","0.0%"
"u1",0.75,"MIMOSA2","0.941 (0.003)","0.937 (0.004)","0.004 (0.005)","0.91 [0.77, 1.08]","0.0%"
"u1",0.5,"DiD","0.916 (0.003)","0.917 (0.003)","-0.002 (0.005)","0.85 [0.76, 0.96]","0.0%"
"u1",0.5,"MIMOSA2","0.934 (0.004)","0.933 (0.004)","0.001 (0.005)","0.81 [0.69, 0.95]","0.0%"
"u1",0.25,"DiD","0.914 (0.003)","0.918 (0.004)","-0.004 (0.005)","0.84 [0.74, 0.94]","0.0%"
"u1",0.25,"MIMOSA2","0.933 (0.003)","0.937 (0.004)","-0.004 (0.005)","0.79 [0.68, 0.93]","0.0%"
"u1",0.1,"DiD","0.882 (0.004)","0.918 (0.003)","-0.036 (0.005)","0.59 [0.52, 0.66]","0.0%"
"u1",0.1,"MIMOSA2","0.917 (0.004)","0.936 (0.003)","-0.019 (0.005)","0.63 [0.54, 0.74]","0.0%"
"u1",0.05,"DiD","0.860 (0.004)","0.920 (0.003)","-0.061 (0.005)","0.48 [0.43, 0.54]","0.0%"
"u1",0.05,"MIMOSA2","0.910 (0.005)","0.944 (0.003)","-0.034 (0.006)","0.58 [0.49, 0.68]","0.0%"
"u1",0.025,"DiD","0.833 (0.004)","0.918 (0.003)","-0.085 (0.005)","0.39 [0.35, 0.44]","0.0%"
"u1",0.025,"MIMOSA2","0.893 (0.005)","0.939 (0.004)","-0.047 (0.006)","0.47 [0.41, 0.55]","0.0%"
"s0",0.9,"DiD","0.925 (0.003)","0.930 (0.003)","-0.004 (0.004)","0.97 [0.86, 1.10]","0.0%"
"s0",0.9,"MIMOSA2","0.944 (0.003)","0.946 (0.003)","-0.002 (0.004)","0.96 [0.81, 1.13]","0.0%"
"s0",0.75,"DiD","0.921 (0.003)","0.921 (0.003)","-0.000 (0.004)","0.92 [0.82, 1.03]","0.0%"
"s0",0.75,"MIMOSA2","0.940 (0.003)","0.937 (0.004)","0.003 (0.005)","0.89 [0.76, 1.05]","0.0%"
"s0",0.5,"DiD","0.912 (0.003)","0.917 (0.003)","-0.005 (0.005)","0.81 [0.72, 0.92]","0.0%"
"s0",0.5,"MIMOSA2","0.931 (0.004)","0.933 (0.004)","-0.003 (0.005)","0.76 [0.65, 0.90]","0.0%"
"s0",0.25,"DiD","0.890 (0.004)","0.918 (0.004)","-0.028 (0.005)","0.64 [0.57, 0.72]","0.0%"
"s0",0.25,"MIMOSA2","0.922 (0.004)","0.937 (0.004)","-0.015 (0.006)","0.67 [0.57, 0.79]","0.0%"
"s0",0.1,"DiD","0.856 (0.004)","0.918 (0.003)","-0.062 (0.005)","0.47 [0.42, 0.52]","0.0%"
"s0",0.1,"MIMOSA2","0.908 (0.004)","0.936 (0.003)","-0.028 (0.006)","0.56 [0.48, 0.66]","0.0%"
"s0",0.05,"DiD","0.798 (0.005)","0.920 (0.003)","-0.122 (0.006)","0.31 [0.28, 0.35]","0.0%"
"s0",0.05,"MIMOSA2","0.882 (0.005)","0.944 (0.003)","-0.062 (0.006)","0.42 [0.36, 0.50]","0.0%"
"s0",0.025,"DiD","0.755 (0.005)","0.918 (0.003)","-0.163 (0.006)","0.24 [0.22, 0.27]","0.0%"
"s0",0.025,"MIMOSA2","0.855 (0.006)","0.939 (0.004)","-0.085 (0.007)","0.33 [0.29, 0.39]","0.0%"
"u0",0.9,"DiD","0.924 (0.003)","0.930 (0.003)","-0.006 (0.004)","0.95 [0.84, 1.07]","0.0%"
"u0",0.9,"MIMOSA2","0.939 (0.004)","0.946 (0.003)","-0.007 (0.005)","0.88 [0.74, 1.05]","0.0%"
"u0",0.75,"DiD","0.928 (0.003)","0.921 (0.003)","0.007 (0.004)","1.01 [0.89, 1.15]","0.0%"
"u0",0.75,"MIMOSA2","0.945 (0.003)","0.937 (0.004)","0.008 (0.005)","0.97 [0.82, 1.16]","0.0%"
"u0",0.5,"DiD","0.922 (0.003)","0.917 (0.003)","0.005 (0.004)","0.93 [0.82, 1.05]","0.0%"
"u0",0.5,"MIMOSA2","0.939 (0.003)","0.933 (0.004)","0.006 (0.005)","0.88 [0.75, 1.04]","0.0%"
"u0",0.25,"DiD","0.922 (0.003)","0.918 (0.004)","0.003 (0.005)","0.93 [0.82, 1.05]","0.0%"
"u0",0.25,"MIMOSA2","0.938 (0.003)","0.937 (0.004)","0.001 (0.005)","0.86 [0.73, 1.02]","0.0%"
"u0",0.1,"DiD","0.922 (0.003)","0.918 (0.003)","0.004 (0.004)","0.93 [0.83, 1.05]","0.0%"
"u0",0.1,"MIMOSA2","0.937 (0.003)","0.936 (0.003)","0.001 (0.005)","0.85 [0.72, 1.00]","0.0%"
"u0",0.05,"DiD","0.911 (0.003)","0.920 (0.003)","-0.009 (0.005)","0.81 [0.71, 0.91]","0.0%"
"u0",0.05,"MIMOSA2","0.923 (0.004)","0.944 (0.003)","-0.021 (0.005)","0.68 [0.58, 0.80]","0.0%"
"u0",0.025,"DiD","0.905 (0.003)","0.918 (0.003)","-0.013 (0.005)","0.75 [0.66, 0.84]","0.0%"
"u0",0.025,"MIMOSA2","0.910 (0.004)","0.939 (0.004)","-0.029 (0.005)","0.57 [0.49, 0.67]","0.0%"
"s1_u1",0.9,"DiD","0.927 (0.003)","0.915 (0.003)","0.012 (0.004)","1.00 [0.88, 1.14]","0.0%"
"s1_u1",0.9,"MIMOSA2","0.941 (0.004)","0.932 (0.003)","0.009 (0.005)","0.91 [0.76, 1.09]","0.0%"
"s1_u1",0.75,"DiD","0.920 (0.004)","0.920 (0.003)","-0.000 (0.005)","0.90 [0.79, 1.03]","0.0%"
"s1_u1",0.75,"MIMOSA2","0.936 (0.004)","0.940 (0.004)","-0.004 (0.006)","0.84 [0.70, 1.00]","0.0%"
"s1_u1",0.5,"DiD","0.912 (0.004)","0.917 (0.003)","-0.005 (0.005)","0.82 [0.72, 0.92]","0.0%"
"s1_u1",0.5,"MIMOSA2","0.931 (0.004)","0.936 (0.003)","-0.005 (0.005)","0.77 [0.65, 0.91]","0.0%"
"s1_u1",0.25,"DiD","0.895 (0.004)","0.914 (0.003)","-0.019 (0.005)","0.67 [0.59, 0.75]","0.0%"
"s1_u1",0.25,"MIMOSA2","0.915 (0.004)","0.935 (0.004)","-0.020 (0.006)","0.61 [0.52, 0.72]","0.0%"
"s1_u1",0.1,"DiD","0.858 (0.005)","0.907 (0.003)","-0.049 (0.006)","0.47 [0.42, 0.53]","0.0%"
"s1_u1",0.1,"MIMOSA2","0.877 (0.005)","0.928 (0.004)","-0.051 (0.006)","0.41 [0.35, 0.47]","0.0%"
"s1_u1",0.05,"DiD","0.808 (0.004)","0.904 (0.004)","-0.096 (0.006)","0.33 [0.30, 0.37]","0.0%"
"s1_u1",0.05,"MIMOSA2","0.831 (0.005)","0.928 (0.004)","-0.097 (0.006)","0.28 [0.24, 0.32]","0.0%"
"s1_u1",0.025,"DiD","0.749 (0.005)","0.907 (0.004)","-0.158 (0.006)","0.23 [0.21, 0.26]","0.0%"
"s1_u1",0.025,"MIMOSA2","0.778 (0.006)","0.930 (0.004)","-0.151 (0.007)","0.20 [0.17, 0.23]","0.0%"
"s0_u0",0.9,"DiD","0.922 (0.003)","0.915 (0.003)","0.007 (0.004)","0.93 [0.82, 1.06]","0.0%"
"s0_u0",0.9,"MIMOSA2","0.935 (0.004)","0.932 (0.003)","0.003 (0.005)","0.82 [0.70, 0.97]","0.0%"
"s0_u0",0.75,"DiD","0.927 (0.003)","0.920 (0.003)","0.006 (0.004)","0.99 [0.87, 1.12]","0.0%"
"s0_u0",0.75,"MIMOSA2","0.946 (0.003)","0.940 (0.004)","0.005 (0.005)","0.99 [0.84, 1.17]","0.0%"
"s0_u0",0.5,"DiD","0.914 (0.003)","0.917 (0.003)","-0.003 (0.005)","0.83 [0.74, 0.94]","0.0%"
"s0_u0",0.5,"MIMOSA2","0.934 (0.004)","0.936 (0.003)","-0.002 (0.005)","0.80 [0.68, 0.94]","0.0%"
"s0_u0",0.25,"DiD","0.896 (0.004)","0.914 (0.003)","-0.018 (0.005)","0.68 [0.60, 0.76]","0.0%"
"s0_u0",0.25,"MIMOSA2","0.920 (0.004)","0.935 (0.004)","-0.015 (0.005)","0.66 [0.56, 0.76]","0.0%"
"s0_u0",0.1,"DiD","0.873 (0.004)","0.907 (0.003)","-0.034 (0.005)","0.54 [0.48, 0.60]","0.0%"
"s0_u0",0.1,"MIMOSA2","0.909 (0.004)","0.928 (0.004)","-0.020 (0.005)","0.57 [0.49, 0.65]","0.0%"
"s0_u0",0.05,"DiD","0.833 (0.005)","0.904 (0.004)","-0.070 (0.006)","0.39 [0.35, 0.44]","0.0%"
"s0_u0",0.05,"MIMOSA2","0.877 (0.005)","0.928 (0.004)","-0.051 (0.006)","0.41 [0.35, 0.47]","0.0%"
"s0_u0",0.025,"DiD","0.800 (0.005)","0.907 (0.004)","-0.107 (0.006)","0.31 [0.28, 0.35]","0.0%"
"s0_u0",0.025,"MIMOSA2","0.850 (0.005)","0.930 (0.004)","-0.079 (0.007)","0.32 [0.28, 0.37]","0.0%"
