"Scenario_ID","rho_realised","n_resp_eval","mean_true_delta_resp","share_zero_ns1","share_datasets_with_stuck_redraw","Type","Fraction","Depleted","N_depleted","Cell_range","Distribution","Phi","P","Effect","Res_prop"
"CI001",0.25,25,0.000388038928228535,0.1044,0,"Reference",1,"none",0,"1.00_Count_Ref","Beta",5000,100,5e-04,"Prop_0.25"
"CI002",0.25,25,0.000393527604707676,0.104,0,"Balanced",0.9,"none",1,".90_Count_Bal_1","Beta",5000,100,5e-04,"Prop_0.25"
"CI003",0.25,25,0.000380437762096977,0.1002,0,"Balanced",0.9,"none",2,".90_Count_Bal_2","Beta",5000,100,5e-04,"Prop_0.25"
"CI005",0.25,25,0.000394610209121942,0.1115,0,"Balanced",0.75,"none",1,".75_Count_Bal_1","Beta",5000,100,5e-04,"Prop_0.25"
"CI006",0.25,25,0.000385306017631867,0.1054,0,"Balanced",0.75,"none",2,".75_Count_Bal_2","Beta",5000,100,5e-04,"Prop_0.25"
"CI008",0.25,25,0.000386926530626125,0.1102,0,"Balanced",0.5,"none",1,".50_Count_Bal_1","Beta",5000,100,5e-04,"Prop_0.25"
"CI009",0.25,25,0.000394265063044695,0.1165,0,"Balanced",0.5,"none",2,".50_Count_Bal_2","Beta",5000,100,5e-04,"Prop_0.25"
"CI011",0.25,25,0.000393194378119253,0.1065,0,"Balanced",0.25,"none",1,".25_Count_Bal_1","Beta",5000,100,5e-04,"Prop_0.25"
"CI012",0.25,25,0.000393966735175481,0.1312,0,"Balanced",0.25,"none",2,".25_Count_Bal_2","Beta",5000,100,5e-04,"Prop_0.25"
"CI014",0.25,25,0.0004040230191995,0.1181,0,"Balanced",0.1,"none",1,".10_Count_Bal_1","Beta",5000,100,5e-04,"Prop_0.25"
"CI015",0.25,25,0.000381418297168368,0.1398,0,"Balanced",0.1,"none",2,".10_Count_Bal_2","Beta",5000,100,5e-04,"Prop_0.25"
"CI017",0.25,25,0.000394567476028261,0.1137,0,"Balanced",0.05,"none",1,".050_Count_Bal_1","Beta",5000,100,5e-04,"Prop_0.25"
"CI018",0.25,25,0.000383100498281606,0.1359,0,"Balanced",0.05,"none",2,".050_Count_Bal_2","Beta",5000,100,5e-04,"Prop_0.25"
"CI020",0.25,25,0.000387757871462776,0.1091,0,"Balanced",0.025,"none",1,".025_Count_Bal_1","Beta",5000,100,5e-04,"Prop_0.25"
"CI021",0.25,25,0.000397861927645412,0.1373,0,"Balanced",0.025,"none",2,".025_Count_Bal_2","Beta",5000,100,5e-04,"Prop_0.25"
"CI023",0.25,25,0.000388651541259461,0.1087,0,"Imbalanced",0.9,"s1",1,".90_Count_Imb_s1","Beta",5000,100,5e-04,"Prop_0.25"
"CI024",0.25,25,0.000396524514866522,0.1032,0,"Imbalanced",0.9,"u1",1,".90_Count_Imb_u1","Beta",5000,100,5e-04,"Prop_0.25"
"CI025",0.25,25,0.000395366900892541,0.1014,0,"Imbalanced",0.9,"s0",1,".90_Count_Imb_s0","Beta",5000,100,5e-04,"Prop_0.25"
"CI026",0.25,25,0.00038697458202267,0.1012,0,"Imbalanced",0.9,"u0",1,".90_Count_Imb_u0","Beta",5000,100,5e-04,"Prop_0.25"
"CI029",0.25,25,0.000395871314606381,0.1008,0,"Imbalanced",0.9,"s1_u1",2,".90_Count_Imb_s1_u1","Beta",5000,100,5e-04,"Prop_0.25"
"CI030",0.25,25,0.000389619497785038,0.0988,0,"Imbalanced",0.9,"s0_u0",2,".90_Count_Imb_s0_u0","Beta",5000,100,5e-04,"Prop_0.25"
"CI037",0.25,25,0.000394215073956094,0.1213,0,"Imbalanced",0.75,"s1",1,".75_Count_Imb_s1","Beta",5000,100,5e-04,"Prop_0.25"
"CI038",0.25,25,0.000392375804106065,0.1073,0,"Imbalanced",0.75,"u1",1,".75_Count_Imb_u1","Beta",5000,100,5e-04,"Prop_0.25"
"CI039",0.25,25,0.000385808443857141,0.1009,0,"Imbalanced",0.75,"s0",1,".75_Count_Imb_s0","Beta",5000,100,5e-04,"Prop_0.25"
"CI040",0.25,25,0.000396738416164377,0.1026,0,"Imbalanced",0.75,"u0",1,".75_Count_Imb_u0","Beta",5000,100,5e-04,"Prop_0.25"
"CI043",0.25,25,0.000389834933730732,0.1145,0,"Imbalanced",0.75,"s1_u1",2,".75_Count_Imb_s1_u1","Beta",5000,100,5e-04,"Prop_0.25"
"CI044",0.25,25,0.000386179739018334,0.1037,0,"Imbalanced",0.75,"s0_u0",2,".75_Count_Imb_s0_u0","Beta",5000,100,5e-04,"Prop_0.25"
"CI051",0.25,25,0.000381933128717682,0.1432,0,"Imbalanced",0.5,"s1",1,".50_Count_Imb_s1","Beta",5000,100,5e-04,"Prop_0.25"
"CI052",0.25,25,0.000378740292775662,0.1025,0,"Imbalanced",0.5,"u1",1,".50_Count_Imb_u1","Beta",5000,100,5e-04,"Prop_0.25"
"CI053",0.25,25,0.000398400941691461,0.1022,0,"Imbalanced",0.5,"s0",1,".50_Count_Imb_s0","Beta",5000,100,5e-04,"Prop_0.25"
"CI054",0.25,25,0.000383483245980133,0.1,0,"Imbalanced",0.5,"u0",1,".50_Count_Imb_u0","Beta",5000,100,5e-04,"Prop_0.25"
"CI057",0.25,25,0.000387709431879437,0.144,0,"Imbalanced",0.5,"s1_u1",2,".50_Count_Imb_s1_u1","Beta",5000,100,5e-04,"Prop_0.25"
"CI058",0.25,25,0.00039540445613158,0.1055,0,"Imbalanced",0.5,"s0_u0",2,".50_Count_Imb_s0_u0","Beta",5000,100,5e-04,"Prop_0.25"
"CI065",0.25,25,0.000382413820125034,0.2043,0,"Imbalanced",0.25,"s1",1,".25_Count_Imb_s1","Beta",5000,100,5e-04,"Prop_0.25"
"CI066",0.25,25,0.00038754587189788,0.1026,0,"Imbalanced",0.25,"u1",1,".25_Count_Imb_u1","Beta",5000,100,5e-04,"Prop_0.25"
"CI067",0.25,25,0.000380630010850534,0.1074,0,"Imbalanced",0.25,"s0",1,".25_Count_Imb_s0","Beta",5000,100,5e-04,"Prop_0.25"
"CI068",0.25,25,0.000383581296329705,0.1035,0,"Imbalanced",0.25,"u0",1,".25_Count_Imb_u0","Beta",5000,100,5e-04,"Prop_0.25"
"CI071",0.25,25,0.000382894497998903,0.1969,0,"Imbalanced",0.25,"s1_u1",2,".25_Count_Imb_s1_u1","Beta",5000,100,5e-04,"Prop_0.25"
"CI072",0.25,25,0.000377375203040822,0.0986,0,"Imbalanced",0.25,"s0_u0",2,".25_Count_Imb_s0_u0","Beta",5000,100,5e-04,"Prop_0.25"
"CI079",0.25,25,0.000386835361067884,0.3016,0,"Imbalanced",0.1,"s1",1,".10_Count_Imb_s1","Beta",5000,100,5e-04,"Prop_0.25"
"CI080",0.25,25,0.000383036590574436,0.0973,0,"Imbalanced",0.1,"u1",1,".10_Count_Imb_u1","Beta",5000,100,5e-04,"Prop_0.25"
"CI081",0.25,25,0.000392900923084375,0.1053,0,"Imbalanced",0.1,"s0",1,".10_Count_Imb_s0","Beta",5000,100,5e-04,"Prop_0.25"
"CI082",0.25,25,0.000390379774072399,0.0968,0,"Imbalanced",0.1,"u0",1,".10_Count_Imb_u0","Beta",5000,100,5e-04,"Prop_0.25"
"CI085",0.25,25,0.000390101941928684,0.2969,0,"Imbalanced",0.1,"s1_u1",2,".10_Count_Imb_s1_u1","Beta",5000,100,5e-04,"Prop_0.25"
"CI086",0.25,25,0.00039041726043545,0.0998,0,"Imbalanced",0.1,"s0_u0",2,".10_Count_Imb_s0_u0","Beta",5000,100,5e-04,"Prop_0.25"
"CI093",0.25,25,0.000388875909239255,0.4159,0,"Imbalanced",0.05,"s1",1,".050_Count_Imb_s1","Beta",5000,100,5e-04,"Prop_0.25"
"CI094",0.25,25,0.000399604755071182,0.1001,0,"Imbalanced",0.05,"u1",1,".050_Count_Imb_u1","Beta",5000,100,5e-04,"Prop_0.25"
"CI095",0.25,25,0.000386681740775412,0.1056,0,"Imbalanced",0.05,"s0",1,".050_Count_Imb_s0","Beta",5000,100,5e-04,"Prop_0.25"
"CI096",0.25,25,0.000388121277742381,0.1051,0,"Imbalanced",0.05,"u0",1,".050_Count_Imb_u0","Beta",5000,100,5e-04,"Prop_0.25"
"CI099",0.25,25,0.000392602433277059,0.4026,0,"Imbalanced",0.05,"s1_u1",2,".050_Count_Imb_s1_u1","Beta",5000,100,5e-04,"Prop_0.25"
"CI100",0.25,25,0.000394746564926663,0.1041,0,"Imbalanced",0.05,"s0_u0",2,".050_Count_Imb_s0_u0","Beta",5000,100,5e-04,"Prop_0.25"
"CI107",0.25,25,0.000394501533096387,0.5313,0,"Imbalanced",0.025,"s1",1,".025_Count_Imb_s1","Beta",5000,100,5e-04,"Prop_0.25"
"CI108",0.25,25,0.000383339447996644,0.1049,0,"Imbalanced",0.025,"u1",1,".025_Count_Imb_u1","Beta",5000,100,5e-04,"Prop_0.25"
"CI109",0.25,25,0.000385434718669221,0.1034,0,"Imbalanced",0.025,"s0",1,".025_Count_Imb_s0","Beta",5000,100,5e-04,"Prop_0.25"
"CI110",0.25,25,0.000390354775226894,0.1092,0,"Imbalanced",0.025,"u0",1,".025_Count_Imb_u0","Beta",5000,100,5e-04,"Prop_0.25"
"CI113",0.25,25,0.000385199115629846,0.5321,0,"Imbalanced",0.025,"s1_u1",2,".025_Count_Imb_s1_u1","Beta",5000,100,5e-04,"Prop_0.25"
"CI114",0.25,25,0.000393055869443519,0.1014,0,"Imbalanced",0.025,"s0_u0",2,".025_Count_Imb_s0_u0","Beta",5000,100,5e-04,"Prop_0.25"
