"Scenario_ID","Method","n_fits","n_ok","n_error","n_timeout","n_task_failed","hit_maxit","median_fit_sec","max_fit_sec","getresponse_agree","n_planned","Fail_rate","Type","Fraction","Depleted","N_depleted","Cell_range","Distribution","Phi","P","Effect","Res_prop"
"CI001","MIMOSA2",100,100,0,0,0,NA,16.4047755002975,22.392117023468,1,100,0,"Reference",1,"none",0,"1.00_Count_Ref","Beta",5000,100,5e-04,"Prop_0.25"
"CI002","MIMOSA2",100,100,0,0,0,NA,16.9303816556931,22.7143533229828,1,100,0,"Balanced",0.9,"none",1,".90_Count_Bal_1","Beta",5000,100,5e-04,"Prop_0.25"
"CI003","MIMOSA2",100,100,0,0,0,NA,17.0326641798019,21.9811298847198,1,100,0,"Balanced",0.9,"none",2,".90_Count_Bal_2","Beta",5000,100,5e-04,"Prop_0.25"
"CI005","MIMOSA2",100,100,0,0,0,NA,16.8677803277969,21.702757358551,1,100,0,"Balanced",0.75,"none",1,".75_Count_Bal_1","Beta",5000,100,5e-04,"Prop_0.25"
"CI006","MIMOSA2",100,100,0,0,0,NA,16.677925825119,20.9021146297455,1,100,0,"Balanced",0.75,"none",2,".75_Count_Bal_2","Beta",5000,100,5e-04,"Prop_0.25"
"CI008","MIMOSA2",100,100,0,0,0,NA,16.6224431991577,22.2612578868866,1,100,0,"Balanced",0.5,"none",1,".50_Count_Bal_1","Beta",5000,100,5e-04,"Prop_0.25"
"CI009","MIMOSA2",100,100,0,0,0,NA,16.9893082380295,21.3409335613251,1,100,0,"Balanced",0.5,"none",2,".50_Count_Bal_2","Beta",5000,100,5e-04,"Prop_0.25"
"CI011","MIMOSA2",100,100,0,0,0,NA,17.0493078231812,21.0508375167847,1,100,0,"Balanced",0.25,"none",1,".25_Count_Bal_1","Beta",5000,100,5e-04,"Prop_0.25"
"CI012","MIMOSA2",100,100,0,0,0,NA,17.4737920761108,23.0219013690948,1,100,0,"Balanced",0.25,"none",2,".25_Count_Bal_2","Beta",5000,100,5e-04,"Prop_0.25"
"CI014","MIMOSA2",100,100,0,0,0,NA,17.2033689022064,21.7871668338776,1,100,0,"Balanced",0.1,"none",1,".10_Count_Bal_1","Beta",5000,100,5e-04,"Prop_0.25"
"CI015","MIMOSA2",100,100,0,0,0,NA,17.1390711069107,22.5991115570068,1,100,0,"Balanced",0.1,"none",2,".10_Count_Bal_2","Beta",5000,100,5e-04,"Prop_0.25"
"CI017","MIMOSA2",100,100,0,0,0,NA,16.6564033031464,20.7109725475311,1,100,0,"Balanced",0.05,"none",1,".050_Count_Bal_1","Beta",5000,100,5e-04,"Prop_0.25"
"CI018","MIMOSA2",100,100,0,0,0,NA,17.4206600189209,22.003805398941,1,100,0,"Balanced",0.05,"none",2,".050_Count_Bal_2","Beta",5000,100,5e-04,"Prop_0.25"
"CI020","MIMOSA2",100,100,0,0,0,NA,17.264423251152,22.0123763084412,1,100,0,"Balanced",0.025,"none",1,".025_Count_Bal_1","Beta",5000,100,5e-04,"Prop_0.25"
"CI021","MIMOSA2",100,100,0,0,0,NA,17.8424015045166,22.5617046356201,1,100,0,"Balanced",0.025,"none",2,".025_Count_Bal_2","Beta",5000,100,5e-04,"Prop_0.25"
"CI023","MIMOSA2",100,100,0,0,0,NA,16.8041658401489,20.754828453064,1,100,0,"Imbalanced",0.9,"s1",1,".90_Count_Imb_s1","Beta",5000,100,5e-04,"Prop_0.25"
"CI024","MIMOSA2",100,100,0,0,0,NA,16.6092921495438,20.7719399929047,1,100,0,"Imbalanced",0.9,"u1",1,".90_Count_Imb_u1","Beta",5000,100,5e-04,"Prop_0.25"
"CI025","MIMOSA2",100,100,0,0,0,NA,16.4728066921234,20.9899063110352,1,100,0,"Imbalanced",0.9,"s0",1,".90_Count_Imb_s0","Beta",5000,100,5e-04,"Prop_0.25"
"CI026","MIMOSA2",100,100,0,0,0,NA,16.463272690773,19.7328352928162,1,100,0,"Imbalanced",0.9,"u0",1,".90_Count_Imb_u0","Beta",5000,100,5e-04,"Prop_0.25"
"CI029","MIMOSA2",100,100,0,0,0,NA,16.4618729352951,20.7673306465149,1,100,0,"Imbalanced",0.9,"s1_u1",2,".90_Count_Imb_s1_u1","Beta",5000,100,5e-04,"Prop_0.25"
"CI030","MIMOSA2",100,100,0,0,0,NA,16.2862122058868,21.1210777759552,1,100,0,"Imbalanced",0.9,"s0_u0",2,".90_Count_Imb_s0_u0","Beta",5000,100,5e-04,"Prop_0.25"
"CI037","MIMOSA2",100,100,0,0,0,NA,17.0826843976974,21.4864461421967,1,100,0,"Imbalanced",0.75,"s1",1,".75_Count_Imb_s1","Beta",5000,100,5e-04,"Prop_0.25"
"CI038","MIMOSA2",100,100,0,0,0,NA,16.9899203777313,21.6721520423889,1,100,0,"Imbalanced",0.75,"u1",1,".75_Count_Imb_u1","Beta",5000,100,5e-04,"Prop_0.25"
"CI039","MIMOSA2",100,100,0,0,0,NA,16.8018044233322,24.442446231842,1,100,0,"Imbalanced",0.75,"s0",1,".75_Count_Imb_s0","Beta",5000,100,5e-04,"Prop_0.25"
"CI040","MIMOSA2",100,100,0,0,0,NA,16.6094858646393,21.5636830329895,1,100,0,"Imbalanced",0.75,"u0",1,".75_Count_Imb_u0","Beta",5000,100,5e-04,"Prop_0.25"
"CI043","MIMOSA2",100,100,0,0,0,NA,16.8047571182251,21.7449271678925,1,100,0,"Imbalanced",0.75,"s1_u1",2,".75_Count_Imb_s1_u1","Beta",5000,100,5e-04,"Prop_0.25"
"CI044","MIMOSA2",100,100,0,0,0,NA,16.5826631784439,21.8553555011749,1,100,0,"Imbalanced",0.75,"s0_u0",2,".75_Count_Imb_s0_u0","Beta",5000,100,5e-04,"Prop_0.25"
"CI051","MIMOSA2",100,100,0,0,0,NA,16.8889701366425,21.7009494304657,1,100,0,"Imbalanced",0.5,"s1",1,".50_Count_Imb_s1","Beta",5000,100,5e-04,"Prop_0.25"
"CI052","MIMOSA2",100,100,0,0,0,NA,17.194794178009,21.2209312915802,1,100,0,"Imbalanced",0.5,"u1",1,".50_Count_Imb_u1","Beta",5000,100,5e-04,"Prop_0.25"
"CI053","MIMOSA2",100,100,0,0,0,NA,16.7457039356232,22.6510784626007,1,100,0,"Imbalanced",0.5,"s0",1,".50_Count_Imb_s0","Beta",5000,100,5e-04,"Prop_0.25"
"CI054","MIMOSA2",100,100,0,0,0,NA,16.9067096710205,22.7104132175446,1,100,0,"Imbalanced",0.5,"u0",1,".50_Count_Imb_u0","Beta",5000,100,5e-04,"Prop_0.25"
"CI057","MIMOSA2",100,100,0,0,0,NA,16.9268622398376,23.2536571025848,1,100,0,"Imbalanced",0.5,"s1_u1",2,".50_Count_Imb_s1_u1","Beta",5000,100,5e-04,"Prop_0.25"
"CI058","MIMOSA2",100,100,0,0,0,NA,17.0700294971466,22.8331596851349,1,100,0,"Imbalanced",0.5,"s0_u0",2,".50_Count_Imb_s0_u0","Beta",5000,100,5e-04,"Prop_0.25"
"CI065","MIMOSA2",100,100,0,0,0,NA,17.3792884349823,22.6916546821594,1,100,0,"Imbalanced",0.25,"s1",1,".25_Count_Imb_s1","Beta",5000,100,5e-04,"Prop_0.25"
"CI066","MIMOSA2",100,100,0,0,0,NA,17.0081897974014,21.8877630233765,1,100,0,"Imbalanced",0.25,"u1",1,".25_Count_Imb_u1","Beta",5000,100,5e-04,"Prop_0.25"
"CI067","MIMOSA2",100,100,0,0,0,NA,17.1319239139557,21.2334027290344,1,100,0,"Imbalanced",0.25,"s0",1,".25_Count_Imb_s0","Beta",5000,100,5e-04,"Prop_0.25"
"CI068","MIMOSA2",100,100,0,0,0,NA,17.0146086215973,20.6864156723022,1,100,0,"Imbalanced",0.25,"u0",1,".25_Count_Imb_u0","Beta",5000,100,5e-04,"Prop_0.25"
"CI071","MIMOSA2",100,100,0,0,0,NA,17.468829870224,21.0392537117004,1,100,0,"Imbalanced",0.25,"s1_u1",2,".25_Count_Imb_s1_u1","Beta",5000,100,5e-04,"Prop_0.25"
"CI072","MIMOSA2",100,100,0,0,0,NA,17.4934817552567,22.1868147850037,1,100,0,"Imbalanced",0.25,"s0_u0",2,".25_Count_Imb_s0_u0","Beta",5000,100,5e-04,"Prop_0.25"
"CI079","MIMOSA2",100,100,0,0,0,NA,17.5460488796234,21.6425356864929,1,100,0,"Imbalanced",0.1,"s1",1,".10_Count_Imb_s1","Beta",5000,100,5e-04,"Prop_0.25"
"CI080","MIMOSA2",100,100,0,0,0,NA,17.5179966688156,23.0471467971802,1,100,0,"Imbalanced",0.1,"u1",1,".10_Count_Imb_u1","Beta",5000,100,5e-04,"Prop_0.25"
"CI081","MIMOSA2",100,100,0,0,0,NA,17.5169006586075,21.9574348926544,1,100,0,"Imbalanced",0.1,"s0",1,".10_Count_Imb_s0","Beta",5000,100,5e-04,"Prop_0.25"
"CI082","MIMOSA2",100,100,0,0,0,NA,16.9614373445511,22.3713324069977,1,100,0,"Imbalanced",0.1,"u0",1,".10_Count_Imb_u0","Beta",5000,100,5e-04,"Prop_0.25"
"CI085","MIMOSA2",100,100,0,0,0,NA,17.869781255722,23.0627789497375,1,100,0,"Imbalanced",0.1,"s1_u1",2,".10_Count_Imb_s1_u1","Beta",5000,100,5e-04,"Prop_0.25"
"CI086","MIMOSA2",100,100,0,0,0,NA,17.6399801969528,23.0854270458221,1,100,0,"Imbalanced",0.1,"s0_u0",2,".10_Count_Imb_s0_u0","Beta",5000,100,5e-04,"Prop_0.25"
"CI093","MIMOSA2",100,100,0,0,0,NA,17.7959215641022,22.5469622612,1,100,0,"Imbalanced",0.05,"s1",1,".050_Count_Imb_s1","Beta",5000,100,5e-04,"Prop_0.25"
"CI094","MIMOSA2",100,100,0,0,0,NA,16.970289349556,22.4252848625183,1,100,0,"Imbalanced",0.05,"u1",1,".050_Count_Imb_u1","Beta",5000,100,5e-04,"Prop_0.25"
"CI095","MIMOSA2",100,100,0,0,0,NA,17.515930056572,23.0766513347626,1,100,0,"Imbalanced",0.05,"s0",1,".050_Count_Imb_s0","Beta",5000,100,5e-04,"Prop_0.25"
"CI096","MIMOSA2",100,100,0,0,0,NA,17.1894702911377,22.6607158184052,1,100,0,"Imbalanced",0.05,"u0",1,".050_Count_Imb_u0","Beta",5000,100,5e-04,"Prop_0.25"
"CI099","MIMOSA2",100,100,0,0,0,NA,18.2507309913635,22.8653202056885,1,100,0,"Imbalanced",0.05,"s1_u1",2,".050_Count_Imb_s1_u1","Beta",5000,100,5e-04,"Prop_0.25"
"CI100","MIMOSA2",100,100,0,0,0,NA,17.6650129556656,24.13822722435,1,100,0,"Imbalanced",0.05,"s0_u0",2,".050_Count_Imb_s0_u0","Beta",5000,100,5e-04,"Prop_0.25"
"CI107","MIMOSA2",100,100,0,0,0,NA,18.23732817173,23.5885617733002,1,100,0,"Imbalanced",0.025,"s1",1,".025_Count_Imb_s1","Beta",5000,100,5e-04,"Prop_0.25"
"CI108","MIMOSA2",100,100,0,0,0,NA,17.1266804933548,21.7404980659485,1,100,0,"Imbalanced",0.025,"u1",1,".025_Count_Imb_u1","Beta",5000,100,5e-04,"Prop_0.25"
"CI109","MIMOSA2",100,100,0,0,0,NA,18.0625009536743,22.6404774188995,1,100,0,"Imbalanced",0.025,"s0",1,".025_Count_Imb_s0","Beta",5000,100,5e-04,"Prop_0.25"
"CI110","MIMOSA2",100,100,0,0,0,NA,16.8106025457382,22.2690246105194,1,100,0,"Imbalanced",0.025,"u0",1,".025_Count_Imb_u0","Beta",5000,100,5e-04,"Prop_0.25"
"CI113","MIMOSA2",100,100,0,0,0,NA,18.722248673439,22.4062056541443,1,100,0,"Imbalanced",0.025,"s1_u1",2,".025_Count_Imb_s1_u1","Beta",5000,100,5e-04,"Prop_0.25"
"CI114","MIMOSA2",100,100,0,0,0,NA,17.9827109575272,21.4275989532471,1,100,0,"Imbalanced",0.025,"s0_u0",2,".025_Count_Imb_s0_u0","Beta",5000,100,5e-04,"Prop_0.25"
