"Scenario_ID","n_pairs","dAUC_mean","dAUC_sd","dAUC_mcse","corr_AUC","Comparison","lower","upper","Type","Fraction","Depleted","N_depleted","Cell_range","Distribution","Phi","P","Effect","Res_prop"
"CI001",100,0.0188826666666667,0.0177850770873608,0.00177850770873608,0.834270232689182,"MIMOSA2 - DiD",0.0153967915575439,0.0223685417757894,"Reference",1,"none",0,"1.00_Count_Ref","Beta",5000,100,5e-04,"Prop_0.25"
"CI002",100,0.0162346666666667,0.0178623555781802,0.00178623555781802,0.803738901378861,"MIMOSA2 - DiD",0.0127336449733433,0.01973568835999,"Balanced",0.9,"none",1,".90_Count_Bal_1","Beta",5000,100,5e-04,"Prop_0.25"
"CI003",100,0.017024,0.0186650011763015,0.00186650011763015,0.838707658314975,"MIMOSA2 - DiD",0.0133656597694449,0.0206823402305551,"Balanced",0.9,"none",2,".90_Count_Bal_2","Beta",5000,100,5e-04,"Prop_0.25"
"CI005",100,0.0155253333333333,0.0172756805508805,0.00172756805508805,0.874459887569833,"MIMOSA2 - DiD",0.0121392999453608,0.0189113667213059,"Balanced",0.75,"none",1,".75_Count_Bal_1","Beta",5000,100,5e-04,"Prop_0.25"
"CI006",100,0.020024,0.0190833378648194,0.00190833378648194,0.859591799883362,"MIMOSA2 - DiD",0.0162836657784954,0.0237643342215046,"Balanced",0.75,"none",2,".75_Count_Bal_2","Beta",5000,100,5e-04,"Prop_0.25"
"CI008",100,0.0160026666666667,0.0186135847474169,0.00186135847474169,0.864184439386272,"MIMOSA2 - DiD",0.012354404056173,0.0196509292771604,"Balanced",0.5,"none",1,".50_Count_Bal_1","Beta",5000,100,5e-04,"Prop_0.25"
"CI009",100,0.0187493333333333,0.0202375014316869,0.00202375014316869,0.815619555797582,"MIMOSA2 - DiD",0.0147827830527227,0.022715883613944,"Balanced",0.5,"none",2,".50_Count_Bal_2","Beta",5000,100,5e-04,"Prop_0.25"
"CI011",100,0.0186106666666667,0.0177892203579235,0.00177892203579235,0.907597514929258,"MIMOSA2 - DiD",0.0151239794765137,0.0220973538568197,"Balanced",0.25,"none",1,".25_Count_Bal_1","Beta",5000,100,5e-04,"Prop_0.25"
"CI012",100,0.0209946666666667,0.0203628007043543,0.00203628007043543,0.827364517341434,"MIMOSA2 - DiD",0.0170035577286132,0.0249857756047201,"Balanced",0.25,"none",2,".25_Count_Bal_2","Beta",5000,100,5e-04,"Prop_0.25"
"CI014",100,0.0176346666666667,0.019154966078722,0.0019154966078722,0.831954267211346,"MIMOSA2 - DiD",0.0138802933152371,0.0213890400180962,"Balanced",0.1,"none",1,".10_Count_Bal_1","Beta",5000,100,5e-04,"Prop_0.25"
"CI015",100,0.0215786666666667,0.0205995235580657,0.00205995235580657,0.848943057428462,"MIMOSA2 - DiD",0.0175411600492858,0.0256161732840475,"Balanced",0.1,"none",2,".10_Count_Bal_2","Beta",5000,100,5e-04,"Prop_0.25"
"CI017",100,0.0233466666666667,0.0185819095497214,0.00185819095497214,0.829948391653233,"MIMOSA2 - DiD",0.0197046123949213,0.0269887209384121,"Balanced",0.05,"none",1,".050_Count_Bal_1","Beta",5000,100,5e-04,"Prop_0.25"
"CI018",100,0.0246666666666667,0.0182952368182456,0.00182952368182456,0.88467350864597,"MIMOSA2 - DiD",0.0210808002502905,0.0282525330830428,"Balanced",0.05,"none",2,".050_Count_Bal_2","Beta",5000,100,5e-04,"Prop_0.25"
"CI020",100,0.0212853333333333,0.0180025539527465,0.00180025539527465,0.869762682159554,"MIMOSA2 - DiD",0.017756832758595,0.0248138339080716,"Balanced",0.025,"none",1,".025_Count_Bal_1","Beta",5000,100,5e-04,"Prop_0.25"
"CI021",100,0.022576,0.0192131724361629,0.00192131724361629,0.861704008781973,"MIMOSA2 - DiD",0.0188102182025121,0.0263417817974879,"Balanced",0.025,"none",2,".025_Count_Bal_2","Beta",5000,100,5e-04,"Prop_0.25"
"CI023",100,0.0161093333333333,0.0173848328957978,0.00173848328957978,0.861501465365465,"MIMOSA2 - DiD",0.012701906085757,0.0195167605809097,"Imbalanced",0.9,"s1",1,".90_Count_Imb_s1","Beta",5000,100,5e-04,"Prop_0.25"
"CI024",100,0.0183546666666667,0.0212058499012341,0.00212058499012341,0.807583637955775,"MIMOSA2 - DiD",0.0141983200860248,0.0225110132473085,"Imbalanced",0.9,"u1",1,".90_Count_Imb_u1","Beta",5000,100,5e-04,"Prop_0.25"
"CI025",100,0.01852,0.0175359870480918,0.00175359870480918,0.850624063246138,"MIMOSA2 - DiD",0.015082946538574,0.021957053461426,"Imbalanced",0.9,"s0",1,".90_Count_Imb_s0","Beta",5000,100,5e-04,"Prop_0.25"
"CI026",100,0.0156506666666667,0.0221813505350789,0.00221813505350789,0.801379517363095,"MIMOSA2 - DiD",0.0113031219617912,0.0199982113715421,"Imbalanced",0.9,"u0",1,".90_Count_Imb_u0","Beta",5000,100,5e-04,"Prop_0.25"
"CI029",100,0.0139013333333333,0.018757361395184,0.0018757361395184,0.867143198259756,"MIMOSA2 - DiD",0.0102248904998773,0.0175777761667894,"Imbalanced",0.9,"s1_u1",2,".90_Count_Imb_s1_u1","Beta",5000,100,5e-04,"Prop_0.25"
"CI030",100,0.0130506666666667,0.0195171273483743,0.00195171273483743,0.847588101418839,"MIMOSA2 - DiD",0.0092253097063853,0.016876023626948,"Imbalanced",0.9,"s0_u0",2,".90_Count_Imb_s0_u0","Beta",5000,100,5e-04,"Prop_0.25"
"CI037",100,0.0177786666666667,0.0167942935100159,0.00167942935100159,0.889521239337038,"MIMOSA2 - DiD",0.0144869851387036,0.0210703481946298,"Imbalanced",0.75,"s1",1,".75_Count_Imb_s1","Beta",5000,100,5e-04,"Prop_0.25"
"CI038",100,0.0180026666666667,0.0207097583119123,0.00207097583119123,0.805422529428403,"MIMOSA2 - DiD",0.0139435540375318,0.0220617792958015,"Imbalanced",0.75,"u1",1,".75_Count_Imb_u1","Beta",5000,100,5e-04,"Prop_0.25"
"CI039",100,0.0186133333333333,0.0181691466506059,0.00181691466506059,0.824434060530174,"MIMOSA2 - DiD",0.0150521805898146,0.0221744860768521,"Imbalanced",0.75,"s0",1,".75_Count_Imb_s0","Beta",5000,100,5e-04,"Prop_0.25"
"CI040",100,0.0167733333333333,0.0195193604428722,0.00195193604428722,0.828863507445177,"MIMOSA2 - DiD",0.0129475386865304,0.0205991279801363,"Imbalanced",0.75,"u0",1,".75_Count_Imb_u0","Beta",5000,100,5e-04,"Prop_0.25"
"CI043",100,0.01624,0.0173584692131282,0.00173584692131282,0.904081794562563,"MIMOSA2 - DiD",0.0128377400342269,0.0196422599657731,"Imbalanced",0.75,"s1_u1",2,".75_Count_Imb_s1_u1","Beta",5000,100,5e-04,"Prop_0.25"
"CI044",100,0.0190746666666667,0.0193602164887581,0.00193602164887581,0.807307935967207,"MIMOSA2 - DiD",0.0152800642348701,0.0228692690984633,"Imbalanced",0.75,"s0_u0",2,".75_Count_Imb_s0_u0","Beta",5000,100,5e-04,"Prop_0.25"
"CI051",100,0.0195093333333333,0.0206264266003237,0.00206264266003237,0.854905383123687,"MIMOSA2 - DiD",0.0154665537196699,0.0235521129469968,"Imbalanced",0.5,"s1",1,".50_Count_Imb_s1","Beta",5000,100,5e-04,"Prop_0.25"
"CI052",100,0.0183173333333333,0.0203184062225698,0.00203184062225698,0.821454992917079,"MIMOSA2 - DiD",0.0143349257137096,0.022299740952957,"Imbalanced",0.5,"u1",1,".50_Count_Imb_u1","Beta",5000,100,5e-04,"Prop_0.25"
"CI053",100,0.018568,0.0203441600143411,0.00203441600143411,0.851947929614719,"MIMOSA2 - DiD",0.0145805446371892,0.0225554553628108,"Imbalanced",0.5,"s0",1,".50_Count_Imb_s0","Beta",5000,100,5e-04,"Prop_0.25"
"CI054",100,0.0170453333333333,0.0166565919179461,0.00166565919179461,0.878730762414323,"MIMOSA2 - DiD",0.0137806413174159,0.0203100253492508,"Imbalanced",0.5,"u0",1,".50_Count_Imb_u0","Beta",5000,100,5e-04,"Prop_0.25"
"CI057",100,0.0189226666666667,0.0197569035683304,0.00197569035683304,0.847685539549098,"MIMOSA2 - DiD",0.0150503135672739,0.0227950197660594,"Imbalanced",0.5,"s1_u1",2,".50_Count_Imb_s1_u1","Beta",5000,100,5e-04,"Prop_0.25"
"CI058",100,0.0198053333333333,0.0184391270904113,0.00184391270904113,0.860151681275108,"MIMOSA2 - DiD",0.0161912644236127,0.023419402243054,"Imbalanced",0.5,"s0_u0",2,".50_Count_Imb_s0_u0","Beta",5000,100,5e-04,"Prop_0.25"
"CI065",100,0.0120746666666667,0.0246943066181062,0.00246943066181062,0.820753334192651,"MIMOSA2 - DiD",0.00723458256951784,0.0169147507638155,"Imbalanced",0.25,"s1",1,".25_Count_Imb_s1","Beta",5000,100,5e-04,"Prop_0.25"
"CI066",100,0.0187706666666667,0.0178626215833973,0.00178626215833973,0.850215578034546,"MIMOSA2 - DiD",0.0152695928363208,0.0222717404970125,"Imbalanced",0.25,"u1",1,".25_Count_Imb_u1","Beta",5000,100,5e-04,"Prop_0.25"
"CI067",100,0.0317626666666667,0.0245628542925874,0.00245628542925874,0.802293351978546,"MIMOSA2 - DiD",0.0269483472253196,0.0365769861080138,"Imbalanced",0.25,"s0",1,".25_Count_Imb_s0","Beta",5000,100,5e-04,"Prop_0.25"
"CI068",100,0.0160346666666667,0.0178505039713568,0.00178505039713568,0.858427595264008,"MIMOSA2 - DiD",0.0125359678882807,0.0195333654450526,"Imbalanced",0.25,"u0",1,".25_Count_Imb_u0","Beta",5000,100,5e-04,"Prop_0.25"
"CI071",100,0.020232,0.020832872409716,0.0020832872409716,0.874218250608263,"MIMOSA2 - DiD",0.0161487570076957,0.0243152429923043,"Imbalanced",0.25,"s1_u1",2,".25_Count_Imb_s1_u1","Beta",5000,100,5e-04,"Prop_0.25"
"CI072",100,0.0241893333333333,0.0224443138710073,0.00224443138710073,0.804557772939454,"MIMOSA2 - DiD",0.0197902478146159,0.0285884188520508,"Imbalanced",0.25,"s0_u0",2,".25_Count_Imb_s0_u0","Beta",5000,100,5e-04,"Prop_0.25"
"CI079",100,0.00629333333333334,0.0256682871498593,0.00256682871498593,0.812924335831543,"MIMOSA2 - DiD",0.00126234905196092,0.0113243176147058,"Imbalanced",0.1,"s1",1,".10_Count_Imb_s1","Beta",5000,100,5e-04,"Prop_0.25"
"CI080",100,0.034952,0.0206252611832594,0.00206252611832594,0.879079574152809,"MIMOSA2 - DiD",0.0309094488080812,0.0389945511919188,"Imbalanced",0.1,"u1",1,".10_Count_Imb_u1","Beta",5000,100,5e-04,"Prop_0.25"
"CI081",100,0.0516826666666667,0.0269761354732836,0.00269761354732836,0.806050798836452,"MIMOSA2 - DiD",0.0463953441139031,0.0569699892194303,"Imbalanced",0.1,"s0",1,".10_Count_Imb_s0","Beta",5000,100,5e-04,"Prop_0.25"
"CI082",100,0.0148426666666667,0.0187395678902638,0.00187395678902638,0.843000993605826,"MIMOSA2 - DiD",0.011169711360175,0.0185156219731584,"Imbalanced",0.1,"u0",1,".10_Count_Imb_u0","Beta",5000,100,5e-04,"Prop_0.25"
"CI085",100,0.0198,0.027659403533264,0.0027659403533264,0.836301362023726,"MIMOSA2 - DiD",0.0143787569074803,0.0252212430925197,"Imbalanced",0.1,"s1_u1",2,".10_Count_Imb_s1_u1","Beta",5000,100,5e-04,"Prop_0.25"
"CI086",100,0.0360346666666667,0.0245930076473028,0.00245930076473028,0.762893064082391,"MIMOSA2 - DiD",0.0312144371677953,0.040854896165538,"Imbalanced",0.1,"s0_u0",2,".10_Count_Imb_s0_u0","Beta",5000,100,5e-04,"Prop_0.25"
"CI093",100,-0.000479999999999994,0.0330969992299104,0.00330969992299104,0.759113810582358,"MIMOSA2 - DiD",-0.00696701184906244,0.00600701184906245,"Imbalanced",0.05,"s1",1,".050_Count_Imb_s1","Beta",5000,100,5e-04,"Prop_0.25"
"CI094",100,0.0505333333333333,0.025512012091224,0.0025512012091224,0.837261136170842,"MIMOSA2 - DiD",0.0455329789634534,0.0555336877032132,"Imbalanced",0.05,"u1",1,".050_Count_Imb_u1","Beta",5000,100,5e-04,"Prop_0.25"
"CI095",100,0.08384,0.0368630894325751,0.00368630894325751,0.74471760848952,"MIMOSA2 - DiD",0.0766148344712153,0.0910651655287847,"Imbalanced",0.05,"s0",1,".050_Count_Imb_s0","Beta",5000,100,5e-04,"Prop_0.25"
"CI096",100,0.011176,0.0208727414915659,0.00208727414915659,0.848723379614343,"MIMOSA2 - DiD",0.00708494266765309,0.0152670573323469,"Imbalanced",0.05,"u0",1,".050_Count_Imb_u0","Beta",5000,100,5e-04,"Prop_0.25"
"CI099",100,0.0232933333333333,0.0316134765052063,0.00316134765052063,0.772164937238149,"MIMOSA2 - DiD",0.0170970919383129,0.0294895747283538,"Imbalanced",0.05,"s1_u1",2,".050_Count_Imb_s1_u1","Beta",5000,100,5e-04,"Prop_0.25"
"CI100",100,0.0438693333333333,0.0288786180965257,0.00288786180965257,0.819072057634689,"MIMOSA2 - DiD",0.0382091241864143,0.0495295424802524,"Imbalanced",0.05,"s0_u0",2,".050_Count_Imb_s0_u0","Beta",5000,100,5e-04,"Prop_0.25"
"CI107",100,0.00614933333333333,0.0313165125994529,0.00313165125994529,0.810978828009804,"MIMOSA2 - DiD",1.1296863840553e-05,0.0122873698028261,"Imbalanced",0.025,"s1",1,".025_Count_Imb_s1","Beta",5000,100,5e-04,"Prop_0.25"
"CI108",100,0.059856,0.0303021976882247,0.00303021976882247,0.769355901969744,"MIMOSA2 - DiD",0.053916769253108,0.065795230746892,"Imbalanced",0.025,"u1",1,".025_Count_Imb_u1","Beta",5000,100,5e-04,"Prop_0.25"
"CI109",100,0.0991973333333333,0.0421845061955567,0.00421845061955567,0.711069264466995,"MIMOSA2 - DiD",0.0909291701190042,0.107465496547662,"Imbalanced",0.025,"s0",1,".025_Count_Imb_s0","Beta",5000,100,5e-04,"Prop_0.25"
"CI110",100,0.00476533333333333,0.0212900792143134,0.00212900792143134,0.852467519592042,"MIMOSA2 - DiD",0.000592477807327904,0.00893818885933876,"Imbalanced",0.025,"u0",1,".025_Count_Imb_u0","Beta",5000,100,5e-04,"Prop_0.25"
"CI113",100,0.0288613333333333,0.0323577500643291,0.00323577500643291,0.842013164268456,"MIMOSA2 - DiD",0.0225192143207248,0.0352034523459418,"Imbalanced",0.025,"s1_u1",2,".025_Count_Imb_s1_u1","Beta",5000,100,5e-04,"Prop_0.25"
"CI114",100,0.0505306666666667,0.0320349415293345,0.00320349415293345,0.816748578144176,"MIMOSA2 - DiD",0.0442518181269171,0.0568095152064162,"Imbalanced",0.025,"s0_u0",2,".025_Count_Imb_s0_u0","Beta",5000,100,5e-04,"Prop_0.25"
