"Study","Method","Rule","nsim_max","max_TPR_mcse","max_FDR_mcse","max_AUC_mcse","nsim_for_TPR_target","nsim_for_FDR_target","nsim_for_AUC_target"
"baseline","DiD","BH",100,0.0502418393795691,0.014070529413629,0.0271670229883058,632,198,739
"baseline","DiD","unadjusted",100,0.0500908265962033,0.0500908265962033,0.0271670229883058,628,2510,739
"baseline","MIMOSA2","BFDR",100,0.0510198440638943,0.0180371122881979,0.0322229463901397,631,310,966
"prior","DiD","BH",100,0.0114627195461609,0.01,0.00862358710430031,33,100,75
"prior","DiD","unadjusted",100,0.0113610356619954,0.0257026672619225,0.00862358710430031,33,661,75
"prior","MIMOSA2","BFDR",100,0.0128582010146573,0.0177738316327429,0.00850888907988213,42,316,73
"heterogeneity","DiD","BH",100,0.0155501794461698,0.01,0.0100998099792106,61,100,103
"heterogeneity","DiD","unadjusted",100,0.0142740139676082,0.0131297590377955,0.0100998099792106,51,173,103
"heterogeneity","MIMOSA2_pooled","BFDR",100,0.0154458977588147,0.00680619972214216,0.00991260293614634,60,47,99
"heterogeneity","MIMOSA2_separate","BFDR",100,0.0169741336191634,0.00612257877199666,0.00975890683561753,73,38,96
"imbalance","DiD","BH",100,0.0110958359647922,0.033044200579212,0.00542815804257108,31,1092,30
"imbalance","DiD","unadjusted",100,0.00960774098676098,0.0355665860415181,0.00542815804257108,24,1265,30
"imbalance","MIMOSA2","BFDR",100,0.0137615479514552,0.0113790299776529,0.00594736901530962,48,130,36
