"Scenario_ID","Method","Rule","Alpha","n_ok","TPR_mcse","TPR_n","TPR_sd","TPR","TNR_mcse","TNR","FPR_mcse","FPR","FDR_mcse","FDP_sd","FDR","Any_FP_mcse","Any_FP","Calls","AUC_mcse","AUC_n","AUC_sd","AUC","n_planned","Fail_rate","Fail_mcse","Distribution","P","Effect","Cell_range","Res_prop","Phi","Fail_flag","Label","Fam","P_lab","AUC_ref","AUC_ref_mcse","TPR_ref","TPR_ref_mcse","dAUC","dAUC_mcse","dTPR","dTPR_mcse","Model"
"PF007","DiD","unadjusted",0.01,100,0.00476960070751115,100,0.0476960070751115,0.7672,0.00143548112513055,0.994,0.00143548112513055,0.00600000000000001,0.00180966060086613,0.0180966060086613,0.00753951500855526,0.0358870281282637,0.15,19.33,0.00257123745706344,100,0.0257123745706344,0.938384,100,0,0,"EG",50,0.001,"High","Prop_0.50",10000,FALSE,"DiD (unadjusted)","Exponential-gamma","P = 50",0.941488,0.00247730110557372,0.7716,0.0051575579531794,-0.003104,0.00357047375403921,-0.00439999999999996,0.00702491956889863,"DiD"
"PF007","MIMOSA2","BFDR",0.01,100,0.00629137617230238,100,0.0629137617230238,0.8988,0.000954733026303769,0.9976,0.000954733026303769,0.0024,0.00101491672907876,0.0101491672907876,0.00254558846950151,0.0238683256575942,0.06,22.53,0.00300462942470415,100,0.0300462942470415,0.96276,100,0,0,"EG",50,0.001,"High","Prop_0.50",10000,FALSE,"MIMOSA2","Exponential-gamma","P = 50",0.96528,0.00258022315220051,0.9024,0.00560865132602925,-0.00252000000000008,0.00396047339278394,-0.00359999999999994,0.00842842712719187,"MIMOSA2"
"PF008","DiD","unadjusted",0.01,100,0.0044,100,0.044,0.7644,0.00139494035207911,0.9944,0.00139494035207911,0.00560000000000001,0.00178214682250471,0.0178214682250471,0.00714452798663325,0.0348735088019777,0.14,19.25,0.00274772265667039,100,0.0274772265667039,0.9382,100,0,0,"LN",50,0.001,"High","Prop_0.50",10000,FALSE,"DiD (unadjusted)","Logit-normal","P = 50",0.941488,0.00247730110557372,0.7716,0.0051575579531794,-0.00328799999999996,0.00369959464883068,-0.00719999999999998,0.00677941030181859,"DiD"
"PF008","MIMOSA2","BFDR",0.01,100,0.0056309390644434,100,0.056309390644434,0.8964,0.00102572959990497,0.9972,0.00102572959990497,0.0028,0.00105191686300148,0.0105191686300148,0.00286939799331104,0.0256432399976243,0.07,22.48,0.00281570188963838,100,0.0281570188963838,0.964792,100,0,0,"LN",50,0.001,"High","Prop_0.50",10000,FALSE,"MIMOSA2","Logit-normal","P = 50",0.96528,0.00258022315220051,0.9024,0.00560865132602925,-0.000488000000000044,0.00381912668635968,-0.00600000000000001,0.00794760620844065,"MIMOSA2"
"PF009","DiD","unadjusted",0.01,100,0.00499793896915458,100,0.0499793896915458,0.7648,0.00115049396505865,0.9964,0.00115049396505865,0.0036,0.0014369874290219,0.014369874290219,0.00448879775195565,0.0287623491264661,0.09,19.21,0.00280733975949697,100,0.0280733975949697,0.942352,100,0,0,"SX",50,0.001,"High","Prop_0.50",10000,FALSE,"DiD (unadjusted)","Inverse-Gaussian odds (simplex-type)","P = 50",0.941488,0.00247730110557372,0.7716,0.0051575579531794,0.000863999999999976,0.00374408564177281,-0.00679999999999992,0.00718190768388163,"DiD"
"PF009","MIMOSA2","BFDR",0.01,100,0.00597422071330756,100,0.0597422071330756,0.8984,0.00109063969737716,0.9968,0.00109063969737716,0.0032,0.00116580382193457,0.0116580382193457,0.00340820845820846,0.0272659924344291,0.08,22.54,0.00277004221971253,100,0.0277004221971253,0.967288,100,0,0,"SX",50,0.001,"High","Prop_0.50",10000,FALSE,"MIMOSA2","Inverse-Gaussian odds (simplex-type)","P = 50",0.96528,0.00258022315220051,0.9024,0.00560865132602925,0.00200800000000001,0.00378558917661986,-0.004,0.00819440558114393,"MIMOSA2"
"PF010","DiD","unadjusted",0.01,100,0.00544296413600701,100,0.0544296413600701,0.7548,0.0017847841733539,0.9908,0.0017847841733539,0.00920000000000001,0.00221252192987879,0.0221252192987879,0.0114751107016553,0.0416333199893227,0.22,19.1,0.00230496991369308,100,0.0230496991369308,0.942184,100,0,0,"BB",50,0.001,"High","Prop_0.50",10000,FALSE,"DiD (unadjusted)","Bimodal Beta","P = 50",0.941488,0.00247730110557372,0.7716,0.0051575579531794,0.00069600000000003,0.00338377113154939,-0.0167999999999999,0.0074984173414303,"DiD"
"PF010","MIMOSA2","BFDR",0.01,100,0.00551449879587411,100,0.0551449879587411,0.9088,0.00078778554226773,0.9984,0.00078778554226773,0.0016,0.000806419287326131,0.0080641928732613,0.0016360646599777,0.0196946385566932,0.04,22.76,0.00226041204789362,100,0.0226041204789362,0.97064,100,0,0,"BB",50,0.001,"High","Prop_0.50",10000,FALSE,"MIMOSA2","Bimodal Beta","P = 50",0.96528,0.00258022315220051,0.9024,0.00560865132602925,0.00536000000000003,0.00343030817003577,0.00640000000000007,0.0078655366420014,"MIMOSA2"
"PF022","DiD","unadjusted",0.01,100,0.00953411736551391,100,0.0953411736551391,0.5736,0.00177023653044936,0.9924,0.00177023653044936,0.0076,0.0029626531310532,0.029626531310532,0.0128025944643592,0.0377525168068637,0.17,14.53,0.00371587006546708,100,0.0371587006546708,0.913384,100,0,0,"EG",50,0.00025,"High","Prop_0.50",10000,FALSE,"DiD (unadjusted)","Exponential-gamma","P = 50",0.919936,0.00360332380790937,0.586,0.00991886275657842,-0.006552,0.00517606344706871,-0.0124,0.01375802428851,"DiD"
"PF022","MIMOSA2","BFDR",0.01,100,0.0101674068284967,100,0.101674068284967,0.6424,0.00115049396505865,0.9964,0.00115049396505865,0.0036,0.00172810556667143,0.0172810556667143,0.00539232886136911,0.0287623491264661,0.09,16.15,0.00358791092532699,100,0.0358791092532699,0.934032,100,0,0,"EG",50,0.00025,"High","Prop_0.50",10000,FALSE,"MIMOSA2","Exponential-gamma","P = 50",0.93196,0.00372031279232369,0.672,0.00922009224520563,0.00207199999999996,0.00516854254899852,-0.0296000000000001,0.0137253875218976,"MIMOSA2"
"PF023","DiD","unadjusted",0.01,100,0.00884533775499839,100,0.0884533775499839,0.5732,0.00210396451174127,0.9924,0.00210396451174127,0.0076,0.00322283232451116,0.0322283232451116,0.0121539340432529,0.0358870281282637,0.15,14.52,0.00386596975955816,100,0.0386596975955816,0.909648,100,0,0,"LN",50,0.00025,"High","Prop_0.50",10000,FALSE,"DiD (unadjusted)","Logit-normal","P = 50",0.919936,0.00360332380790937,0.586,0.00991886275657842,-0.010288,0.00528485237697938,-0.0127999999999999,0.0132899901574019,"DiD"
"PF023","MIMOSA2","BFDR",0.01,100,0.00956922677179828,100,0.0956922677179828,0.6484,0.00161006932531591,0.9944,0.00161006932531591,0.0056,0.00212845574727056,0.0212845574727056,0.00749788687404786,0.032659863237109,0.12,16.35,0.00404802874585553,100,0.0404802874585553,0.926192,100,0,0,"LN",50,0.00025,"High","Prop_0.50",10000,FALSE,"MIMOSA2","Logit-normal","P = 50",0.93196,0.00372031279232369,0.672,0.00922009224520563,-0.005768,0.00549793270238914,-0.0236000000000001,0.013288348355616,"MIMOSA2"
"PF024","DiD","unadjusted",0.01,100,0.00906764700582363,100,0.0906764700582363,0.558,0.00120604537831106,0.996,0.00120604537831106,0.004,0.00223208719045059,0.0223208719045059,0.00708417867821893,0.0301511344577764,0.1,14.05,0.00327703980735509,100,0.0327703980735509,0.90772,100,0,0,"SX",50,0.00025,"High","Prop_0.50",10000,FALSE,"DiD (unadjusted)","Inverse-Gaussian odds (simplex-type)","P = 50",0.919936,0.00360332380790937,0.586,0.00991886275657842,-0.012216,0.00487061929980535,-0.0279999999999999,0.0134389754299225,"DiD"
"PF024","MIMOSA2","BFDR",0.01,100,0.00974204674324008,100,0.0974204674324008,0.6296,0.00111119191625366,0.9976,0.00111119191625366,0.0024,0.00171143529698834,0.0171143529698834,0.00371355850032321,0.021904291355759,0.05,15.8,0.00351664155671058,100,0.0351664155671058,0.922128,100,0,0,"SX",50,0.00025,"High","Prop_0.50",10000,FALSE,"MIMOSA2","Inverse-Gaussian odds (simplex-type)","P = 50",0.93196,0.00372031279232369,0.672,0.00922009224520563,-0.00983200000000006,0.00511932565003547,-0.0424,0.0134133357431168,"MIMOSA2"
"PF025","DiD","unadjusted",0.01,100,0.00928507001871958,100,0.0928507001871958,0.5664,0.00164531781339372,0.994,0.00164531781339372,0.006,0.00272834276980141,0.0272834276980141,0.0098927118203434,0.0337997668989631,0.13,14.31,0.00341152831061702,100,0.0341152831061702,0.907872,100,0,0,"BB",50,0.00025,"High","Prop_0.50",10000,FALSE,"DiD (unadjusted)","Bimodal Beta","P = 50",0.919936,0.00360332380790937,0.586,0.00991886275657842,-0.012064,0.00496210317091331,-0.0196,0.0135866244386295,"DiD"
"PF025","MIMOSA2","BFDR",0.01,100,0.00959621137362411,100,0.0959621137362411,0.6444,0.00144948615067896,0.996,0.00144948615067896,0.004,0.00216836116400603,0.0216836116400603,0.0058656015037594,0.0272659924344291,0.08,16.21,0.00377486474973447,100,0.0377486474973447,0.923504,100,0,0,"BB",50,0.00025,"High","Prop_0.50",10000,FALSE,"MIMOSA2","Bimodal Beta","P = 50",0.93196,0.00372031279232369,0.672,0.00922009224520563,-0.00845600000000002,0.0053000312406169,-0.0276000000000001,0.013307793721627,"MIMOSA2"
"PF037","DiD","unadjusted",0.01,100,0.0109415342487775,100,0.109415342487775,0.482,0.00153399195341153,0.9952,0.00153399195341153,0.0048,0.00327861776152336,0.0327861776152336,0.00996143562320033,0.0301511344577764,0.1,12.17,0.0044332667846452,100,0.044332667846452,0.884096,100,0,0,"EG",50,0.000125,"High","Prop_0.50",10000,FALSE,"DiD (unadjusted)","Exponential-gamma","P = 50",0.90676,0.00439707340687582,0.5244,0.0106802186638229,-0.022664,0.00624404587821814,-0.0424,0.0152900046574304,"DiD"
"PF037","MIMOSA2","BFDR",0.01,100,0.0114228903628821,100,0.114228903628821,0.4832,0.00078778554226773,0.9984,0.00078778554226773,0.0016,0.00139137766614252,0.0139137766614252,0.00280252100840336,0.0196946385566932,0.04,12.12,0.00489217484428661,100,0.0489217484428661,0.889352,100,0,0,"EG",50,0.000125,"High","Prop_0.50",10000,FALSE,"MIMOSA2","Exponential-gamma","P = 50",0.914136,0.00435710299454242,0.5312,0.0120615257758048,-0.0247839999999999,0.006551161821549,-0.048,0.0166121289509451,"MIMOSA2"
"PF038","DiD","unadjusted",0.01,100,0.0101578650425285,100,0.101578650425285,0.4536,0.00161357874416973,0.9932,0.00161357874416973,0.0068,0.0033020606894384,0.033020606894384,0.013543623043623,0.0368452949177471,0.16,11.51,0.00480878092449614,100,0.0480878092449614,0.880624,100,0,0,"LN",50,0.000125,"High","Prop_0.50",10000,FALSE,"DiD (unadjusted)","Logit-normal","P = 50",0.90676,0.00439707340687582,0.5244,0.0106802186638229,-0.026136,0.00651602858536183,-0.0708,0.0147393789872332,"DiD"
"PF038","MIMOSA2","BFDR",0.01,100,0.011844105212418,100,0.11844105212418,0.44,0.00150635019470604,0.9944,0.00150635019470604,0.0056,0.00312958333292719,0.0312958333292719,0.0114556595365419,0.0337997668989631,0.13,11.14,0.00499237780233148,100,0.0499237780233148,0.887368,100,0,0,"LN",50,0.000125,"High","Prop_0.50",10000,FALSE,"MIMOSA2","Logit-normal","P = 50",0.914136,0.00435710299454242,0.5312,0.0120615257758048,-0.0267679999999999,0.0066263249713746,-0.0912,0.0169045328927845,"MIMOSA2"
"PF039","DiD","unadjusted",0.01,100,0.00986240694288523,100,0.0986240694288523,0.4784,0.00180280365267575,0.9932,0.00180280365267575,0.0068,0.0042436086947112,0.042436086947112,0.0142795121545122,0.0358870281282637,0.15,12.13,0.00395926376178116,100,0.0395926376178116,0.886304,100,0,0,"SX",50,0.000125,"High","Prop_0.50",10000,FALSE,"DiD (unadjusted)","Inverse-Gaussian odds (simplex-type)","P = 50",0.90676,0.00439707340687582,0.5244,0.0106802186638229,-0.020456,0.00591692691190352,-0.046,0.0145373361182213,"DiD"
"PF039","MIMOSA2","BFDR",0.01,100,0.0100242937230742,100,0.100242937230742,0.4672,0.00109063969737716,0.9968,0.00109063969737716,0.0032,0.00239900413909345,0.0239900413909345,0.0068452380952381,0.0272659924344291,0.08,11.76,0.00448601753150044,100,0.0448601753150044,0.890232,100,0,0,"SX",50,0.000125,"High","Prop_0.50",10000,FALSE,"MIMOSA2","Inverse-Gaussian odds (simplex-type)","P = 50",0.914136,0.00435710299454242,0.5312,0.0120615257758048,-0.0239039999999999,0.00625369489166043,-0.064,0.0156833309181076,"MIMOSA2"
"PF040","DiD","unadjusted",0.01,100,0.00874731704899025,100,0.0874731704899025,0.5536,0.00157966880558981,0.9936,0.00157966880558981,0.0064,0.00284838631242171,0.0284838631242171,0.0113336565395389,0.0358870281282637,0.15,14,0.00335983106838436,100,0.0335983106838436,0.914928,100,0,0,"BB",50,0.000125,"High","Prop_0.50",10000,FALSE,"DiD (unadjusted)","Bimodal Beta","P = 50",0.90676,0.00439707340687582,0.5244,0.0106802186638229,0.00816799999999995,0.00553377984324777,0.0292,0.0138051666510269,"DiD"
"PF040","MIMOSA2","BFDR",0.01,100,0.0111028251932887,100,0.111028251932887,0.586,0.00133333333333333,0.996,0.00133333333333333,0.004,0.00209132495089892,0.0209132495089892,0.00634550434086038,0.0287623491264661,0.09,14.75,0.00399646518561065,100,0.0399646518561065,0.920656,100,0,0,"BB",50,0.000125,"High","Prop_0.50",10000,FALSE,"MIMOSA2","Bimodal Beta","P = 50",0.914136,0.00435710299454242,0.5312,0.0120615257758048,0.00652000000000008,0.00591236674140301,0.0548,0.016393691814632,"MIMOSA2"
"PF052","DiD","unadjusted",0.01,100,0.00917616587698916,100,0.0917616587698916,0.436,0.00161357874416973,0.9932,0.00161357874416973,0.0068,0.00359563545912514,0.0359563545912514,0.0149951714951715,0.0368452949177471,0.16,11.07,0.00458788398222355,100,0.0458788398222355,0.886544,100,0,0,"EG",50,6.25e-05,"High","Prop_0.50",10000,FALSE,"DiD (unadjusted)","Exponential-gamma","P = 50",0.889344,0.00410272742984912,0.4812,0.00929785464556749,-0.00280000000000002,0.00615475846788319,-0.0452,0.0130633885807673,"DiD"
"PF052","MIMOSA2","BFDR",0.01,100,0.0109267533784715,100,0.109267533784715,0.374,0.000685786431991062,0.9988,0.000685786431991062,0.0012,0.00184293648423552,0.0184293648423552,0.00310689310689311,0.0171446607997765,0.03,9.38,0.00508687129339396,100,0.0508687129339396,0.887352,100,0,0,"EG",50,6.25e-05,"High","Prop_0.50",10000,FALSE,"MIMOSA2","Exponential-gamma","P = 50",0.886592,0.00454680522316205,0.44,0.011038957643663,0.000759999999999983,0.00682273385769438,-0.066,0.0155323058575514,"MIMOSA2"
"PF053","DiD","unadjusted",0.01,100,0.00940569352610804,100,0.0940569352610804,0.4324,0.00135199067595853,0.9948,0.00135199067595853,0.0052,0.00337271458362916,0.0337271458362915,0.0124241036741037,0.0337997668989631,0.13,10.94,0.00396329103119867,100,0.0396329103119867,0.884536,100,0,0,"LN",50,6.25e-05,"High","Prop_0.50",10000,FALSE,"DiD (unadjusted)","Logit-normal","P = 50",0.889344,0.00410272742984912,0.4812,0.00929785464556749,-0.00480800000000003,0.00570438850023525,-0.0488,0.0132256255699748,"DiD"
"PF053","MIMOSA2","BFDR",0.01,100,0.0101384357170068,100,0.101384357170068,0.36,0.00122992978365729,0.9968,0.00122992978365729,0.0032,0.00276596239111283,0.0276596239111283,0.00721836496836497,0.0256432399976243,0.07,9.08,0.00474320466189753,100,0.0474320466189753,0.873288,100,0,0,"LN",50,6.25e-05,"High","Prop_0.50",10000,FALSE,"MIMOSA2","Logit-normal","P = 50",0.886592,0.00454680522316205,0.44,0.011038957643663,-0.0133040000000001,0.00657049680024427,-0.08,0.0149882108554178,"MIMOSA2"
"PF054","DiD","unadjusted",0.01,100,0.0113610356619954,100,0.113610356619954,0.4224,0.00164531781339372,0.994,0.00164531781339372,0.006,0.00356203729021509,0.0356203729021509,0.0128907342657343,0.0337997668989631,0.13,10.71,0.00427469993748749,100,0.0427469993748749,0.880152,100,0,0,"SX",50,6.25e-05,"High","Prop_0.50",10000,FALSE,"DiD (unadjusted)","Inverse-Gaussian odds (simplex-type)","P = 50",0.889344,0.00410272742984912,0.4812,0.00929785464556749,-0.00919199999999998,0.00592498370623852,-0.0588,0.0146807095306471,"DiD"
"PF054","MIMOSA2","BFDR",0.01,100,0.0121120025619468,100,0.121120025619468,0.3692,0.00120604537831106,0.996,0.00120604537831106,0.004,0.0026500792776305,0.026500792776305,0.00859996947496947,0.0301511344577764,0.1,9.33,0.0043895822308753,100,0.043895822308753,0.877696,100,0,0,"SX",50,6.25e-05,"High","Prop_0.50",10000,FALSE,"MIMOSA2","Inverse-Gaussian odds (simplex-type)","P = 50",0.886592,0.00454680522316205,0.44,0.011038957643663,-0.00889600000000002,0.0063199580614898,-0.0708,0.0163877756855283,"MIMOSA2"
"PF055","DiD","unadjusted",0.01,100,0.00909691922542678,100,0.0909691922542678,0.4856,0.00150635019470604,0.9944,0.00150635019470604,0.0056,0.00301349247889651,0.0301349247889651,0.0109703115511939,0.0337997668989631,0.13,12.28,0.00436334965388063,100,0.0436334965388063,0.8974,100,0,0,"BB",50,6.25e-05,"High","Prop_0.50",10000,FALSE,"DiD (unadjusted)","Bimodal Beta","P = 50",0.889344,0.00410272742984912,0.4812,0.00929785464556749,0.00805599999999995,0.0059892564284439,0.00440000000000002,0.0130078453405643,"DiD"
"PF055","MIMOSA2","BFDR",0.01,100,0.0109007644991838,100,0.109007644991838,0.4504,0.000562821176545159,0.9992,0.000562821176545159,0.000800000000000001,0.00118491981605024,0.0118491981605024,0.00167832167832168,0.014070529413629,0.02,11.28,0.00446563490571174,100,0.0446563490571174,0.887528,100,0,0,"BB",50,6.25e-05,"High","Prop_0.50",10000,FALSE,"MIMOSA2","Bimodal Beta","P = 50",0.886592,0.00454680522316205,0.44,0.011038957643663,0.000935999999999937,0.00637301599311384,0.0104,0.0155140340506669,"MIMOSA2"
"PF067","DiD","unadjusted",0.01,100,0.00503723509216488,100,0.0503723509216488,0.724,0.00196946385566932,0.992,0.00196946385566932,0.008,0.0024904738859378,0.024904738859378,0.0102106022632338,0.0368452949177471,0.16,18.3,0.00280837811492036,100,0.0280837811492036,0.928832,100,0,0,"EG",50,0.001,"Medium","Prop_0.50",10000,FALSE,"DiD (unadjusted)","Exponential-gamma","P = 50",0.920512,0.00272267295876755,0.7224,0.00491774769831093,0.00831999999999999,0.00391151322083509,0.00159999999999993,0.00703974287868384,"DiD"
"PF067","MIMOSA2","BFDR",0.01,100,0.00717740562565273,100,0.0717740562565273,0.858,0.00146666666666667,0.9948,0.00146666666666667,0.0052,0.00167916309924943,0.0167916309924943,0.00589510634293243,0.032659863237109,0.12,21.58,0.00280765982572136,100,0.0280765982572136,0.960928,100,0,0,"EG",50,0.001,"Medium","Prop_0.50",10000,FALSE,"MIMOSA2","Exponential-gamma","P = 50",0.95648,0.00295528972754574,0.8532,0.00628109235819067,0.00444800000000001,0.00407635757395092,0.00480000000000003,0.00953767648472482,"MIMOSA2"
"PF068","DiD","unadjusted",0.01,100,0.00461512664391715,100,0.0461512664391715,0.7244,0.00161357874416973,0.9932,0.00161357874416973,0.0068,0.00207990941114412,0.0207990941114412,0.00883886186053369,0.0368452949177471,0.16,18.28,0.00311710572826976,100,0.0311710572826976,0.924544,100,0,0,"LN",50,0.001,"Medium","Prop_0.50",10000,FALSE,"DiD (unadjusted)","Logit-normal","P = 50",0.920512,0.00272267295876755,0.7224,0.00491774769831093,0.00403200000000004,0.00413875538798999,0.002,0.00674415571911239,"DiD"
"PF068","MIMOSA2","BFDR",0.01,100,0.00678191296275199,100,0.0678191296275199,0.8516,0.00109063969737716,0.9968,0.00109063969737716,0.0032,0.0012066148098285,0.012066148098285,0.00353175230566535,0.0272659924344291,0.08,21.37,0.00295530066494122,100,0.0295530066494122,0.95608,100,0,0,"LN",50,0.001,"Medium","Prop_0.50",10000,FALSE,"MIMOSA2","Logit-normal","P = 50",0.95648,0.00295528972754574,0.8532,0.00628109235819067,-0.000399999999999956,0.00417941854735074,-0.00159999999999993,0.00924372569078424,"MIMOSA2"
"PF069","DiD","unadjusted",0.01,100,0.00607029528511462,100,0.0607029528511462,0.72,0.00146666666666667,0.9948,0.00146666666666667,0.0052,0.00189342913260509,0.0189342913260509,0.00667669172932331,0.032659863237109,0.12,18.13,0.0031016214983766,100,0.031016214983766,0.926592,100,0,0,"SX",50,0.001,"Medium","Prop_0.50",10000,FALSE,"DiD (unadjusted)","Inverse-Gaussian odds (simplex-type)","P = 50",0.920512,0.00272267295876755,0.7224,0.00491774769831093,0.00607999999999997,0.00412710600295122,-0.00240000000000007,0.00781234454390788,"DiD"
"PF069","MIMOSA2","BFDR",0.01,100,0.00818967075471945,100,0.0818967075471945,0.844,0.00109063969737716,0.9968,0.00109063969737716,0.0032,0.00117824687507384,0.0117824687507384,0.00344430641821946,0.0272659924344291,0.08,21.18,0.00269149844487933,100,0.0269149844487933,0.960576,100,0,0,"SX",50,0.001,"Medium","Prop_0.50",10000,FALSE,"MIMOSA2","Inverse-Gaussian odds (simplex-type)","P = 50",0.95648,0.00295528972754574,0.8532,0.00628109235819067,0.00409599999999999,0.00399723670208874,-0.00919999999999999,0.0103209896949289,"MIMOSA2"
"PF070","DiD","unadjusted",0.01,100,0.00563896974614865,100,0.0563896974614865,0.714,0.00176658090129155,0.9948,0.00176658090129155,0.0052,0.00216980797055729,0.0216980797055729,0.00654160970608339,0.0301511344577764,0.1,17.98,0.00325871150095627,100,0.0325871150095627,0.929856,100,0,0,"BB",50,0.001,"Medium","Prop_0.50",10000,FALSE,"DiD (unadjusted)","Bimodal Beta","P = 50",0.920512,0.00272267295876755,0.7224,0.00491774769831093,0.00934400000000002,0.00424642775599311,-0.00840000000000007,0.00748212685151904,"DiD"
"PF070","MIMOSA2","BFDR",0.01,100,0.00752101433090355,100,0.0752101433090355,0.872,0.000954733026303769,0.9976,0.000954733026303769,0.0024,0.00106260796758055,0.0106260796758055,0.00265639433030737,0.0238683256575942,0.06,21.86,0.00319621786592601,100,0.0319621786592601,0.964712,100,0,0,"BB",50,0.001,"Medium","Prop_0.50",10000,FALSE,"MIMOSA2","Bimodal Beta","P = 50",0.95648,0.00295528972754574,0.8532,0.00628109235819067,0.00823200000000002,0.00435310762791388,0.0188,0.009798866147559,"MIMOSA2"
"PF082","DiD","unadjusted",0.01,100,0.00960168335409595,100,0.0960168335409595,0.4136,0.00125786415094088,0.9956,0.00125786415094088,0.0044,0.00280374340289619,0.0280374340289619,0.00973892773892774,0.031446603773522,0.11,10.45,0.00472079459156587,100,0.0472079459156587,0.865088,100,0,0,"EG",50,0.00025,"Medium","Prop_0.50",10000,FALSE,"DiD (unadjusted)","Exponential-gamma","P = 50",0.871312,0.00506085816973183,0.41,0.00886942313043338,-0.00622400000000001,0.00692085160871832,0.00359999999999999,0.0130713040626783,"DiD"
"PF082","MIMOSA2","BFDR",0.01,100,0.0121455815634803,100,0.121455815634803,0.454,0.000954733026303769,0.9976,0.000954733026303769,0.0024,0.00188600409356396,0.0188600409356396,0.00463095238095238,0.0238683256575942,0.06,11.41,0.00467149872777852,100,0.0467149872777852,0.890392,100,0,0,"EG",50,0.00025,"Medium","Prop_0.50",10000,FALSE,"MIMOSA2","Exponential-gamma","P = 50",0.89912,0.00473121762361659,0.4808,0.0108018703954641,-0.00872800000000007,0.00664885859119116,-0.0268,0.0162540935015016,"MIMOSA2"
"PF083","DiD","unadjusted",0.01,100,0.0109687526799329,100,0.109687526799329,0.4136,0.00174124070476175,0.9928,0.00174124070476175,0.0072,0.00389373533526986,0.0389373533526986,0.0154400501459325,0.0368452949177471,0.16,10.52,0.00450840425530951,100,0.0450840425530951,0.868504,100,0,0,"LN",50,0.00025,"Medium","Prop_0.50",10000,FALSE,"DiD (unadjusted)","Logit-normal","P = 50",0.871312,0.00506085816973183,0.41,0.00886942313043338,-0.00280799999999992,0.00677775732402941,0.00359999999999999,0.0141060342414231,"DiD"
"PF083","MIMOSA2","BFDR",0.01,100,0.011924069537848,100,0.11924069537848,0.4528,0.00164531781339372,0.994,0.00164531781339372,0.006,0.00297455322695111,0.0297455322695111,0.0111655729891024,0.0337997668989631,0.13,11.47,0.00432578109254341,100,0.0432578109254341,0.895376,100,0,0,"LN",50,0.00025,"Medium","Prop_0.50",10000,FALSE,"MIMOSA2","Logit-normal","P = 50",0.89912,0.00473121762361659,0.4808,0.0108018703954641,-0.00374400000000008,0.00641067876769896,-0.028,0.0160892460477127,"MIMOSA2"
"PF084","DiD","unadjusted",0.01,100,0.00915844810637543,100,0.0915844810637543,0.3996,0.00160806050441474,0.992,0.00160806050441474,0.00800000000000001,0.00374900181238967,0.0374900181238967,0.0181986346986347,0.0402015126103685,0.2,10.19,0.00430815247847355,100,0.0430815247847355,0.87324,100,0,0,"SX",50,0.00025,"Medium","Prop_0.50",10000,FALSE,"DiD (unadjusted)","Inverse-Gaussian odds (simplex-type)","P = 50",0.871312,0.00506085816973183,0.41,0.00886942313043338,0.00192800000000004,0.0066462367691739,-0.0104,0.0127492681509112,"DiD"
"PF084","MIMOSA2","BFDR",0.01,100,0.00995147824154377,100,0.0995147824154377,0.4328,0.00102572959990497,0.9972,0.00102572959990497,0.0028,0.00219233684857572,0.0219233684857572,0.00588034188034188,0.0256432399976243,0.07,10.89,0.0046377145189841,100,0.046377145189841,0.89872,100,0,0,"SX",50,0.00025,"Medium","Prop_0.50",10000,FALSE,"MIMOSA2","Inverse-Gaussian odds (simplex-type)","P = 50",0.89912,0.00473121762361659,0.4808,0.0108018703954641,-0.000400000000000067,0.0066251653686241,-0.048,0.0146871482334837,"MIMOSA2"
"PF085","DiD","unadjusted",0.01,100,0.00753164368286608,100,0.0753164368286608,0.4404,0.00151010067227455,0.9932,0.00151010067227455,0.00680000000000001,0.00325059219793776,0.0325059219793776,0.0142920412920413,0.0377525168068637,0.17,11.18,0.00381121161571986,100,0.0381121161571986,0.874544,100,0,0,"BB",50,0.00025,"Medium","Prop_0.50",10000,FALSE,"DiD (unadjusted)","Bimodal Beta","P = 50",0.871312,0.00506085816973183,0.41,0.00886942313043338,0.00323200000000001,0.00633542574685707,0.0304,0.0116358206944041,"DiD"
"PF085","MIMOSA2","BFDR",0.01,100,0.00995139703912486,100,0.0995139703912486,0.51,0.00154396838822509,0.994,0.00154396838822509,0.006,0.00256542782434046,0.0256542782434046,0.0100028011204482,0.0348735088019777,0.14,12.9,0.00370367954631852,100,0.0370367954631852,0.902632,100,0,0,"BB",50,0.00025,"Medium","Prop_0.50",10000,FALSE,"MIMOSA2","Bimodal Beta","P = 50",0.89912,0.00473121762361659,0.4808,0.0108018703954641,0.00351199999999996,0.00600846589270825,0.0292,0.0146870932137951,"MIMOSA2"
"PF097","DiD","unadjusted",0.01,100,0.00946871510061242,100,0.0946871510061242,0.322,0.00182419208628828,0.9916,0.00182419208628828,0.0084,0.00574776904334724,0.0574776904334724,0.0252867965367965,0.0394277244403663,0.19,8.26,0.00481660555272124,100,0.0481660555272124,0.848328,100,0,0,"EG",50,0.000125,"Medium","Prop_0.50",10000,FALSE,"DiD (unadjusted)","Exponential-gamma","P = 50",0.858504,0.00543892627549804,0.3576,0.00835224520712844,-0.0101760000000001,0.00726509518731916,-0.0356,0.0126260273109385,"DiD"
"PF097","MIMOSA2","BFDR",0.01,100,0.0103173091786022,100,0.103173091786022,0.2624,0.00144948615067896,0.996,0.00144948615067896,0.004,0.00608220530358552,0.0608220530358552,0.0167348484848485,0.0272659924344291,0.08,6.66,0.00530110407406235,100,0.0530110407406235,0.850208,100,0,0,"EG",50,0.000125,"Medium","Prop_0.50",10000,FALSE,"MIMOSA2","Exponential-gamma","P = 50",0.869584,0.00509613097844776,0.3268,0.0105609151730771,-0.0193760000000001,0.00735338393894507,-0.0644,0.0147641389176544,"MIMOSA2"
"PF098","DiD","unadjusted",0.01,100,0.00843762616815508,100,0.0843762616815508,0.3172,0.00161357874416973,0.9932,0.00161357874416973,0.0068,0.00456984249393571,0.0456984249393571,0.0189838772338772,0.0368452949177471,0.16,8.1,0.00506631935013731,100,0.0506631935013731,0.847696,100,0,0,"LN",50,0.000125,"Medium","Prop_0.50",10000,FALSE,"DiD (unadjusted)","Logit-normal","P = 50",0.858504,0.00543892627549804,0.3576,0.00835224520712844,-0.010808,0.00743300146561796,-0.0404,0.0118723854112615,"DiD"
"PF098","MIMOSA2","BFDR",0.01,100,0.00957268842260959,100,0.0957268842260959,0.276,0.00155699788832305,0.996,0.00155699788832305,0.004,0.00468641833352958,0.0468641833352958,0.012254329004329,0.0272659924344291,0.08,7,0.00511651870282555,100,0.0511651870282555,0.85716,100,0,0,"LN",50,0.000125,"Medium","Prop_0.50",10000,FALSE,"MIMOSA2","Logit-normal","P = 50",0.869584,0.00509613097844776,0.3268,0.0105609151730771,-0.012424,0.00722144823327417,-0.0508,0.014253746627792,"MIMOSA2"
"PF099","DiD","unadjusted",0.01,100,0.00890225258067311,100,0.0890225258067311,0.3432,0.00154396838822509,0.994,0.00154396838822509,0.006,0.00476889807813224,0.0476889807813224,0.0175378787878788,0.0348735088019777,0.14,8.73,0.00454922448269366,100,0.0454922448269366,0.846848,100,0,0,"SX",50,0.000125,"Medium","Prop_0.50",10000,FALSE,"DiD (unadjusted)","Inverse-Gaussian odds (simplex-type)","P = 50",0.858504,0.00543892627549804,0.3576,0.00835224520712844,-0.011656,0.00709065317331503,-0.0144,0.0122069693622169,"DiD"
"PF099","MIMOSA2","BFDR",0.01,100,0.00986789509142419,100,0.0986789509142419,0.2828,0.00155699788832305,0.996,0.00155699788832305,0.004,0.00465272607040493,0.0465272607040493,0.0125169552669553,0.0272659924344291,0.08,7.17,0.00444160866299042,100,0.0444160866299042,0.854944,100,0,0,"SX",50,0.000125,"Medium","Prop_0.50",10000,FALSE,"MIMOSA2","Inverse-Gaussian odds (simplex-type)","P = 50",0.869584,0.00509613097844776,0.3268,0.0105609151730771,-0.01464,0.00676006201633139,-0.044,0.0144536598420014,"MIMOSA2"
"PF100","DiD","unadjusted",0.01,100,0.00955164589973578,100,0.0955164589973578,0.3628,0.00164580887975696,0.9928,0.00164580887975696,0.00720000000000001,0.00454669907491683,0.0454669907491683,0.0188024932583756,0.0377525168068637,0.17,9.25,0.00522570182807626,100,0.0522570182807626,0.87104,100,0,0,"BB",50,0.000125,"Medium","Prop_0.50",10000,FALSE,"DiD (unadjusted)","Bimodal Beta","P = 50",0.858504,0.00543892627549804,0.3576,0.00835224520712844,0.012536,0.00754253794330944,0.00519999999999998,0.0126883387168667,"DiD"
"PF100","MIMOSA2","BFDR",0.01,100,0.0122334200310692,100,0.122334200310692,0.344,0.000876171654230362,0.998,0.000876171654230362,0.002,0.00262413905493778,0.0262413905493778,0.00540018315018315,0.021904291355759,0.05,8.65,0.00582751253828238,100,0.0582751253828238,0.878608,100,0,0,"BB",50,0.000125,"Medium","Prop_0.50",10000,FALSE,"MIMOSA2","Bimodal Beta","P = 50",0.869584,0.00509613097844776,0.3268,0.0105609151730771,0.00902399999999992,0.00774147617275499,0.0172,0.0161613580787474,"MIMOSA2"
"PF112","DiD","unadjusted",0.01,100,0.00892392086676947,100,0.0892392086676947,0.282,0.00161357874416973,0.9932,0.00161357874416973,0.0068,0.00733710936040664,0.0733710936040664,0.0271261238761239,0.0368452949177471,0.16,7.22,0.00483170030510832,100,0.0483170030510832,0.839712,100,0,0,"EG",50,6.25e-05,"Medium","Prop_0.50",10000,FALSE,"DiD (unadjusted)","Exponential-gamma","P = 50",0.844168,0.00517891975788251,0.2972,0.00939813005256091,-0.00445600000000002,0.00708283401591268,-0.0152,0.012959985035532,"DiD"
"PF112","MIMOSA2","BFDR",0.01,100,0.00968005342668285,100,0.0968005342668285,0.2044,0.000876171654230362,0.998,0.000876171654230362,0.002,0.00487836915495104,0.0487836915495104,0.0103730158730159,0.021904291355759,0.05,5.16,0.00503856320709775,100,0.0503856320709775,0.83048,100,0,0,"EG",50,6.25e-05,"Medium","Prop_0.50",10000,FALSE,"MIMOSA2","Exponential-gamma","P = 50",0.837896,0.00535270004933789,0.2316,0.0102224945066942,-0.00741599999999998,0.00735108951177314,-0.0272,0.0140784526238798,"MIMOSA2"
"PF113","DiD","unadjusted",0.01,100,0.00992936670852292,100,0.0992936670852292,0.2744,0.00171080936602203,0.9932,0.00171080936602203,0.0068,0.0062087512940296,0.062087512940296,0.0239130591630592,0.0358870281282637,0.15,7.03,0.00536902451497702,100,0.0536902451497702,0.8274,100,0,0,"LN",50,6.25e-05,"Medium","Prop_0.50",10000,FALSE,"DiD (unadjusted)","Logit-normal","P = 50",0.844168,0.00517891975788251,0.2972,0.00939813005256091,-0.016768,0.00745973418433996,-0.0228,0.0136717654937894,"DiD"
"PF113","MIMOSA2","BFDR",0.01,100,0.00938505151393384,100,0.0938505151393384,0.1996,0.00102572959990497,0.9972,0.00102572959990497,0.0028,0.00581941667779316,0.0581941667779316,0.0126071428571429,0.0256432399976243,0.07,5.06,0.00559386047286657,100,0.0559386047286657,0.824376,100,0,0,"LN",50,6.25e-05,"Medium","Prop_0.50",10000,FALSE,"MIMOSA2","Logit-normal","P = 50",0.837896,0.00535270004933789,0.2316,0.0102224945066942,-0.01352,0.00774226535376312,-0.032,0.0138772686742956,"MIMOSA2"
"PF114","DiD","unadjusted",0.01,100,0.00907201268415197,100,0.0907201268415196,0.2696,0.00167645609859163,0.9924,0.00167645609859163,0.00760000000000001,0.00564059833036069,0.0564059833036069,0.0248092740592741,0.0386122919665369,0.18,6.93,0.00556293093302951,100,0.0556293093302951,0.832288,100,0,0,"SX",50,6.25e-05,"Medium","Prop_0.50",10000,FALSE,"DiD (unadjusted)","Inverse-Gaussian odds (simplex-type)","P = 50",0.844168,0.00517891975788251,0.2972,0.00939813005256091,-0.01188,0.00760048751227462,-0.0276,0.0130623988082688,"DiD"
"PF114","MIMOSA2","BFDR",0.01,100,0.0086170139429462,100,0.086170139429462,0.1936,0.000954733026303769,0.9976,0.000954733026303769,0.0024,0.0109377082774968,0.109377082774968,0.0198730158730159,0.0238683256575942,0.06,4.9,0.00604334918181411,100,0.0604334918181411,0.827056,100,0,0,"SX",50,6.25e-05,"Medium","Prop_0.50",10000,FALSE,"MIMOSA2","Inverse-Gaussian odds (simplex-type)","P = 50",0.837896,0.00535270004933789,0.2316,0.0102224945066942,-0.01084,0.00807300855638808,-0.038,0.0133698288408013,"MIMOSA2"
"PF115","DiD","unadjusted",0.01,100,0.00869422192893044,100,0.0869422192893044,0.2908,0.00164580887975696,0.9928,0.00164580887975696,0.00720000000000001,0.00549519587901697,0.0549519587901697,0.0233253968253968,0.0377525168068637,0.17,7.45,0.00434648633200927,100,0.0434648633200927,0.85244,100,0,0,"BB",50,6.25e-05,"Medium","Prop_0.50",10000,FALSE,"DiD (unadjusted)","Bimodal Beta","P = 50",0.844168,0.00517891975788251,0.2972,0.00939813005256091,0.00827199999999995,0.00676115029362085,-0.00640000000000002,0.0128029037110471,"DiD"
"PF115","MIMOSA2","BFDR",0.01,100,0.0109904641862982,100,0.109904641862982,0.2524,0.00144948615067896,0.996,0.00144948615067896,0.004,0.00467811487030161,0.0467811487030161,0.0127864357864358,0.0272659924344291,0.08,6.41,0.00556990795129135,100,0.0556990795129135,0.839296,100,0,0,"BB",50,6.25e-05,"Medium","Prop_0.50",10000,FALSE,"MIMOSA2","Bimodal Beta","P = 50",0.837896,0.00535270004933789,0.2316,0.0102224945066942,0.00140000000000007,0.00772497717822133,0.0208,0.0150096534593473,"MIMOSA2"
"PF127","DiD","unadjusted",0.01,100,0.00778042090731276,100,0.0778042090731276,0.4448,0.00130639452948436,0.9952,0.00130639452948436,0.0048,0.00294878482912472,0.0294878482912472,0.0106744644244644,0.032659863237109,0.12,11.24,0.00457490889018955,100,0.0457490889018955,0.861384,100,0,0,"EG",50,0.001,"Low","Prop_0.50",10000,FALSE,"DiD (unadjusted)","Exponential-gamma","P = 50",0.87164,0.00442680357583097,0.4616,0.00740013649887758,-0.0102559999999999,0.00636603340020497,-0.0168,0.0107376426508322,"DiD"
"PF127","MIMOSA2","BFDR",0.01,100,0.0100731867305779,100,0.100731867305779,0.5616,0.00102572959990497,0.9972,0.00102572959990497,0.0028,0.00167865441166867,0.0167865441166867,0.00451465201465201,0.0256432399976243,0.07,14.11,0.00396225414876355,100,0.0396225414876355,0.927592,100,0,0,"EG",50,0.001,"Low","Prop_0.50",10000,FALSE,"MIMOSA2","Exponential-gamma","P = 50",0.930096,0.00351043291238036,0.5924,0.0111220229247828,-0.00250400000000006,0.00529363742352243,-0.0308,0.0150056151106339,"MIMOSA2"
"PF128","DiD","unadjusted",0.01,100,0.00907691043418976,100,0.0907691043418977,0.4556,0.00135199067595853,0.9948,0.00135199067595853,0.0052,0.00303969245389451,0.0303969245389451,0.0115911310911311,0.0337997668989631,0.13,11.52,0.00420970115784765,100,0.0420970115784765,0.87252,100,0,0,"LN",50,0.001,"Low","Prop_0.50",10000,FALSE,"DiD (unadjusted)","Logit-normal","P = 50",0.87164,0.00442680357583097,0.4616,0.00740013649887758,0.000879999999999992,0.00610886026500637,-0.00600000000000001,0.0117112050290448,"DiD"
"PF128","MIMOSA2","BFDR",0.01,100,0.0114672304301158,100,0.114672304301158,0.5976,0.00146666666666667,0.9948,0.00146666666666667,0.0052,0.00230544532641875,0.0230544532641875,0.00822700746965453,0.032659863237109,0.12,15.07,0.00334873522936102,100,0.0334873522936102,0.935208,100,0,0,"LN",50,0.001,"Low","Prop_0.50",10000,FALSE,"MIMOSA2","Logit-normal","P = 50",0.930096,0.00351043291238036,0.5924,0.0111220229247828,0.00511200000000001,0.00485151181269168,0.00519999999999998,0.0159748792695522,"MIMOSA2"
"PF129","DiD","unadjusted",0.01,100,0.00735105297205644,100,0.0735105297205644,0.4568,0.00120604537831106,0.996,0.00120604537831106,0.004,0.00251819939309321,0.0251819939309321,0.00826562326562327,0.0301511344577764,0.1,11.52,0.00386801857244348,100,0.0386801857244348,0.86828,100,0,0,"SX",50,0.001,"Low","Prop_0.50",10000,FALSE,"DiD (unadjusted)","Inverse-Gaussian odds (simplex-type)","P = 50",0.87164,0.00442680357583097,0.4616,0.00740013649887758,-0.00335999999999992,0.00587861867922708,-0.00480000000000003,0.0104307238483242,"DiD"
"PF129","MIMOSA2","BFDR",0.01,100,0.010977000749501,100,0.10977000749501,0.5752,0.00122992978365729,0.9968,0.00122992978365729,0.0032,0.00186356991993369,0.0186356991993369,0.00494642242862057,0.0256432399976243,0.07,14.46,0.00322900030812928,100,0.0322900030812928,0.931312,100,0,0,"SX",50,0.001,"Low","Prop_0.50",10000,FALSE,"MIMOSA2","Inverse-Gaussian odds (simplex-type)","P = 50",0.930096,0.00351043291238036,0.5924,0.0111220229247828,0.00121599999999999,0.00476965221187271,-0.0172,0.0156267059674757,"MIMOSA2"
"PF130","DiD","unadjusted",0.01,100,0.0084135532795531,100,0.084135532795531,0.448,0.00150635019470604,0.9944,0.00150635019470604,0.0056,0.00311651396077084,0.0311651396077084,0.0115052031302031,0.0337997668989631,0.13,11.34,0.00431212330926928,100,0.0431212330926928,0.870592,100,0,0,"BB",50,0.001,"Low","Prop_0.50",10000,FALSE,"DiD (unadjusted)","Bimodal Beta","P = 50",0.87164,0.00442680357583097,0.4616,0.00740013649887758,-0.00104799999999994,0.00617988651459987,-0.0136,0.0112049051307853,"DiD"
"PF130","MIMOSA2","BFDR",0.01,100,0.0113618180363404,100,0.113618180363404,0.554,0.00102572959990497,0.9972,0.00102572959990497,0.0028,0.00162627736011233,0.0162627736011233,0.00437353801169591,0.0256432399976243,0.07,13.92,0.00317084282203016,100,0.0317084282203016,0.935032,100,0,0,"BB",50,0.001,"Low","Prop_0.50",10000,FALSE,"MIMOSA2","Bimodal Beta","P = 50",0.930096,0.00351043291238036,0.5924,0.0111220229247828,0.00493599999999994,0.0047304739122358,-0.0384,0.015899380586372,"MIMOSA2"
"PF142","DiD","unadjusted",0.01,100,0.00549379815626841,100,0.0549379815626841,0.102,0.00135199067595853,0.9948,0.00135199067595853,0.0052,0.0110968636752056,0.110968636752056,0.0400952380952381,0.0337997668989631,0.13,2.68,0.00636636103978473,100,0.0636636103978473,0.756008,100,0,0,"EG",50,0.00025,"Low","Prop_0.50",10000,FALSE,"DiD (unadjusted)","Exponential-gamma","P = 50",0.756696,0.00594292753760062,0.1088,0.0055437288257029,-0.000688000000000022,0.00870912972724948,-0.00679999999999999,0.00780479003399499,"DiD"
"PF142","MIMOSA2","BFDR",0.01,100,0.00521985332043619,100,0.0521985332043619,0.0516,0.000954733026303769,0.9976,0.000954733026303769,0.0024,0.00959521661132159,0.0959521661132159,0.0228333333333333,0.0238683256575942,0.06,1.35,0.00610650781849772,100,0.0610650781849772,0.792792,100,0,0,"EG",50,0.00025,"Low","Prop_0.50",10000,FALSE,"MIMOSA2","Exponential-gamma","P = 50",0.800272,0.00548240419133538,0.04,0.00508513380930983,-0.00747999999999993,0.00820647265605299,0.0116,0.00728734893808815,"MIMOSA2"
"PF143","DiD","unadjusted",0.01,100,0.00572726952060196,100,0.0572726952060196,0.1008,0.00115049396505865,0.9964,0.00115049396505865,0.0036,0.00991788677665147,0.0991788677665147,0.0295,0.0287623491264661,0.09,2.61,0.00688349354571786,100,0.0688349354571786,0.733688,100,0,0,"LN",50,0.00025,"Low","Prop_0.50",10000,FALSE,"DiD (unadjusted)","Logit-normal","P = 50",0.756696,0.00594292753760062,0.1088,0.0055437288257029,-0.023008,0.00909400193045455,-0.00799999999999999,0.00797085600513179,"DiD"
"PF143","MIMOSA2","BFDR",0.01,100,0.00489996907844294,100,0.0489996907844294,0.0448,0.00109063969737716,0.9968,0.00109063969737716,0.0032,0.0126458272663468,0.126458272663468,0.0306666666666667,0.0272659924344291,0.08,1.2,0.00648153372546525,100,0.0648153372546525,0.773256,100,0,0,"LN",50,0.00025,"Low","Prop_0.50",10000,FALSE,"MIMOSA2","Logit-normal","P = 50",0.800272,0.00548240419133538,0.04,0.00508513380930983,-0.0270159999999999,0.00848923053942554,0.0048,0.00706174785929679,"MIMOSA2"
"PF144","DiD","unadjusted",0.01,100,0.00546799688176483,100,0.0546799688176483,0.1,0.000954733026303769,0.9976,0.000954733026303769,0.0024,0.0134798348792786,0.134798348792786,0.03,0.0238683256575942,0.06,2.56,0.00670886600482578,100,0.0670886600482578,0.750224,100,0,0,"SX",50,0.00025,"Low","Prop_0.50",10000,FALSE,"DiD (unadjusted)","Inverse-Gaussian odds (simplex-type)","P = 50",0.756696,0.00594292753760062,0.1088,0.0055437288257029,-0.00647200000000003,0.00896254823071423,-0.00879999999999999,0.0077866500622488,"DiD"
"PF144","MIMOSA2","BFDR",0.01,100,0.00530461967524439,100,0.0530461967524439,0.0468,0,1,0,0,0,0,0,0,0,1.17,0.00687127899229095,100,0.0687127899229096,0.793976,100,0,0,"SX",50,0.00025,"Low","Prop_0.50",10000,FALSE,"MIMOSA2","Inverse-Gaussian odds (simplex-type)","P = 50",0.800272,0.00548240419133538,0.04,0.00508513380930983,-0.00629599999999997,0.00879040560537855,0.0068,0.00734830427769399,"MIMOSA2"
"PF145","DiD","unadjusted",0.01,100,0.0058328224884543,100,0.058328224884543,0.1028,0.000954733026303769,0.9976,0.000954733026303769,0.0024,0.00600175339138853,0.0600175339138853,0.0148333333333333,0.0238683256575942,0.06,2.63,0.0062090556220066,100,0.062090556220066,0.7516,100,0,0,"BB",50,0.00025,"Low","Prop_0.50",10000,FALSE,"DiD (unadjusted)","Bimodal Beta","P = 50",0.756696,0.00594292753760062,0.1088,0.0055437288257029,-0.00509599999999999,0.00859481002898513,-0.00599999999999999,0.00804703345803579,"DiD"
"PF145","MIMOSA2","BFDR",0.01,100,0.00564598722254769,100,0.0564598722254768,0.0504,0.00124819060963452,0.9976,0.00124819060963452,0.0024,0.00753180685347908,0.0753180685347908,0.0148333333333333,0.0196946385566932,0.04,1.32,0.00563831945734102,100,0.0563831945734102,0.791504,100,0,0,"BB",50,0.00025,"Low","Prop_0.50",10000,FALSE,"MIMOSA2","Bimodal Beta","P = 50",0.800272,0.00548240419133538,0.04,0.00508513380930983,-0.008768,0.00786431192287043,0.0104,0.00759840493628482,"MIMOSA2"
"PF157","DiD","unadjusted",0.01,100,0.00571710175921791,100,0.0571710175921791,0.0704,0.00157966880558981,0.9936,0.00157966880558981,0.0064,0.0226282353937959,0.226282353937959,0.0816666666666667,0.0358870281282637,0.15,1.92,0.00734791084443584,100,0.0734791084443584,0.724496,100,0,0,"EG",50,0.000125,"Low","Prop_0.50",10000,FALSE,"DiD (unadjusted)","Exponential-gamma","P = 50",0.732464,0.00671907814744814,0.0688,0.00530538129704838,-0.00796799999999998,0.0099567969211636,0.0016,0.00779950788398366,"DiD"
"PF157","MIMOSA2","BFDR",0.01,100,0.0039520356600853,100,0.039520356600853,0.0224,0.00117275467824841,0.9972,0.00117275467824841,0.0028,0.0125939232313407,0.125939232313407,0.0275,0.0238683256575942,0.06,0.63,0.00685680256490891,100,0.0685680256490891,0.73604,100,0,0,"EG",50,0.000125,"Low","Prop_0.50",10000,FALSE,"MIMOSA2","Exponential-gamma","P = 50",0.736328,0.00649236475882372,0.0212,0.00347946356018664,-0.000287999999999955,0.00944280369253526,0.0012,0.00526547742614595,"MIMOSA2"
"PF158","DiD","unadjusted",0.01,100,0.00551376605974684,100,0.0551376605974684,0.0732,0.00109063969737716,0.9968,0.00109063969737716,0.0032,0.012994298100994,0.12994298100994,0.0314285714285714,0.0272659924344291,0.08,1.91,0.00650944178276696,100,0.0650944178276696,0.72628,100,0,0,"LN",50,0.000125,"Low","Prop_0.50",10000,FALSE,"DiD (unadjusted)","Logit-normal","P = 50",0.732464,0.00671907814744814,0.0688,0.00530538129704838,-0.00618399999999997,0.00935515063880574,0.0044,0.0076517113686212,"DiD"
"PF158","MIMOSA2","BFDR",0.01,100,0.00501649803401262,100,0.0501649803401262,0.0308,0.000685786431991062,0.9988,0.000685786431991062,0.0012,0.00743235487513204,0.0743235487513204,0.0125,0.0171446607997765,0.03,0.8,0.0060800346091519,100,0.060800346091519,0.742744,100,0,0,"LN",50,0.000125,"Low","Prop_0.50",10000,FALSE,"MIMOSA2","Logit-normal","P = 50",0.736328,0.00649236475882372,0.0212,0.00347946356018664,0.00641599999999998,0.00889480865505835,0.0096,0.00610507323395217,"MIMOSA2"
"PF159","DiD","unadjusted",0.01,100,0.00552328404725546,100,0.0552328404725546,0.0728,0.00139494035207911,0.9944,0.00139494035207911,0.00560000000000001,0.0257026672619225,0.257026672619225,0.0925,0.0348735088019777,0.14,1.96,0.00721615247660806,100,0.0721615247660806,0.71664,100,0,0,"SX",50,0.000125,"Low","Prop_0.50",10000,FALSE,"DiD (unadjusted)","Inverse-Gaussian odds (simplex-type)","P = 50",0.732464,0.00671907814744814,0.0688,0.00530538129704838,-0.0158239999999999,0.00985996286591241,0.004,0.00765857280266613,"DiD"
"PF159","MIMOSA2","BFDR",0.01,100,0.00388334959028981,100,0.0388334959028981,0.0252,0.000876171654230362,0.998,0.000876171654230362,0.002,0.0127401179767146,0.127401179767146,0.0258333333333333,0.021904291355759,0.05,0.68,0.00689392337900238,100,0.0689392337900238,0.717768,100,0,0,"SX",50,0.000125,"Low","Prop_0.50",10000,FALSE,"MIMOSA2","Inverse-Gaussian odds (simplex-type)","P = 50",0.736328,0.00649236475882372,0.0212,0.00347946356018664,-0.01856,0.0094697930134281,0.004,0.00521412223745001,"MIMOSA2"
"PF160","DiD","unadjusted",0.01,100,0.00485939681171824,100,0.0485939681171824,0.0668,0.000954733026303769,0.9976,0.000954733026303769,0.0024,0.0132700518497207,0.132700518497207,0.03,0.0238683256575942,0.06,1.73,0.0073643124827396,100,0.073643124827396,0.730592,100,0,0,"BB",50,0.000125,"Low","Prop_0.50",10000,FALSE,"DiD (unadjusted)","Bimodal Beta","P = 50",0.732464,0.00671907814744814,0.0688,0.00530538129704838,-0.00187199999999998,0.00996890713643925,-0.002,0.00719449845929569,"DiD"
"PF160","MIMOSA2","BFDR",0.01,100,0.00262851496269108,100,0.0262851496269108,0.014,0.000685786431991062,0.9988,0.000685786431991062,0.0012,0.014255514616095,0.14255514616095,0.0225,0.0171446607997765,0.03,0.38,0.00732282800148918,100,0.0732282800148917,0.740696,100,0,0,"BB",50,0.000125,"Low","Prop_0.50",10000,FALSE,"MIMOSA2","Bimodal Beta","P = 50",0.736328,0.00649236475882372,0.0212,0.00347946356018664,0.00436800000000004,0.00978645033201569,-0.0072,0.00436070608683474,"MIMOSA2"
"PF172","DiD","unadjusted",0.01,100,0.00391835875763506,100,0.0391835875763506,0.044,0.000562821176545159,0.9992,0.000562821176545159,0.000800000000000001,0.0111350751676807,0.111350751676807,0.015,0.014070529413629,0.02,1.12,0.00710618525858234,100,0.0710618525858234,0.716376,100,0,0,"EG",50,6.25e-05,"Low","Prop_0.50",10000,FALSE,"DiD (unadjusted)","Exponential-gamma","P = 50",0.72268,0.00648392822697208,0.0536,0.00430062245905794,-0.00630399999999998,0.00961972942352425,-0.0096,0.00581797979447238,"DiD"
"PF172","MIMOSA2","BFDR",0.01,100,0.0022077915287326,100,0.022077915287326,0.0112,0,1,0,0,0,0,0,0,0,0.28,0.0070156351102377,100,0.070156351102377,0.705544,100,0,0,"EG",50,6.25e-05,"Low","Prop_0.50",10000,FALSE,"MIMOSA2","Exponential-gamma","P = 50",0.706792,0.00655244201219914,0.0112,0.00227981923791685,-0.00124800000000003,0.00959966834443942,0,0.00317362871046996,"MIMOSA2"
"PF173","DiD","unadjusted",0.01,100,0.00454045785970507,100,0.0454045785970507,0.0552,0.00122992978365729,0.9968,0.00122992978365729,0.0032,0.0161719506099909,0.161719506099909,0.0383333333333333,0.0256432399976243,0.07,1.46,0.00636015881893056,100,0.0636015881893056,0.70496,100,0,0,"LN",50,6.25e-05,"Low","Prop_0.50",10000,FALSE,"DiD (unadjusted)","Logit-normal","P = 50",0.72268,0.00648392822697208,0.0536,0.00430062245905794,-0.01772,0.00908256271404417,0.0016,0.00625388767976457,"DiD"
"PF173","MIMOSA2","BFDR",0.01,100,0.00300275967346134,100,0.0300275967346134,0.0156,0.000562821176545159,0.9992,0.000562821176545159,0.000800000000000001,0.0111350751676807,0.111350751676807,0.015,0.014070529413629,0.02,0.41,0.00783481580813964,100,0.0783481580813964,0.700008,100,0,0,"LN",50,6.25e-05,"Low","Prop_0.50",10000,FALSE,"MIMOSA2","Logit-normal","P = 50",0.706792,0.00655244201219914,0.0112,0.00227981923791685,-0.00678400000000001,0.0102136592399936,0.0044,0.00377016464019032,"MIMOSA2"
"PF174","DiD","unadjusted",0.01,100,0.00443512153500927,100,0.0443512153500928,0.0508,0.00133333333333333,0.996,0.00133333333333333,0.004,0.0162541542648087,0.162541542648087,0.0466666666666667,0.0287623491264661,0.09,1.37,0.00628693048708946,100,0.0628693048708946,0.70176,100,0,0,"SX",50,6.25e-05,"Low","Prop_0.50",10000,FALSE,"DiD (unadjusted)","Inverse-Gaussian odds (simplex-type)","P = 50",0.72268,0.00648392822697208,0.0536,0.00430062245905794,-0.0209199999999999,0.00903143511309361,-0.0028,0.00617783591281418,"DiD"
"PF174","MIMOSA2","BFDR",0.01,100,0.00250252397843183,100,0.0250252397843183,0.014,0.00078778554226773,0.9984,0.00078778554226773,0.0016,0.0151785113033922,0.151785113033922,0.0283333333333333,0.0196946385566932,0.04,0.39,0.00642831609664489,100,0.0642831609664489,0.690392,100,0,0,"SX",50,6.25e-05,"Low","Prop_0.50",10000,FALSE,"MIMOSA2","Inverse-Gaussian odds (simplex-type)","P = 50",0.706792,0.00655244201219914,0.0112,0.00227981923791685,-0.0164,0.00917920171701309,0.0028,0.00338529201402213,"MIMOSA2"
"PF175","DiD","unadjusted",0.01,100,0.00491643296825179,100,0.0491643296825179,0.0552,0.00138038202880744,0.9956,0.00138038202880744,0.0044,0.0197733722820089,0.197733722820089,0.0575,0.0301511344577764,0.1,1.49,0.00668546315039979,100,0.0668546315039979,0.723008,100,0,0,"BB",50,6.25e-05,"Low","Prop_0.50",10000,FALSE,"DiD (unadjusted)","Bimodal Beta","P = 50",0.72268,0.00648392822697208,0.0536,0.00430062245905794,0.000327999999999995,0.00931325629347108,0.0016,0.00653197264742181,"DiD"
"PF175","MIMOSA2","BFDR",0.01,100,0.00189032625050104,100,0.0189032625050104,0.0068,0.00078778554226773,0.9984,0.00078778554226773,0.0016,0.0177738316327429,0.177738316327429,0.035,0.0196946385566932,0.04,0.21,0.00684818691333699,100,0.0684818691333699,0.714208,100,0,0,"BB",50,6.25e-05,"Low","Prop_0.50",10000,FALSE,"MIMOSA2","Bimodal Beta","P = 50",0.706792,0.00655244201219914,0.0112,0.00227981923791685,0.00741599999999998,0.00947798292482279,-0.0044,0.0029615720641087,"MIMOSA2"
"PF187","DiD","unadjusted",0.01,100,0.00757187779440037,100,0.0757187779440037,0.258,0.000562821176545159,0.9992,0.000562821176545159,0.000800000000000001,0.00299058567735531,0.0299058567735531,0.00416666666666667,0.014070529413629,0.02,6.47,0.00559802932136196,100,0.0559802932136196,0.822848,100,0,0,"EG",50,0.001,"Very Low","Prop_0.50",10000,FALSE,"DiD (unadjusted)","Exponential-gamma","P = 50",0.832352,0.00499610605543675,0.2604,0.00824856277655616,-0.00950399999999996,0.00750326648867012,-0.00240000000000001,0.0111969692869152,"DiD"
"PF187","MIMOSA2","BFDR",0.01,100,0.0115592457200356,100,0.115592457200356,0.274,0.000562821176545159,0.9992,0.000562821176545159,0.000800000000000001,0.00104442330827304,0.0104442330827304,0.00148351648351648,0.014070529413629,0.02,6.87,0.00420465381416469,100,0.0420465381416469,0.896888,100,0,0,"EG",50,0.001,"Very Low","Prop_0.50",10000,FALSE,"MIMOSA2","Exponential-gamma","P = 50",0.90072,0.00408449742219519,0.2912,0.0125603834465048,-0.00383199999999995,0.00586193081577127,-0.0172,0.0170698387203686,"MIMOSA2"
"PF188","DiD","unadjusted",0.01,100,0.00838228049295812,100,0.0838228049295812,0.246,0.00102572959990497,0.9972,0.00102572959990497,0.0028,0.00435628941387234,0.0435628941387234,0.0113730158730159,0.0256432399976243,0.07,6.22,0.00520220938300704,100,0.0520220938300704,0.817544,100,0,0,"LN",50,0.001,"Very Low","Prop_0.50",10000,FALSE,"DiD (unadjusted)","Logit-normal","P = 50",0.832352,0.00499610605543675,0.2604,0.00824856277655616,-0.0148079999999999,0.00721277049280082,-0.0144,0.0117601621647584,"DiD"
"PF188","MIMOSA2","BFDR",0.01,100,0.0128582010146573,100,0.128582010146573,0.276,0.00117275467824841,0.9972,0.00117275467824841,0.0028,0.00304946479171899,0.0304946479171899,0.00713762626262626,0.0238683256575942,0.06,6.97,0.00453074435876098,100,0.0453074435876098,0.89128,100,0,0,"LN",50,0.001,"Very Low","Prop_0.50",10000,FALSE,"MIMOSA2","Logit-normal","P = 50",0.90072,0.00408449742219519,0.2912,0.0125603834465048,-0.00944,0.00610006259282342,-0.0152,0.0179748870832772,"MIMOSA2"
"PF189","DiD","unadjusted",0.01,100,0.008787134764742,100,0.08787134764742,0.2528,0.000562821176545159,0.9992,0.000562821176545159,0.000800000000000001,0.00234776381893387,0.0234776381893387,0.00325,0.014070529413629,0.02,6.34,0.00517978978552433,100,0.0517978978552433,0.83536,100,0,0,"SX",50,0.001,"Very Low","Prop_0.50",10000,FALSE,"DiD (unadjusted)","Inverse-Gaussian odds (simplex-type)","P = 50",0.832352,0.00499610605543675,0.2604,0.00824856277655616,0.00300800000000001,0.00719661711774317,-0.0076,0.0120520755578666,"DiD"
"PF189","MIMOSA2","BFDR",0.01,100,0.0119047397402391,100,0.119047397402391,0.3188,0.000954733026303769,0.9976,0.000954733026303769,0.0024,0.00227141374619414,0.0227141374619414,0.00558705183705184,0.0238683256575942,0.06,8.03,0.00401893305103318,100,0.0401893305103318,0.903544,100,0,0,"SX",50,0.001,"Very Low","Prop_0.50",10000,FALSE,"MIMOSA2","Inverse-Gaussian odds (simplex-type)","P = 50",0.90072,0.00408449742219519,0.2912,0.0125603834465048,0.00282400000000005,0.00573017818750919,0.0276,0.0173056655637991,"MIMOSA2"
"PF190","DiD","unadjusted",0.01,100,0.00883482548860709,100,0.0883482548860709,0.2592,0.00125786415094088,0.9956,0.00125786415094088,0.0044,0.0043278236525255,0.043278236525255,0.0147857142857143,0.031446603773522,0.11,6.59,0.0052127572494232,100,0.052127572494232,0.824768,100,0,0,"BB",50,0.001,"Very Low","Prop_0.50",10000,FALSE,"DiD (unadjusted)","Bimodal Beta","P = 50",0.832352,0.00499610605543675,0.2604,0.00824856277655616,-0.00758400000000004,0.00722038183606559,-0.00120000000000003,0.012086890803384,"DiD"
"PF190","MIMOSA2","BFDR",0.01,100,0.0124819060963452,100,0.124819060963452,0.28,0.000876171654230362,0.998,0.000876171654230362,0.002,0.00262251773777451,0.0262251773777451,0.00551165501165501,0.021904291355759,0.05,7.05,0.00433974269125056,100,0.0433974269125056,0.897952,100,0,0,"BB",50,0.001,"Very Low","Prop_0.50",10000,FALSE,"MIMOSA2","Bimodal Beta","P = 50",0.90072,0.00408449742219519,0.2912,0.0125603834465048,-0.00276799999999999,0.00595957094245734,-0.0112,0.0177076597019824,"MIMOSA2"
"PF202","DiD","unadjusted",0.01,100,0.00353773310971243,100,0.0353773310971243,0.0336,0.000876171654230362,0.998,0.000876171654230362,0.002,0.0202197523189179,0.202197523189179,0.045,0.021904291355759,0.05,0.89,0.00769648802501452,100,0.0769648802501452,0.693344,100,0,0,"EG",50,0.00025,"Very Low","Prop_0.50",10000,FALSE,"DiD (unadjusted)","Exponential-gamma","P = 50",0.691352,0.00646874888064207,0.0332,0.00301135896702516,0.00199199999999999,0.0100538868105823,0.000399999999999998,0.00464584097702864,"DiD"
"PF202","MIMOSA2","BFDR",0.01,100,0.00203841887627433,100,0.0203841887627433,0.0092,0,1,0,0,0,0,0,0,0,0.23,0.00653472222713855,100,0.0653472222713855,0.729856,100,0,0,"EG",50,0.00025,"Very Low","Prop_0.50",10000,FALSE,"MIMOSA2","Exponential-gamma","P = 50",0.729336,0.00666485362013134,0.0032,0.00109063969737716,0.000519999999999965,0.00933396316489605,0.006,0.00231184914400712,"MIMOSA2"
"PF203","DiD","unadjusted",0.01,100,0.00410980596263437,100,0.0410980596263437,0.0428,0.000876171654230362,0.998,0.000876171654230362,0.002,0.0151273215932583,0.151273215932583,0.0295,0.021904291355759,0.05,1.12,0.00706726108420534,100,0.0706726108420534,0.705216,100,0,0,"LN",50,0.00025,"Very Low","Prop_0.50",10000,FALSE,"DiD (unadjusted)","Logit-normal","P = 50",0.691352,0.00646874888064207,0.0332,0.00301135896702516,0.013864,0.00958075630172959,0.0096,0.00509497672995548,"DiD"
"PF203","MIMOSA2","BFDR",0.01,100,0.0019346912681434,100,0.019346912681434,0.0088,0.000562821176545159,0.9992,0.000562821176545159,0.000800000000000001,0.014070529413629,0.14070529413629,0.02,0.014070529413629,0.02,0.24,0.00628352085565365,100,0.0628352085565365,0.73352,100,0,0,"LN",50,0.00025,"Very Low","Prop_0.50",10000,FALSE,"MIMOSA2","Logit-normal","P = 50",0.729336,0.00666485362013134,0.0032,0.00109063969737716,0.00418399999999997,0.00915985306220641,0.0056,0.00222092891658541,"MIMOSA2"
"PF204","DiD","unadjusted",0.01,100,0.00432311148703025,100,0.0432311148703025,0.0424,0.000562821176545159,0.9992,0.000562821176545159,0.000800000000000001,0.00598117135471061,0.0598117135471061,0.00833333333333333,0.014070529413629,0.02,1.08,0.0069603432401141,100,0.069603432401141,0.696376,100,0,0,"SX",50,0.00025,"Very Low","Prop_0.50",10000,FALSE,"DiD (unadjusted)","Inverse-Gaussian odds (simplex-type)","P = 50",0.691352,0.00646874888064207,0.0332,0.00301135896702516,0.00502400000000003,0.00950216239079348,0.0092,0.00526854588644493,"DiD"
"PF204","MIMOSA2","BFDR",0.01,100,0.00291121134841693,100,0.0291121134841693,0.0136,0,1,0,0,0,0,0,0,0,0.34,0.00720564443174708,100,0.0720564443174708,0.734312,100,0,0,"SX",50,0.00025,"Very Low","Prop_0.50",10000,FALSE,"MIMOSA2","Inverse-Gaussian odds (simplex-type)","P = 50",0.729336,0.00666485362013134,0.0032,0.00109063969737716,0.00497599999999998,0.00981537495231565,0.0104,0.0031088014514675,"MIMOSA2"
"PF205","DiD","unadjusted",0.01,100,0.00379239004088744,100,0.0379239004088744,0.0396,0.000685786431991062,0.9988,0.000685786431991062,0.0012,0.00743235487513204,0.0743235487513204,0.0125,0.0171446607997765,0.03,1.02,0.00739591041786546,100,0.0739591041786546,0.70156,100,0,0,"BB",50,0.00025,"Very Low","Prop_0.50",10000,FALSE,"DiD (unadjusted)","Bimodal Beta","P = 50",0.691352,0.00646874888064207,0.0332,0.00301135896702516,0.010208,0.00982569096755536,0.0064,0.00484257215232825,"DiD"
"PF205","MIMOSA2","BFDR",0.01,100,0.00212726409391324,100,0.0212726409391324,0.008,4e-04,0.9996,4e-04,4e-04,0.005,0.05,0.005,0.01,0.01,0.21,0.00733234435204524,100,0.0733234435204524,0.729248,100,0,0,"BB",50,0.00025,"Very Low","Prop_0.50",10000,FALSE,"MIMOSA2","Bimodal Beta","P = 50",0.729336,0.00666485362013134,0.0032,0.00109063969737716,-8.7999999999977e-05,0.00990876114732551,0.0048,0.00239055380084772,"MIMOSA2"
"PF217","DiD","unadjusted",0.01,100,0.0028095076674274,100,0.028095076674274,0.0184,0.00109063969737716,0.9968,0.00109063969737716,0.0032,0.0229404146924729,0.229404146924729,0.0633333333333333,0.0272659924344291,0.08,0.54,0.00757098260572309,100,0.0757098260572309,0.665896,100,0,0,"EG",50,0.000125,"Very Low","Prop_0.50",10000,FALSE,"DiD (unadjusted)","Exponential-gamma","P = 50",0.667704,0.00805500809397107,0.0204,0.00263588292378072,-0.00180799999999992,0.011054543545986,-0.002,0.00385242937913366,"DiD"
"PF217","MIMOSA2","BFDR",0.01,100,0.00078778554226773,100,0.0078778554226773,0.0016,0.000562821176545159,0.9992,0.000562821176545159,0.000800000000000001,0.014070529413629,0.14070529413629,0.02,0.014070529413629,0.02,0.06,0.00798190029271403,100,0.0798190029271403,0.671448,100,0,0,"EG",50,0.000125,"Very Low","Prop_0.50",10000,FALSE,"MIMOSA2","Exponential-gamma","P = 50",0.678632,0.00722541234781515,0.0012,0.000685786431991061,-0.00718399999999997,0.010766490416045,4e-04,0.00104446593573419,"MIMOSA2"
"PF218","DiD","unadjusted",0.01,100,0.00318176623334216,100,0.0318176623334216,0.0224,0.00102572959990497,0.9972,0.00102572959990497,0.0028,0.0203090598614981,0.203090598614981,0.05,0.0256432399976243,0.07,0.63,0.00754815871319595,100,0.0754815871319595,0.659848,100,0,0,"LN",50,0.000125,"Very Low","Prop_0.50",10000,FALSE,"DiD (unadjusted)","Logit-normal","P = 50",0.667704,0.00805500809397107,0.0204,0.00263588292378072,-0.00785599999999997,0.0110389245560215,0.002,0.00413176900994176,"DiD"
"PF218","MIMOSA2","BFDR",0.01,100,0.00150635019470603,100,0.0150635019470603,0.0056,4e-04,0.9996,4e-04,4e-04,0.01,0.1,0.01,0.01,0.01,0.15,0.00697953371716843,100,0.0697953371716843,0.67432,100,0,0,"LN",50,0.000125,"Very Low","Prop_0.50",10000,FALSE,"MIMOSA2","Logit-normal","P = 50",0.678632,0.00722541234781515,0.0012,0.000685786431991061,-0.00431199999999998,0.0100459183007354,0.0044,0.00165511145829939,"MIMOSA2"
"PF219","DiD","unadjusted",0.01,100,0.00257289680706358,100,0.0257289680706358,0.0208,0.000876171654230362,0.998,0.000876171654230362,0.002,0.0202197523189179,0.202197523189179,0.045,0.021904291355759,0.05,0.57,0.0073917706466671,100,0.073917706466671,0.660088,100,0,0,"SX",50,0.000125,"Very Low","Prop_0.50",10000,FALSE,"DiD (unadjusted)","Inverse-Gaussian odds (simplex-type)","P = 50",0.667704,0.00805500809397107,0.0204,0.00263588292378072,-0.00761599999999996,0.0109325856359266,0.000399999999999998,0.00368343274238539,"DiD"
"PF219","MIMOSA2","BFDR",0.01,100,0.00111119191625366,100,0.0111119191625366,0.0024,0,1,0,0,0,0,0,0,0,0.06,0.00799394886299896,100,0.0799394886299896,0.664424,100,0,0,"SX",50,0.000125,"Very Low","Prop_0.50",10000,FALSE,"MIMOSA2","Inverse-Gaussian odds (simplex-type)","P = 50",0.678632,0.00722541234781515,0.0012,0.000685786431991061,-0.014208,0.0107754258393904,0.0012,0.00130577582496021,"MIMOSA2"
"PF220","DiD","unadjusted",0.01,100,0.00257289680706358,100,0.0257289680706358,0.0208,0.000954733026303769,0.9976,0.000954733026303769,0.0024,0.0238683256575942,0.238683256575942,0.06,0.0238683256575942,0.06,0.58,0.00689899674744177,100,0.0689899674744177,0.685888,100,0,0,"BB",50,0.000125,"Very Low","Prop_0.50",10000,FALSE,"DiD (unadjusted)","Bimodal Beta","P = 50",0.667704,0.00805500809397107,0.0204,0.00263588292378072,0.018184,0.0106056264084283,0.000399999999999998,0.00368343274238539,"DiD"
"PF220","MIMOSA2","BFDR",0.01,100,4e-04,100,0.004,4e-04,4e-04,0.9996,4e-04,4e-04,0.01,0.1,0.01,0.01,0.01,0.02,0.00709309017582776,100,0.0709309017582776,0.696448,100,0,0,"BB",50,0.000125,"Very Low","Prop_0.50",10000,FALSE,"MIMOSA2","Bimodal Beta","P = 50",0.678632,0.00722541234781515,0.0012,0.000685786431991061,0.0178159999999999,0.0101251425589166,-8e-04,0.000793916261518197,"MIMOSA2"
"PF232","DiD","unadjusted",0.01,100,0.00297165056335819,100,0.0297165056335819,0.0176,0.00102572959990497,0.9972,0.00102572959990497,0.0028,0.0242618293546955,0.242618293546955,0.065,0.0256432399976243,0.07,0.51,0.00847406977702323,100,0.0847406977702323,0.65652,100,0,0,"EG",50,6.25e-05,"Very Low","Prop_0.50",10000,FALSE,"DiD (unadjusted)","Exponential-gamma","P = 50",0.671584,0.00722421499282976,0.0172,0.00262112629041468,-0.015064,0.0111354901485514,0.000400000000000001,0.00396245001243045,"DiD"
"PF232","MIMOSA2","BFDR",0.01,100,0.00122992978365729,100,0.0122992978365729,0.0032,0,1,0,0,0,0,0,0,0,0.08,0.00836057994218684,100,0.0836057994218684,0.64932,100,0,0,"EG",50,6.25e-05,"Very Low","Prop_0.50",10000,FALSE,"MIMOSA2","Exponential-gamma","P = 50",0.656152,0.00752503330372844,0.0016,0.00078778554226773,-0.00683199999999995,0.0112483520211593,0.0016,0.00146059348668044,"MIMOSA2"
"PF233","DiD","unadjusted",0.01,100,0.00242911631269605,100,0.0242911631269605,0.0172,0.000876171654230362,0.998,0.000876171654230362,0.002,0.0162912258717397,0.162912258717397,0.035,0.021904291355759,0.05,0.48,0.00746039299205877,100,0.0746039299205877,0.651448,100,0,0,"LN",50,6.25e-05,"Very Low","Prop_0.50",10000,FALSE,"DiD (unadjusted)","Logit-normal","P = 50",0.671584,0.00722421499282976,0.0172,0.00262112629041468,-0.0201359999999999,0.0103849287844735,0,0.00357364087324245,"DiD"
"PF233","MIMOSA2","BFDR",0.01,100,0.00102572959990497,100,0.0102572959990497,0.0028,0.000685786431991062,0.9988,0.000685786431991062,0.0012,0.0148647097502641,0.148647097502641,0.025,0.0171446607997765,0.03,0.1,0.00694066274598726,100,0.0694066274598726,0.646792,100,0,0,"LN",50,6.25e-05,"Very Low","Prop_0.50",10000,FALSE,"MIMOSA2","Logit-normal","P = 50",0.656152,0.00752503330372844,0.0016,0.00078778554226773,-0.00935999999999992,0.010237134636985,0.0012,0.00129333958136573,"MIMOSA2"
"PF234","DiD","unadjusted",0.01,100,0.00286391693350561,100,0.0286391693350561,0.018,0.00078778554226773,0.9984,0.00078778554226773,0.0016,0.0177738316327429,0.177738316327429,0.035,0.0196946385566932,0.04,0.49,0.00699023082811312,100,0.0699023082811312,0.664968,100,0,0,"SX",50,6.25e-05,"Very Low","Prop_0.50",10000,FALSE,"DiD (unadjusted)","Inverse-Gaussian odds (simplex-type)","P = 50",0.671584,0.00722421499282976,0.0172,0.00262112629041468,-0.00661599999999996,0.0100524926905186,0.000799999999999999,0.00388230900783583,"DiD"
"PF234","MIMOSA2","BFDR",0.01,100,0.00078778554226773,100,0.0078778554226773,0.0016,0.000562821176545159,0.9992,0.000562821176545159,0.000800000000000001,0.0111350751676807,0.111350751676807,0.015,0.014070529413629,0.02,0.06,0.00710719065667321,100,0.0710719065667321,0.656816,100,0,0,"SX",50,6.25e-05,"Very Low","Prop_0.50",10000,FALSE,"MIMOSA2","Inverse-Gaussian odds (simplex-type)","P = 50",0.656152,0.00752503330372844,0.0016,0.00078778554226773,0.000663999999999998,0.0103507625444952,0,0.00111409699811647,"MIMOSA2"
"PF235","DiD","unadjusted",0.01,100,0.00244668400621384,100,0.0244668400621384,0.0144,0.000562821176545159,0.9992,0.000562821176545159,0.000800000000000001,0.014070529413629,0.14070529413629,0.02,0.014070529413629,0.02,0.38,0.00785886310435099,100,0.0785886310435099,0.66124,100,0,0,"BB",50,6.25e-05,"Very Low","Prop_0.50",10000,FALSE,"DiD (unadjusted)","Bimodal Beta","P = 50",0.671584,0.00722421499282976,0.0172,0.00262112629041468,-0.0103439999999999,0.0106747839114221,-0.0028,0.00358560534032479,"DiD"
"PF235","MIMOSA2","BFDR",0.01,100,4e-04,100,0.004,4e-04,0,1,0,0,0,0,0,0,0,0.01,0.00728355251317111,100,0.0728355251317111,0.669896,100,0,0,"BB",50,6.25e-05,"Very Low","Prop_0.50",10000,FALSE,"MIMOSA2","Bimodal Beta","P = 50",0.656152,0.00752503330372844,0.0016,0.00078778554226773,0.0137440000000001,0.0104726435743008,-0.0012,0.000883519134261427,"MIMOSA2"
"PF247","DiD","unadjusted",0.01,100,0.00460127342935813,100,0.0460127342935813,0.06,4e-04,0.9996,4e-04,4e-04,0.00333333333333333,0.0333333333333333,0.00333333333333333,0.01,0.01,1.51,0.00628053675889235,100,0.0628053675889235,0.759488,100,0,0,"EG",50,0.001,"Extremely Low","Prop_0.50",10000,FALSE,"DiD (unadjusted)","Exponential-gamma","P = 50",0.766784,0.00578713563244226,0.0704,0.00536716542007647,-0.00729599999999997,0.00854026233836413,-0.0104,0.00706952486509396,"DiD"
"PF247","MIMOSA2","BFDR",0.01,100,0.00471215921255261,100,0.0471215921255261,0.0276,0,1,0,0,0,0,0,0,0,0.69,0.00522171292766942,100,0.0522171292766942,0.841536,100,0,0,"EG",50,0.001,"Extremely Low","Prop_0.50",10000,FALSE,"MIMOSA2","Exponential-gamma","P = 50",0.83576,0.00584247906424675,0.0324,0.00541438413446585,0.005776,0.00783586928905476,-0.0048,0.00717774337797054,"MIMOSA2"
"PF248","DiD","unadjusted",0.01,100,0.00459001991589174,100,0.0459001991589174,0.0632,4e-04,0.9996,4e-04,4e-04,0.0025,0.025,0.0025,0.01,0.01,1.59,0.00635079768790719,100,0.0635079768790719,0.755048,100,0,0,"LN",50,0.001,"Extremely Low","Prop_0.50",10000,FALSE,"DiD (unadjusted)","Logit-normal","P = 50",0.766784,0.00578713563244226,0.0704,0.00536716542007647,-0.011736,0.00859206436783443,-0.0072,0.00706220556729606,"DiD"
"PF248","MIMOSA2","BFDR",0.01,100,0.00631701246355003,100,0.0631701246355003,0.0388,0,1,0,0,0,0,0,0,0,0.97,0.00659006385217606,100,0.0659006385217606,0.835872,100,0,0,"LN",50,0.001,"Extremely Low","Prop_0.50",10000,FALSE,"MIMOSA2","Logit-normal","P = 50",0.83576,0.00584247906424675,0.0324,0.00541438413446585,0.000112000000000001,0.00880701443123146,0.0064,0.00831986790881935,"MIMOSA2"
"PF249","DiD","unadjusted",0.01,100,0.00433282048247251,100,0.0433282048247251,0.0688,0.000685786431991062,0.9988,0.000685786431991062,0.0012,0.00571488693325884,0.0571488693325884,0.01,0.0171446607997765,0.03,1.75,0.00658271013544366,100,0.0658271013544366,0.75608,100,0,0,"SX",50,0.001,"Extremely Low","Prop_0.50",10000,FALSE,"DiD (unadjusted)","Inverse-Gaussian odds (simplex-type)","P = 50",0.766784,0.00578713563244226,0.0704,0.00536716542007647,-0.010704,0.00876487373300697,-0.0016,0.00689781110061721,"DiD"
"PF249","MIMOSA2","BFDR",0.01,100,0.00480740170061865,100,0.0480740170061865,0.036,4e-04,0.9996,4e-04,4e-04,0.00166666666666667,0.0166666666666667,0.00166666666666667,0.01,0.01,0.91,0.00629167435761119,100,0.0629167435761119,0.827488,100,0,0,"SX",50,0.001,"Extremely Low","Prop_0.50",10000,FALSE,"MIMOSA2","Inverse-Gaussian odds (simplex-type)","P = 50",0.83576,0.00584247906424675,0.0324,0.00541438413446585,-0.00827199999999995,0.00858601932436585,0.0036,0.00724062612393891,"MIMOSA2"
"PF250","DiD","unadjusted",0.01,100,0.00434920171474669,100,0.0434920171474669,0.0656,0,1,0,0,0,0,0,0,0,1.64,0.00651806274745787,100,0.0651806274745787,0.770288,100,0,0,"BB",50,0.001,"Extremely Low","Prop_0.50",10000,FALSE,"DiD (unadjusted)","Bimodal Beta","P = 50",0.766784,0.00578713563244226,0.0704,0.00536716542007647,0.00350399999999995,0.00871642591938237,-0.0048,0.00690811263674965,"DiD"
"PF250","MIMOSA2","BFDR",0.01,100,0.00612476344626691,100,0.0612476344626691,0.0468,4e-04,0.9996,4e-04,4e-04,0.00166666666666667,0.0166666666666667,0.00166666666666667,0.01,0.01,1.18,0.00582892382603315,100,0.0582892382603315,0.840616,100,0,0,"BB",50,0.001,"Extremely Low","Prop_0.50",10000,FALSE,"MIMOSA2","Bimodal Beta","P = 50",0.83576,0.00584247906424675,0.0324,0.00541438413446585,0.00485600000000008,0.00825293369571443,0.0144,0.00817485674665207,"MIMOSA2"
"PF262","DiD","unadjusted",0.01,100,0.00120604537831105,100,0.0120604537831105,0.004,0.000685786431991062,0.9988,0.000685786431991062,0.0012,0.0171446607997765,0.171446607997765,0.03,0.0171446607997765,0.03,0.13,0.00728936057108945,100,0.0728936057108945,0.637432,100,0,0,"EG",50,0.00025,"Extremely Low","Prop_0.50",10000,FALSE,"DiD (unadjusted)","Exponential-gamma","P = 50",0.648064,0.00740629864617703,0.0056,0.00139494035207911,-0.010632,0.01039172926763,-0.0016,0.00184401844904113,"DiD"
"PF262","MIMOSA2","BFDR",0.01,100,0.000685786431991061,100,0.00685786431991061,0.0012,0,1,0,0,0,0,0,0,0,0.03,0.00755172551290248,100,0.0755172551290248,0.669544,100,0,0,"EG",50,0.00025,"Extremely Low","Prop_0.50",10000,FALSE,"MIMOSA2","Exponential-gamma","P = 50",0.66336,0.00827115420719454,8e-04,0.000562821176545159,0.00618400000000008,0.0112000245598576,4e-04,0.000887170055328012,"MIMOSA2"
"PF263","DiD","unadjusted",0.01,100,0.00142474523684025,100,0.0142474523684025,0.0048,0.000685786431991062,0.9988,0.000685786431991062,0.0012,0.0171446607997765,0.171446607997765,0.03,0.0171446607997765,0.03,0.15,0.00731349011185232,100,0.0731349011185232,0.632624,100,0,0,"LN",50,0.00025,"Extremely Low","Prop_0.50",10000,FALSE,"DiD (unadjusted)","Logit-normal","P = 50",0.648064,0.00740629864617703,0.0056,0.00139494035207911,-0.01544,0.0104086693315008,-0.000799999999999999,0.00199393018327061,"DiD"
"PF263","MIMOSA2","BFDR",0.01,100,0.000971513450158249,100,0.00971513450158249,0.0016,0,1,0,0,0,0,0,0,0,0.04,0.00771471380224212,100,0.0771471380224212,0.663648,100,0,0,"LN",50,0.00025,"Extremely Low","Prop_0.50",10000,FALSE,"MIMOSA2","Logit-normal","P = 50",0.66336,0.00827115420719454,8e-04,0.000562821176545159,0.000288000000000066,0.0113105614789761,8e-04,0.00112276714442758,"MIMOSA2"
"PF264","DiD","unadjusted",0.01,100,0.00109063969737716,100,0.0109063969737716,0.0032,0.000562821176545159,0.9992,0.000562821176545159,0.000800000000000001,0.014070529413629,0.14070529413629,0.02,0.014070529413629,0.02,0.1,0.00728963802013834,100,0.0728963802013834,0.639024,100,0,0,"SX",50,0.00025,"Extremely Low","Prop_0.50",10000,FALSE,"DiD (unadjusted)","Inverse-Gaussian odds (simplex-type)","P = 50",0.648064,0.00740629864617703,0.0056,0.00139494035207911,-0.00903999999999994,0.010391923888338,-0.0024,0.00177069295343759,"DiD"
"PF264","MIMOSA2","BFDR",0.01,100,4e-04,100,0.004,4e-04,0,1,0,0,0,0,0,0,0,0.01,0.00699047682366677,100,0.0699047682366677,0.665688,100,0,0,"SX",50,0.00025,"Extremely Low","Prop_0.50",10000,FALSE,"MIMOSA2","Inverse-Gaussian odds (simplex-type)","P = 50",0.66336,0.00827115420719454,8e-04,0.000562821176545159,0.002328,0.0108295317600261,-4e-04,0.000690483654236418,"MIMOSA2"
"PF265","DiD","unadjusted",0.01,100,0.00115049396505865,100,0.0115049396505865,0.0036,4e-04,0.9996,4e-04,4e-04,0.01,0.1,0.01,0.01,0.01,0.1,0.00862358710430031,100,0.0862358710430031,0.6444,100,0,0,"BB",50,0.00025,"Extremely Low","Prop_0.50",10000,FALSE,"DiD (unadjusted)","Bimodal Beta","P = 50",0.648064,0.00740629864617703,0.0056,0.00139494035207911,-0.003664,0.0113674761570816,-0.002,0.00180817447982626,"DiD"
"PF265","MIMOSA2","BFDR",0.01,100,0.000562821176545159,100,0.00562821176545159,8e-04,0,1,0,0,0,0,0,0,0,0.02,0.00850888907988213,100,0.0850888907988213,0.673616,100,0,0,"BB",50,0.00025,"Extremely Low","Prop_0.50",10000,FALSE,"MIMOSA2","Bimodal Beta","P = 50",0.66336,0.00827115420719454,8e-04,0.000562821176545159,0.010256,0.0118664731615139,0,0.000795949341060946,"MIMOSA2"
"PF277","DiD","unadjusted",0.01,100,0.00078778554226773,100,0.0078778554226773,0.0016,0,1,0,0,0,0,0,0,0,0.04,0.00835514194549039,100,0.0835514194549039,0.615552,100,0,0,"EG",50,0.000125,"Extremely Low","Prop_0.50",10000,FALSE,"DiD (unadjusted)","Exponential-gamma","P = 50",0.620648,0.00699677912624188,0.0052,0.00146666666666667,-0.00509599999999999,0.0108978582790706,-0.0036,0.00166484749202958,"DiD"
"PF277","MIMOSA2","BFDR",0.01,100,0,100,0,0,0,1,0,0,0,0,0,0,0,0,0.00808080768040403,100,0.0808080768040403,0.613976,100,0,0,"EG",50,0.000125,"Extremely Low","Prop_0.50",10000,FALSE,"MIMOSA2","Exponential-gamma","P = 50",0.615792,0.00741597179993113,0,0,-0.00181600000000004,0.0109679574445313,0,0,"MIMOSA2"
"PF278","DiD","unadjusted",0.01,100,0.000954733026303768,100,0.00954733026303768,0.0024,4e-04,0.9996,4e-04,4e-04,0.01,0.1,0.01,0.01,0.01,0.07,0.00708266461299715,100,0.0708266461299715,0.624856,100,0,0,"LN",50,0.000125,"Extremely Low","Prop_0.50",10000,FALSE,"DiD (unadjusted)","Logit-normal","P = 50",0.620648,0.00699677912624188,0.0052,0.00146666666666667,0.00420799999999999,0.00995585537066586,-0.0028,0.00175003607466425,"DiD"
"PF278","MIMOSA2","BFDR",0.01,100,0.000562821176545159,100,0.00562821176545159,8e-04,0,1,0,0,0,0,0,0,0,0.02,0.00730436592841306,100,0.0730436592841306,0.62128,100,0,0,"LN",50,0.000125,"Extremely Low","Prop_0.50",10000,FALSE,"MIMOSA2","Logit-normal","P = 50",0.615792,0.00741597179993113,0,0,0.00548800000000005,0.0104091497901383,8e-04,0.000562821176545159,"MIMOSA2"
"PF279","DiD","unadjusted",0.01,100,0.00133333333333333,100,0.0133333333333333,0.004,0,1,0,0,0,0,0,0,0,0.1,0.00826331599739035,100,0.0826331599739035,0.634192,100,0,0,"SX",50,0.000125,"Extremely Low","Prop_0.50",10000,FALSE,"DiD (unadjusted)","Inverse-Gaussian odds (simplex-type)","P = 50",0.620648,0.00699677912624188,0.0052,0.00146666666666667,0.013544,0.0108276179011887,-0.0012,0.00198214249964247,"DiD"
"PF279","MIMOSA2","BFDR",0.01,100,4e-04,100,0.004,4e-04,0,1,0,0,0,0,0,0,0,0.01,0.00824526245608331,100,0.0824526245608331,0.635616,100,0,0,"SX",50,0.000125,"Extremely Low","Prop_0.50",10000,FALSE,"MIMOSA2","Inverse-Gaussian odds (simplex-type)","P = 50",0.615792,0.00741597179993113,0,0,0.019824,0.0110896794681844,4e-04,4e-04,"MIMOSA2"
"PF280","DiD","unadjusted",0.01,100,0.00109063969737716,100,0.0109063969737716,0.0032,4e-04,0.9996,4e-04,4e-04,0.01,0.1,0.01,0.01,0.01,0.09,0.00717991794218887,100,0.0717991794218887,0.643616,100,0,0,"BB",50,0.000125,"Extremely Low","Prop_0.50",10000,FALSE,"DiD (unadjusted)","Bimodal Beta","P = 50",0.620648,0.00699677912624188,0.0052,0.00146666666666667,0.022968,0.0100252750484952,-0.002,0.00182773249153317,"DiD"
"PF280","MIMOSA2","BFDR",0.01,100,0,100,0,0,0,1,0,0,0,0,0,0,0,0,0.00736918425648732,100,0.0736918425648732,0.646304,100,0,0,"BB",50,0.000125,"Extremely Low","Prop_0.50",10000,FALSE,"MIMOSA2","Bimodal Beta","P = 50",0.615792,0.00741597179993113,0,0,0.030512,0.0104547364549966,0,0,"MIMOSA2"
"PF292","DiD","unadjusted",0.01,100,0.000954733026303768,100,0.00954733026303768,0.0024,4e-04,0.9996,4e-04,4e-04,0.01,0.1,0.01,0.01,0.01,0.07,0.00727126553391131,100,0.0727126553391131,0.616384,100,0,0,"EG",50,6.25e-05,"Extremely Low","Prop_0.50",10000,FALSE,"DiD (unadjusted)","Exponential-gamma","P = 50",0.619816,0.00729446319983434,8e-04,0.000562821176545159,-0.00343199999999999,0.0102995386225978,0.0016,0.00110827921945818,"DiD"
"PF292","MIMOSA2","BFDR",0.01,100,0.000562821176545159,100,0.00562821176545159,8e-04,0,1,0,0,0,0,0,0,0,0.02,0.00669787198528855,100,0.0669787198528855,0.612176,100,0,0,"EG",50,6.25e-05,"Extremely Low","Prop_0.50",10000,FALSE,"MIMOSA2","Exponential-gamma","P = 50",0.608352,0.00765497876937591,0,0,0.00382400000000005,0.0101715381870644,8e-04,0.000562821176545159,"MIMOSA2"
"PF293","DiD","unadjusted",0.01,100,0.000876171654230361,100,0.00876171654230361,0.002,4e-04,0.9996,4e-04,4e-04,0.01,0.1,0.01,0.01,0.01,0.06,0.00795057747982033,100,0.0795057747982033,0.609784,100,0,0,"LN",50,6.25e-05,"Extremely Low","Prop_0.50",10000,FALSE,"DiD (unadjusted)","Logit-normal","P = 50",0.619816,0.00729446319983434,8e-04,0.000562821176545159,-0.010032,0.0107898505845245,0.0012,0.00104136662345422,"DiD"
"PF293","MIMOSA2","BFDR",0.01,100,4e-04,100,0.004,4e-04,0,1,0,0,0,0,0,0,0,0.01,0.00713136938129875,100,0.0713136938129875,0.610248,100,0,0,"LN",50,6.25e-05,"Extremely Low","Prop_0.50",10000,FALSE,"MIMOSA2","Logit-normal","P = 50",0.608352,0.00765497876937591,0,0,0.00189600000000001,0.0104620805393632,4e-04,4e-04,"MIMOSA2"
"PF294","DiD","unadjusted",0.01,100,0.000954733026303768,100,0.00954733026303768,0.0024,4e-04,0.9996,4e-04,4e-04,0.01,0.1,0.01,0.01,0.01,0.07,0.00787031249876921,100,0.0787031249876921,0.612744,100,0,0,"SX",50,6.25e-05,"Extremely Low","Prop_0.50",10000,FALSE,"DiD (unadjusted)","Inverse-Gaussian odds (simplex-type)","P = 50",0.619816,0.00729446319983434,8e-04,0.000562821176545159,-0.00707200000000008,0.0107308439650393,0.0016,0.00110827921945818,"DiD"
"PF294","MIMOSA2","BFDR",0.01,100,0,100,0,0,0,1,0,0,0,0,0,0,0,0,0.00765668075881607,100,0.0765668075881607,0.614944,100,0,0,"SX",50,6.25e-05,"Extremely Low","Prop_0.50",10000,FALSE,"MIMOSA2","Inverse-Gaussian odds (simplex-type)","P = 50",0.608352,0.00765497876937591,0,0,0.00659200000000004,0.0108269783504919,0,0,"MIMOSA2"
"PF295","DiD","unadjusted",0.01,100,0.000685786431991061,100,0.00685786431991061,0.0012,0.000562821176545159,0.9992,0.000562821176545159,0.000800000000000001,0.014070529413629,0.14070529413629,0.02,0.014070529413629,0.02,0.05,0.00773112691617072,100,0.0773112691617072,0.608072,100,0,0,"BB",50,6.25e-05,"Extremely Low","Prop_0.50",10000,FALSE,"DiD (unadjusted)","Bimodal Beta","P = 50",0.619816,0.00729446319983434,8e-04,0.000562821176545159,-0.0117440000000001,0.0106291823188652,4e-04,0.000887170055328012,"DiD"
"PF295","MIMOSA2","BFDR",0.01,100,0,100,0,0,0,1,0,0,0,0,0,0,0,0,0.00835093564950792,100,0.0835093564950792,0.615248,100,0,0,"BB",50,6.25e-05,"Extremely Low","Prop_0.50",10000,FALSE,"MIMOSA2","Bimodal Beta","P = 50",0.608352,0.00765497876937591,0,0,0.00689600000000001,0.0113285844738793,0,0,"MIMOSA2"
