"Distribution","Effect","Cell_range","DiD","MIMOSA2"
"Beta","1.0e-03","High","0.941 (0.002)","0.965 (0.003)"
"Beta","1.0e-03","Medium","0.921 (0.003)","0.956 (0.003)"
"Beta","1.0e-03","Low","0.872 (0.004)","0.930 (0.004)"
"Beta","1.0e-03","Very Low","0.832 (0.005)","0.901 (0.004)"
"Beta","1.0e-03","Extremely Low","0.767 (0.006)","0.836 (0.006)"
"Beta","2.5e-04","High","0.920 (0.004)","0.932 (0.004)"
"Beta","2.5e-04","Medium","0.871 (0.005)","0.899 (0.005)"
"Beta","2.5e-04","Low","0.757 (0.006)","0.800 (0.005)"
"Beta","2.5e-04","Very Low","0.691 (0.006)","0.729 (0.007)"
"Beta","2.5e-04","Extremely Low","0.648 (0.007)","0.663 (0.008)"
"Beta","1.2e-04","High","0.907 (0.004)","0.914 (0.004)"
"Beta","1.2e-04","Medium","0.859 (0.005)","0.870 (0.005)"
"Beta","1.2e-04","Low","0.732 (0.007)","0.736 (0.006)"
"Beta","1.2e-04","Very Low","0.668 (0.008)","0.679 (0.007)"
"Beta","1.2e-04","Extremely Low","0.621 (0.007)","0.616 (0.007)"
"Beta","6.2e-05","High","0.889 (0.004)","0.887 (0.005)"
"Beta","6.2e-05","Medium","0.844 (0.005)","0.838 (0.005)"
"Beta","6.2e-05","Low","0.723 (0.006)","0.707 (0.007)"
"Beta","6.2e-05","Very Low","0.672 (0.007)","0.656 (0.008)"
"Beta","6.2e-05","Extremely Low","0.620 (0.007)","0.608 (0.008)"
"Inverse-Gaussian odds (simplex-type)","1.0e-03","High","0.942 (0.003)","0.967 (0.003)"
"Inverse-Gaussian odds (simplex-type)","1.0e-03","Medium","0.927 (0.003)","0.961 (0.003)"
"Inverse-Gaussian odds (simplex-type)","1.0e-03","Low","0.868 (0.004)","0.931 (0.003)"
"Inverse-Gaussian odds (simplex-type)","1.0e-03","Very Low","0.835 (0.005)","0.904 (0.004)"
"Inverse-Gaussian odds (simplex-type)","1.0e-03","Extremely Low","0.756 (0.007)","0.827 (0.006)"
"Inverse-Gaussian odds (simplex-type)","2.5e-04","High","0.908 (0.003)","0.922 (0.004)"
"Inverse-Gaussian odds (simplex-type)","2.5e-04","Medium","0.873 (0.004)","0.899 (0.005)"
"Inverse-Gaussian odds (simplex-type)","2.5e-04","Low","0.750 (0.007)","0.794 (0.007)"
"Inverse-Gaussian odds (simplex-type)","2.5e-04","Very Low","0.696 (0.007)","0.734 (0.007)"
"Inverse-Gaussian odds (simplex-type)","2.5e-04","Extremely Low","0.639 (0.007)","0.666 (0.007)"
"Inverse-Gaussian odds (simplex-type)","1.2e-04","High","0.886 (0.004)","0.890 (0.004)"
"Inverse-Gaussian odds (simplex-type)","1.2e-04","Medium","0.847 (0.005)","0.855 (0.004)"
"Inverse-Gaussian odds (simplex-type)","1.2e-04","Low","0.717 (0.007)","0.718 (0.007)"
"Inverse-Gaussian odds (simplex-type)","1.2e-04","Very Low","0.660 (0.007)","0.664 (0.008)"
"Inverse-Gaussian odds (simplex-type)","1.2e-04","Extremely Low","0.634 (0.008)","0.636 (0.008)"
"Inverse-Gaussian odds (simplex-type)","6.2e-05","High","0.880 (0.004)","0.878 (0.004)"
"Inverse-Gaussian odds (simplex-type)","6.2e-05","Medium","0.832 (0.006)","0.827 (0.006)"
"Inverse-Gaussian odds (simplex-type)","6.2e-05","Low","0.702 (0.006)","0.690 (0.006)"
"Inverse-Gaussian odds (simplex-type)","6.2e-05","Very Low","0.665 (0.007)","0.657 (0.007)"
"Inverse-Gaussian odds (simplex-type)","6.2e-05","Extremely Low","0.613 (0.008)","0.615 (0.008)"
"Bimodal Beta","1.0e-03","High","0.942 (0.002)","0.971 (0.002)"
"Bimodal Beta","1.0e-03","Medium","0.930 (0.003)","0.965 (0.003)"
"Bimodal Beta","1.0e-03","Low","0.871 (0.004)","0.935 (0.003)"
"Bimodal Beta","1.0e-03","Very Low","0.825 (0.005)","0.898 (0.004)"
"Bimodal Beta","1.0e-03","Extremely Low","0.770 (0.007)","0.841 (0.006)"
"Bimodal Beta","2.5e-04","High","0.908 (0.003)","0.924 (0.004)"
"Bimodal Beta","2.5e-04","Medium","0.875 (0.004)","0.903 (0.004)"
"Bimodal Beta","2.5e-04","Low","0.752 (0.006)","0.792 (0.006)"
"Bimodal Beta","2.5e-04","Very Low","0.702 (0.007)","0.729 (0.007)"
"Bimodal Beta","2.5e-04","Extremely Low","0.644 (0.009)","0.674 (0.009)"
"Bimodal Beta","1.2e-04","High","0.915 (0.003)","0.921 (0.004)"
"Bimodal Beta","1.2e-04","Medium","0.871 (0.005)","0.879 (0.006)"
"Bimodal Beta","1.2e-04","Low","0.731 (0.007)","0.741 (0.007)"
"Bimodal Beta","1.2e-04","Very Low","0.686 (0.007)","0.696 (0.007)"
"Bimodal Beta","1.2e-04","Extremely Low","0.644 (0.007)","0.646 (0.007)"
"Bimodal Beta","6.2e-05","High","0.897 (0.004)","0.888 (0.004)"
"Bimodal Beta","6.2e-05","Medium","0.852 (0.004)","0.839 (0.006)"
"Bimodal Beta","6.2e-05","Low","0.723 (0.007)","0.714 (0.007)"
"Bimodal Beta","6.2e-05","Very Low","0.661 (0.008)","0.670 (0.007)"
"Bimodal Beta","6.2e-05","Extremely Low","0.608 (0.008)","0.615 (0.008)"
"Exponential-gamma","1.0e-03","High","0.938 (0.003)","0.963 (0.003)"
"Exponential-gamma","1.0e-03","Medium","0.929 (0.003)","0.961 (0.003)"
"Exponential-gamma","1.0e-03","Low","0.861 (0.005)","0.928 (0.004)"
"Exponential-gamma","1.0e-03","Very Low","0.823 (0.006)","0.897 (0.004)"
"Exponential-gamma","1.0e-03","Extremely Low","0.759 (0.006)","0.842 (0.005)"
"Exponential-gamma","2.5e-04","High","0.913 (0.004)","0.934 (0.004)"
"Exponential-gamma","2.5e-04","Medium","0.865 (0.005)","0.890 (0.005)"
"Exponential-gamma","2.5e-04","Low","0.756 (0.006)","0.793 (0.006)"
"Exponential-gamma","2.5e-04","Very Low","0.693 (0.008)","0.730 (0.007)"
"Exponential-gamma","2.5e-04","Extremely Low","0.637 (0.007)","0.670 (0.008)"
"Exponential-gamma","1.2e-04","High","0.884 (0.004)","0.889 (0.005)"
"Exponential-gamma","1.2e-04","Medium","0.848 (0.005)","0.850 (0.005)"
"Exponential-gamma","1.2e-04","Low","0.724 (0.007)","0.736 (0.007)"
"Exponential-gamma","1.2e-04","Very Low","0.666 (0.008)","0.671 (0.008)"
"Exponential-gamma","1.2e-04","Extremely Low","0.616 (0.008)","0.614 (0.008)"
"Exponential-gamma","6.2e-05","High","0.887 (0.005)","0.887 (0.005)"
"Exponential-gamma","6.2e-05","Medium","0.840 (0.005)","0.830 (0.005)"
"Exponential-gamma","6.2e-05","Low","0.716 (0.007)","0.706 (0.007)"
"Exponential-gamma","6.2e-05","Very Low","0.657 (0.008)","0.649 (0.008)"
"Exponential-gamma","6.2e-05","Extremely Low","0.616 (0.007)","0.612 (0.007)"
"Logit-normal","1.0e-03","High","0.938 (0.003)","0.965 (0.003)"
"Logit-normal","1.0e-03","Medium","0.925 (0.003)","0.956 (0.003)"
"Logit-normal","1.0e-03","Low","0.873 (0.004)","0.935 (0.003)"
"Logit-normal","1.0e-03","Very Low","0.818 (0.005)","0.891 (0.005)"
"Logit-normal","1.0e-03","Extremely Low","0.755 (0.006)","0.836 (0.007)"
"Logit-normal","2.5e-04","High","0.910 (0.004)","0.926 (0.004)"
"Logit-normal","2.5e-04","Medium","0.869 (0.005)","0.895 (0.004)"
"Logit-normal","2.5e-04","Low","0.734 (0.007)","0.773 (0.006)"
"Logit-normal","2.5e-04","Very Low","0.705 (0.007)","0.734 (0.006)"
"Logit-normal","2.5e-04","Extremely Low","0.633 (0.007)","0.664 (0.008)"
"Logit-normal","1.2e-04","High","0.881 (0.005)","0.887 (0.005)"
"Logit-normal","1.2e-04","Medium","0.848 (0.005)","0.857 (0.005)"
"Logit-normal","1.2e-04","Low","0.726 (0.007)","0.743 (0.006)"
"Logit-normal","1.2e-04","Very Low","0.660 (0.008)","0.674 (0.007)"
"Logit-normal","1.2e-04","Extremely Low","0.625 (0.007)","0.621 (0.007)"
"Logit-normal","6.2e-05","High","0.885 (0.004)","0.873 (0.005)"
"Logit-normal","6.2e-05","Medium","0.827 (0.005)","0.824 (0.006)"
"Logit-normal","6.2e-05","Low","0.705 (0.006)","0.700 (0.008)"
"Logit-normal","6.2e-05","Very Low","0.651 (0.007)","0.647 (0.007)"
"Logit-normal","6.2e-05","Extremely Low","0.610 (0.008)","0.610 (0.007)"
