"Scenario_ID","rho_realised","n_resp_eval","mean_true_delta_resp","share_zero_ns1","share_datasets_with_stuck_redraw","Distribution","P","Effect","Cell_range","Res_prop","Phi"
"PF006",0.5,25,0.000658226025268944,0.016,0,"Beta",50,0.001,"High","Prop_0.50",10000
"PF007",0.5,25,0.000673038213950852,0.0012,0,"EG",50,0.001,"High","Prop_0.50",10000
"PF008",0.5,25,0.000665164137537117,0.001,0,"LN",50,0.001,"High","Prop_0.50",10000
"PF009",0.5,25,0.00065922977522243,8e-04,0,"SX",50,0.001,"High","Prop_0.50",10000
"PF010",0.5,25,0.000650114134990532,0.0152,0,"BB",50,0.001,"High","Prop_0.50",10000
"PF021",0.5,25,0.000198919644830968,0.0146,0,"Beta",50,0.00025,"High","Prop_0.50",10000
"PF022",0.5,25,0.000194559461001146,0.002,0,"EG",50,0.00025,"High","Prop_0.50",10000
"PF023",0.5,25,0.000192424582739152,0.0012,0,"LN",50,0.00025,"High","Prop_0.50",10000
"PF024",0.5,25,0.000192701207872071,8e-04,0,"SX",50,0.00025,"High","Prop_0.50",10000
"PF025",0.5,25,0.000203467489892749,0.0122,0,"BB",50,0.00025,"High","Prop_0.50",10000
"PF036",0.5,25,0.000151306405293048,0.0144,0,"Beta",50,0.000125,"High","Prop_0.50",10000
"PF037",0.5,25,0.000142405522416907,0.0014,0,"EG",50,0.000125,"High","Prop_0.50",10000
"PF038",0.5,25,0.000142397925613849,0.0012,0,"LN",50,0.000125,"High","Prop_0.50",10000
"PF039",0.5,25,0.000147849926326814,6e-04,0,"SX",50,0.000125,"High","Prop_0.50",10000
"PF040",0.5,25,0.000157162914308741,0.0124,0.06,"BB",50,0.000125,"High","Prop_0.50",10000
"PF051",0.5,25,0.000124599963997551,0.0144,0,"Beta",50,6.25e-05,"High","Prop_0.50",10000
"PF052",0.5,25,0.000124425781797807,0.0016,0,"EG",50,6.25e-05,"High","Prop_0.50",10000
"PF053",0.5,25,0.000121156061650356,0.001,0,"LN",50,6.25e-05,"High","Prop_0.50",10000
"PF054",0.5,25,0.000121104175590695,6e-04,0,"SX",50,6.25e-05,"High","Prop_0.50",10000
"PF055",0.5,25,0.000123728283007528,0.0134,0.16,"BB",50,6.25e-05,"High","Prop_0.50",10000
"PF066",0.5,25,0.00066649999353338,0.0378,0,"Beta",50,0.001,"Medium","Prop_0.50",10000
"PF067",0.5,25,0.00065461193579702,0.0142,0,"EG",50,0.001,"Medium","Prop_0.50",10000
"PF068",0.5,25,0.000660041403467258,0.0132,0,"LN",50,0.001,"Medium","Prop_0.50",10000
"PF069",0.5,25,0.000647641431636731,0.015,0,"SX",50,0.001,"Medium","Prop_0.50",10000
"PF070",0.5,25,0.0006531316010036,0.037,0,"BB",50,0.001,"Medium","Prop_0.50",10000
"PF081",0.5,25,0.000200781092220474,0.035,0,"Beta",50,0.00025,"Medium","Prop_0.50",10000
"PF082",0.5,25,0.000195228750222301,0.0132,0,"EG",50,0.00025,"Medium","Prop_0.50",10000
"PF083",0.5,25,0.000198984695990047,0.0148,0,"LN",50,0.00025,"Medium","Prop_0.50",10000
"PF084",0.5,25,0.000195669379044447,0.0082,0,"SX",50,0.00025,"Medium","Prop_0.50",10000
"PF085",0.5,25,0.00020850947972835,0.0358,0,"BB",50,0.00025,"Medium","Prop_0.50",10000
"PF096",0.5,25,0.00015031408431413,0.0328,0,"Beta",50,0.000125,"Medium","Prop_0.50",10000
"PF097",0.5,25,0.000143824273093864,0.0166,0,"EG",50,0.000125,"Medium","Prop_0.50",10000
"PF098",0.5,25,0.000147097166489577,0.011,0,"LN",50,0.000125,"Medium","Prop_0.50",10000
"PF099",0.5,25,0.000151100037803415,0.0096,0,"SX",50,0.000125,"Medium","Prop_0.50",10000
"PF100",0.5,25,0.000155846789778909,0.033,0.03,"BB",50,0.000125,"Medium","Prop_0.50",10000
"PF111",0.5,25,0.000125618557126472,0.0356,0,"Beta",50,6.25e-05,"Medium","Prop_0.50",10000
"PF112",0.5,25,0.000127205065621995,0.0156,0,"EG",50,6.25e-05,"Medium","Prop_0.50",10000
"PF113",0.5,25,0.000124167750221519,0.0094,0,"LN",50,6.25e-05,"Medium","Prop_0.50",10000
"PF114",0.5,25,0.000123438522635123,0.0124,0,"SX",50,6.25e-05,"Medium","Prop_0.50",10000
"PF115",0.5,25,0.000121236411506,0.0368,0.08,"BB",50,6.25e-05,"Medium","Prop_0.50",10000
"PF126",0.5,25,0.000657571066088864,0.1544,0,"Beta",50,0.001,"Low","Prop_0.50",10000
"PF127",0.5,25,0.000651320164652284,0.144,0,"EG",50,0.001,"Low","Prop_0.50",10000
"PF128",0.5,25,0.00065594313996407,0.142,0,"LN",50,0.001,"Low","Prop_0.50",10000
"PF129",0.5,25,0.000662414924909452,0.1418,0,"SX",50,0.001,"Low","Prop_0.50",10000
"PF130",0.5,25,0.000644286782143202,0.148,0,"BB",50,0.001,"Low","Prop_0.50",10000
"PF141",0.5,25,0.000198837160485433,0.1692,0,"Beta",50,0.00025,"Low","Prop_0.50",10000
"PF142",0.5,25,0.000196027946348674,0.1432,0,"EG",50,0.00025,"Low","Prop_0.50",10000
"PF143",0.5,25,0.000193790431041049,0.15,0,"LN",50,0.00025,"Low","Prop_0.50",10000
"PF144",0.5,25,0.000188248222870574,0.1508,0,"SX",50,0.00025,"Low","Prop_0.50",10000
"PF145",0.5,25,0.000198879000470766,0.161,0,"BB",50,0.00025,"Low","Prop_0.50",10000
"PF156",0.5,25,0.00015197757068961,0.1886,0,"Beta",50,0.000125,"Low","Prop_0.50",10000
"PF157",0.5,25,0.000143899647932935,0.1744,0,"EG",50,0.000125,"Low","Prop_0.50",10000
"PF158",0.5,25,0.000145808162179514,0.1704,0,"LN",50,0.000125,"Low","Prop_0.50",10000
"PF159",0.5,25,0.000147142934042664,0.1652,0,"SX",50,0.000125,"Low","Prop_0.50",10000
"PF160",0.5,25,0.000153588288849906,0.1932,0.02,"BB",50,0.000125,"Low","Prop_0.50",10000
"PF171",0.5,25,0.000125324727669709,0.205,0,"Beta",50,6.25e-05,"Low","Prop_0.50",10000
"PF172",0.5,25,0.00012425599557141,0.2022,0,"EG",50,6.25e-05,"Low","Prop_0.50",10000
"PF173",0.5,25,0.000125603260588125,0.1914,0,"LN",50,6.25e-05,"Low","Prop_0.50",10000
"PF174",0.5,25,0.000123147499293147,0.1836,0,"SX",50,6.25e-05,"Low","Prop_0.50",10000
"PF175",0.5,25,0.000124150123643938,0.2152,0.1,"BB",50,6.25e-05,"Low","Prop_0.50",10000
"PF186",0.5,25,0.000655037577203082,0.2396,0,"Beta",50,0.001,"Very Low","Prop_0.50",10000
"PF187",0.5,25,0.000666753704883043,0.229,0,"EG",50,0.001,"Very Low","Prop_0.50",10000
"PF188",0.5,25,0.00065036936170818,0.233,0,"LN",50,0.001,"Very Low","Prop_0.50",10000
"PF189",0.5,25,0.000670403081397256,0.2358,0,"SX",50,0.001,"Very Low","Prop_0.50",10000
"PF190",0.5,25,0.000658558005298653,0.2416,0,"BB",50,0.001,"Very Low","Prop_0.50",10000
"PF201",0.5,25,0.00019881009122543,0.308,0,"Beta",50,0.00025,"Very Low","Prop_0.50",10000
"PF202",0.5,25,0.00019691100795787,0.291,0,"EG",50,0.00025,"Very Low","Prop_0.50",10000
"PF203",0.5,25,0.000191198991937277,0.2854,0,"LN",50,0.00025,"Very Low","Prop_0.50",10000
"PF204",0.5,25,0.000191647893685791,0.291,0,"SX",50,0.00025,"Very Low","Prop_0.50",10000
"PF205",0.5,25,0.000211499294336274,0.29,0.01,"BB",50,0.00025,"Very Low","Prop_0.50",10000
"PF216",0.5,25,0.00014777230774951,0.3426,0,"Beta",50,0.000125,"Very Low","Prop_0.50",10000
"PF217",0.5,25,0.000141851250428545,0.3266,0,"EG",50,0.000125,"Very Low","Prop_0.50",10000
"PF218",0.5,25,0.000149673624222363,0.331,0,"LN",50,0.000125,"Very Low","Prop_0.50",10000
"PF219",0.5,25,0.000142298420712819,0.3294,0,"SX",50,0.000125,"Very Low","Prop_0.50",10000
"PF220",0.5,25,0.00015790266011874,0.3336,0.04,"BB",50,0.000125,"Very Low","Prop_0.50",10000
"PF231",0.5,25,0.00012837525524699,0.3748,0,"Beta",50,6.25e-05,"Very Low","Prop_0.50",10000
"PF232",0.5,25,0.000122667995673694,0.3582,0,"EG",50,6.25e-05,"Very Low","Prop_0.50",10000
"PF233",0.5,25,0.000127165648322837,0.3508,0,"LN",50,6.25e-05,"Very Low","Prop_0.50",10000
"PF234",0.5,25,0.000127397392839781,0.3734,0,"SX",50,6.25e-05,"Very Low","Prop_0.50",10000
"PF235",0.5,25,0.000123005029001866,0.3628,0.13,"BB",50,6.25e-05,"Very Low","Prop_0.50",10000
"PF246",0.5,25,0.000656807981966277,0.3692,0,"Beta",50,0.001,"Extremely Low","Prop_0.50",10000
"PF247",0.5,25,0.000638978331155018,0.3732,0,"EG",50,0.001,"Extremely Low","Prop_0.50",10000
"PF248",0.5,25,0.000642309773503645,0.3652,0,"LN",50,0.001,"Extremely Low","Prop_0.50",10000
"PF249",0.5,25,0.000648785803360725,0.3608,0,"SX",50,0.001,"Extremely Low","Prop_0.50",10000
"PF250",0.5,25,0.000655193127260993,0.3646,0,"BB",50,0.001,"Extremely Low","Prop_0.50",10000
"PF261",0.5,25,0.000196508359340815,0.515,0,"Beta",50,0.00025,"Extremely Low","Prop_0.50",10000
"PF262",0.5,25,0.00019833731849869,0.5068,0,"EG",50,0.00025,"Extremely Low","Prop_0.50",10000
"PF263",0.5,25,0.000195344987590157,0.5074,0,"LN",50,0.00025,"Extremely Low","Prop_0.50",10000
"PF264",0.5,25,0.000197134320505942,0.501,0,"SX",50,0.00025,"Extremely Low","Prop_0.50",10000
"PF265",0.5,25,0.000208810374302545,0.5182,0,"BB",50,0.00025,"Extremely Low","Prop_0.50",10000
"PF276",0.5,25,0.00014599801363241,0.5614,0,"Beta",50,0.000125,"Extremely Low","Prop_0.50",10000
"PF277",0.5,25,0.000144516052744536,0.565,0,"EG",50,0.000125,"Extremely Low","Prop_0.50",10000
"PF278",0.5,25,0.000143115640879912,0.5544,0,"LN",50,0.000125,"Extremely Low","Prop_0.50",10000
"PF279",0.5,25,0.000141866039898038,0.547,0,"SX",50,0.000125,"Extremely Low","Prop_0.50",10000
"PF280",0.5,25,0.000158854112730366,0.5498,0.02,"BB",50,0.000125,"Extremely Low","Prop_0.50",10000
"PF291",0.5,25,0.000125201546258578,0.5918,0,"Beta",50,6.25e-05,"Extremely Low","Prop_0.50",10000
"PF292",0.5,25,0.000122041713017978,0.5948,0,"EG",50,6.25e-05,"Extremely Low","Prop_0.50",10000
"PF293",0.5,25,0.000119372670842797,0.5936,0,"LN",50,6.25e-05,"Extremely Low","Prop_0.50",10000
"PF294",0.5,25,0.000127087388422989,0.584,0,"SX",50,6.25e-05,"Extremely Low","Prop_0.50",10000
"PF295",0.5,25,0.000122910186457818,0.5884,0.04,"BB",50,6.25e-05,"Extremely Low","Prop_0.50",10000
