"Scenario_ID","n_pairs","dAUC_mean","dAUC_sd","dAUC_mcse","corr_AUC","Comparison","lower","upper","Distribution","P","Effect","Cell_range","Res_prop","Phi"
"PF006",100,0.023792,0.0176248199646941,0.00176248199646941,0.757841454602017,"MIMOSA2 - DiD",0.02033753528692,0.02724646471308,"Beta",50,0.001,"High","Prop_0.50",10000
"PF007",100,0.024376,0.0183165273935202,0.00183165273935202,0.795024547286913,"MIMOSA2 - DiD",0.02078596063087,0.02796603936913,"EG",50,0.001,"High","Prop_0.50",10000
"PF008",100,0.026592,0.0204957136686645,0.00204957136686645,0.728819470953686,"MIMOSA2 - DiD",0.0225748401209418,0.0306091598790582,"LN",50,0.001,"High","Prop_0.50",10000
"PF009",100,0.024936,0.0178534750033984,0.00178534750033984,0.795145938683228,"MIMOSA2 - DiD",0.0214367188993339,0.0284352811006661,"SX",50,0.001,"High","Prop_0.50",10000
"PF010",100,0.028456,0.0177726172307942,0.00177726172307942,0.697066822949488,"MIMOSA2 - DiD",0.0249725670227643,0.0319394329772357,"BB",50,0.001,"High","Prop_0.50",10000
"PF021",100,0.012024,0.0239545576524225,0.00239545576524225,0.786485939977562,"MIMOSA2 - DiD",0.0073289067001252,0.0167190932998748,"Beta",50,0.00025,"High","Prop_0.50",10000
"PF022",100,0.020648,0.0251469237430222,0.00251469237430222,0.763456178120509,"MIMOSA2 - DiD",0.0157192029463677,0.0255767970536324,"EG",50,0.00025,"High","Prop_0.50",10000
"PF023",100,0.016544,0.0263947053154012,0.00263947053154012,0.778471066700812,"MIMOSA2 - DiD",0.0113706377581814,0.0217173622418186,"LN",50,0.00025,"High","Prop_0.50",10000
"PF024",100,0.014408,0.026033574592449,0.0026033574592449,0.708436333622561,"MIMOSA2 - DiD",0.00930541937987999,0.01951058062012,"SX",50,0.00025,"High","Prop_0.50",10000
"PF025",100,0.015632,0.0237684234974799,0.00237684234974799,0.785784230679645,"MIMOSA2 - DiD",0.0109733889944939,0.0202906110055061,"BB",50,0.00025,"High","Prop_0.50",10000
"PF036",100,0.007376,0.0270772226020023,0.00270772226020023,0.808696882561075,"MIMOSA2 - DiD",0.00206886437000755,0.0126831356299924,"Beta",50,0.000125,"High","Prop_0.50",10000
"PF037",100,0.00525600000000001,0.0336163990764729,0.00336163990764729,0.744331783578426,"MIMOSA2 - DiD",-0.00133281421898868,0.0118448142189887,"EG",50,0.000125,"High","Prop_0.50",10000
"PF038",100,0.00674399999999999,0.0260729680053127,0.00260729680053127,0.859119881072339,"MIMOSA2 - DiD",0.0016336982709587,0.0118543017290413,"LN",50,0.000125,"High","Prop_0.50",10000
"PF039",100,0.003928,0.0304769032600629,0.00304769032600629,0.746332383601898,"MIMOSA2 - DiD",-0.00204547303897233,0.00990147303897233,"SX",50,0.000125,"High","Prop_0.50",10000
"PF040",100,0.00572799999999999,0.0270877589111444,0.00270877589111444,0.74186591958428,"MIMOSA2 - DiD",0.000418799253415692,0.0110372007465843,"BB",50,0.000125,"High","Prop_0.50",10000
"PF051",100,-0.002752,0.0323500690208934,0.00323500690208934,0.724780260048258,"MIMOSA2 - DiD",-0.00909261352809511,0.0035886135280951,"Beta",50,6.25e-05,"High","Prop_0.50",10000
"PF052",100,0.000807999999999997,0.0287785543048776,0.00287785543048776,0.827897162678789,"MIMOSA2 - DiD",-0.00483259664375601,0.006448596643756,"EG",50,6.25e-05,"High","Prop_0.50",10000
"PF053",100,-0.011248,0.0262901467120557,0.00262901467120557,0.832343388003686,"MIMOSA2 - DiD",-0.0164008687555629,-0.00609513124443709,"LN",50,6.25e-05,"High","Prop_0.50",10000
"PF054",100,-0.002456,0.0270453727254513,0.00270453727254513,0.805444820889973,"MIMOSA2 - DiD",-0.00775689305418846,0.00284489305418845,"SX",50,6.25e-05,"High","Prop_0.50",10000
"PF055",100,-0.009872,0.0301386361652114,0.00301386361652114,0.767183661423894,"MIMOSA2 - DiD",-0.0157791726883814,-0.00396482731161856,"BB",50,6.25e-05,"High","Prop_0.50",10000
"PF066",100,0.035968,0.0203684588806251,0.00203684588806251,0.745557771332611,"MIMOSA2 - DiD",0.0319757820593975,0.0399602179406025,"Beta",50,0.001,"Medium","Prop_0.50",10000
"PF067",100,0.032096,0.0179070660394553,0.00179070660394553,0.796661911252202,"MIMOSA2 - DiD",0.0285862150562668,0.0356057849437332,"EG",50,0.001,"Medium","Prop_0.50",10000
"PF068",100,0.031536,0.0190455674739305,0.00190455674739305,0.804539647557156,"MIMOSA2 - DiD",0.0278030687751096,0.0352689312248904,"LN",50,0.001,"Medium","Prop_0.50",10000
"PF069",100,0.033984,0.0201583966013012,0.00201583966013012,0.766686379275108,"MIMOSA2 - DiD",0.030032954266145,0.037935045733855,"SX",50,0.001,"Medium","Prop_0.50",10000
"PF070",100,0.034856,0.0211049150290599,0.00211049150290599,0.786364228995298,"MIMOSA2 - DiD",0.0307194366543043,0.0389925633456957,"BB",50,0.001,"Medium","Prop_0.50",10000
"PF081",100,0.027808,0.0309761709653851,0.00309761709653851,0.801901095826762,"MIMOSA2 - DiD",0.0217366704907845,0.0338793295092155,"Beta",50,0.00025,"Medium","Prop_0.50",10000
"PF082",100,0.025304,0.0287576917071456,0.00287576917071456,0.812552747076729,"MIMOSA2 - DiD",0.0196674924253995,0.0309405075746005,"EG",50,0.00025,"Medium","Prop_0.50",10000
"PF083",100,0.026872,0.0313153206768015,0.00313153206768015,0.749437070241216,"MIMOSA2 - DiD",0.0207341971473469,0.0330098028526531,"LN",50,0.00025,"Medium","Prop_0.50",10000
"PF084",100,0.02548,0.0278870738674549,0.0027887073867455,0.808100977787996,"MIMOSA2 - DiD",0.0200141335219788,0.0309458664780212,"SX",50,0.00025,"Medium","Prop_0.50",10000
"PF085",100,0.028088,0.0287498766971445,0.00287498766971445,0.707626823363372,"MIMOSA2 - DiD",0.0224530241673597,0.0337229758326403,"BB",50,0.00025,"Medium","Prop_0.50",10000
"PF096",100,0.01108,0.0330526607679077,0.00330526607679077,0.805045859927317,"MIMOSA2 - DiD",0.00460167848949009,0.0175583215105099,"Beta",50,0.000125,"Medium","Prop_0.50",10000
"PF097",100,0.00188,0.0366326233145961,0.00366326233145961,0.741812887773104,"MIMOSA2 - DiD",-0.00529999416966084,0.00905999416966084,"EG",50,0.000125,"Medium","Prop_0.50",10000
"PF098",100,0.00946400000000001,0.0350343309836901,0.00350343309836901,0.763298309228553,"MIMOSA2 - DiD",0.00259727112719675,0.0163307288728033,"LN",50,0.000125,"Medium","Prop_0.50",10000
"PF099",100,0.008096,0.033770089927884,0.0033770089927884,0.718086728618064,"MIMOSA2 - DiD",0.00147706237413473,0.0147149376258653,"SX",50,0.000125,"Medium","Prop_0.50",10000
"PF100",100,0.007568,0.0314383889375696,0.00314383889375696,0.843667356729135,"MIMOSA2 - DiD",0.00140607576823635,0.0137299242317636,"BB",50,0.000125,"Medium","Prop_0.50",10000
"PF111",100,-0.006272,0.0383026915213249,0.00383026915213249,0.735928458138274,"MIMOSA2 - DiD",-0.0137793275381797,0.00123532753817969,"Beta",50,6.25e-05,"Medium","Prop_0.50",10000
"PF112",100,-0.009232,0.0354981714709051,0.00354981714709051,0.742072323641231,"MIMOSA2 - DiD",-0.0161896416082974,-0.00227435839170261,"EG",50,6.25e-05,"Medium","Prop_0.50",10000
"PF113",100,-0.003024,0.034958876620187,0.0034958876620187,0.797382100902176,"MIMOSA2 - DiD",-0.00987593981755665,0.00382793981755665,"LN",50,6.25e-05,"Medium","Prop_0.50",10000
"PF114",100,-0.005232,0.0381912541683236,0.00381912541683236,0.786504197155148,"MIMOSA2 - DiD",-0.0127174858169914,0.00225348581699143,"SX",50,6.25e-05,"Medium","Prop_0.50",10000
"PF115",100,-0.013144,0.038950474433386,0.0038950474433386,0.71757744128098,"MIMOSA2 - DiD",-0.0207782929889437,-0.00550970701105634,"BB",50,6.25e-05,"Medium","Prop_0.50",10000
"PF126",100,0.058456,0.0244327992830965,0.00244327992830965,0.834945861784852,"MIMOSA2 - DiD",0.0536671713405131,0.0632448286594869,"Beta",50,0.001,"Low","Prop_0.50",10000
"PF127",100,0.066208,0.0237710616022291,0.00237710616022291,0.854490486231614,"MIMOSA2 - DiD",0.0615488719259631,0.0708671280740369,"EG",50,0.001,"Low","Prop_0.50",10000
"PF128",100,0.062688,0.0241638902480373,0.00241638902480373,0.819195202449657,"MIMOSA2 - DiD",0.0579518775113847,0.0674241224886153,"LN",50,0.001,"Low","Prop_0.50",10000
"PF129",100,0.063032,0.0208826005578952,0.00208826005578952,0.84177187688868,"MIMOSA2 - DiD",0.0589390102906525,0.0671249897093475,"SX",50,0.001,"Low","Prop_0.50",10000
"PF130",100,0.06444,0.0246168210536592,0.00246168210536592,0.826031780262495,"MIMOSA2 - DiD",0.0596151030734828,0.0692648969265172,"BB",50,0.001,"Low","Prop_0.50",10000
"PF141",100,0.043576,0.0407632165342999,0.00407632165342999,0.748257432257416,"MIMOSA2 - DiD",0.0355864095592772,0.0515655904407228,"Beta",50,0.00025,"Low","Prop_0.50",10000
"PF142",100,0.036784,0.0361194838716103,0.00361194838716103,0.833077354746249,"MIMOSA2 - DiD",0.0297045811611644,0.0438634188388356,"EG",50,0.00025,"Low","Prop_0.50",10000
"PF143",100,0.039568,0.0436579424086103,0.00436579424086103,0.788206484561507,"MIMOSA2 - DiD",0.0310110432879124,0.0481249567120876,"LN",50,0.00025,"Low","Prop_0.50",10000
"PF144",100,0.043752,0.0472561480795159,0.00472561480795159,0.75807171433631,"MIMOSA2 - DiD",0.0344897949764149,0.0530142050235851,"SX",50,0.00025,"Low","Prop_0.50",10000
"PF145",100,0.039904,0.0414825505970933,0.00414825505970933,0.758884082721175,"MIMOSA2 - DiD",0.0317734200829697,0.0480345799170303,"BB",50,0.00025,"Low","Prop_0.50",10000
"PF156",100,0.003864,0.0491380317641699,0.00491380317641699,0.723835763436793,"MIMOSA2 - DiD",-0.00576705422577729,0.0134950542257773,"Beta",50,0.000125,"Low","Prop_0.50",10000
"PF157",100,0.011544,0.0428681990394848,0.00428681990394848,0.820022875357955,"MIMOSA2 - DiD",0.00314183298826096,0.019946167011739,"EG",50,0.000125,"Low","Prop_0.50",10000
"PF158",100,0.016464,0.0455738617271707,0.00455738617271707,0.739936707717188,"MIMOSA2 - DiD",0.00753152310147454,0.0253964768985254,"LN",50,0.000125,"Low","Prop_0.50",10000
"PF159",100,0.001128,0.0476398739704377,0.00476398739704377,0.772936349700491,"MIMOSA2 - DiD",-0.0082094152982058,0.0104654152982058,"SX",50,0.000125,"Low","Prop_0.50",10000
"PF160",100,0.010104,0.050108266460503,0.0050108266460503,0.76721877418892,"MIMOSA2 - DiD",0.00028277977374142,0.0199252202262586,"BB",50,0.000125,"Low","Prop_0.50",10000
"PF171",100,-0.015888,0.0481244205632177,0.00481244205632177,0.727496796793023,"MIMOSA2 - DiD",-0.0253203864303907,-0.00645561356960933,"Beta",50,6.25e-05,"Low","Prop_0.50",10000
"PF172",100,-0.010832,0.0444752181137162,0.00444752181137162,0.801700052324412,"MIMOSA2 - DiD",-0.0195491427502884,-0.00211485724971163,"EG",50,6.25e-05,"Low","Prop_0.50",10000
"PF173",100,-0.004952,0.0480345592760929,0.00480345592760929,0.790304099718826,"MIMOSA2 - DiD",-0.0143667736181142,0.00446277361811421,"LN",50,6.25e-05,"Low","Prop_0.50",10000
"PF174",100,-0.011368,0.046345951802556,0.0046345951802556,0.73450682059232,"MIMOSA2 - DiD",-0.020451806553301,-0.00228419344669901,"SX",50,6.25e-05,"Low","Prop_0.50",10000
"PF175",100,-0.0088,0.0432294699332188,0.00432294699332188,0.796198710315439,"MIMOSA2 - DiD",-0.0172729761069109,-0.000327023893089107,"BB",50,6.25e-05,"Low","Prop_0.50",10000
"PF186",100,0.068368,0.0277902492891941,0.00277902492891941,0.831134161700028,"MIMOSA2 - DiD",0.0629211111393179,0.073814888860682,"Beta",50,0.001,"Very Low","Prop_0.50",10000
"PF187",100,0.07404,0.0306290942429157,0.00306290942429157,0.841957901064111,"MIMOSA2 - DiD",0.0680366975283885,0.0800433024716115,"EG",50,0.001,"Very Low","Prop_0.50",10000
"PF188",100,0.073736,0.0306397890121174,0.00306397890121174,0.810412672461639,"MIMOSA2 - DiD",0.067730601353625,0.079741398646375,"LN",50,0.001,"Very Low","Prop_0.50",10000
"PF189",100,0.068184,0.0299453195951649,0.00299453195951649,0.816987325007369,"MIMOSA2 - DiD",0.0623147173593477,0.0740532826406523,"SX",50,0.001,"Very Low","Prop_0.50",10000
"PF190",100,0.073184,0.0257526961224598,0.00257526961224598,0.870262297214522,"MIMOSA2 - DiD",0.0681364715599979,0.0782315284400021,"BB",50,0.001,"Very Low","Prop_0.50",10000
"PF201",100,0.037984,0.0422373063114167,0.00422373063114167,0.793550272457293,"MIMOSA2 - DiD",0.0297054879629623,0.0462625120370377,"Beta",50,0.00025,"Very Low","Prop_0.50",10000
"PF202",100,0.036512,0.0458141376441902,0.00458141376441902,0.804753134816466,"MIMOSA2 - DiD",0.0275324290217387,0.0454915709782613,"EG",50,0.00025,"Very Low","Prop_0.50",10000
"PF203",100,0.028304,0.0441071649966352,0.00441071649966352,0.78787070194359,"MIMOSA2 - DiD",0.0196589956606595,0.0369490043393405,"LN",50,0.00025,"Very Low","Prop_0.50",10000
"PF204",100,0.037936,0.0463923616144039,0.00463923616144039,0.786034585202455,"MIMOSA2 - DiD",0.0288430971235768,0.0470289028764232,"SX",50,0.00025,"Very Low","Prop_0.50",10000
"PF205",100,0.027688,0.0454892001390762,0.00454892001390762,0.809248791682442,"MIMOSA2 - DiD",0.0187721167727411,0.0366038832272589,"BB",50,0.00025,"Very Low","Prop_0.50",10000
"PF216",100,0.010928,0.0457375518860078,0.00457375518860078,0.826196348804212,"MIMOSA2 - DiD",0.00196343983034249,0.0198925601696575,"Beta",50,0.000125,"Very Low","Prop_0.50",10000
"PF217",100,0.00555199999999999,0.0498188485688627,0.00498188485688627,0.796045130567298,"MIMOSA2 - DiD",-0.00421249431949709,0.0153164943194971,"EG",50,0.000125,"Very Low","Prop_0.50",10000
"PF218",100,0.014472,0.0461048214573721,0.00461048214573721,0.801327193338012,"MIMOSA2 - DiD",0.00543545499435506,0.0235085450056449,"LN",50,0.000125,"Very Low","Prop_0.50",10000
"PF219",100,0.004336,0.0582093670132291,0.00582093670132291,0.716356362236195,"MIMOSA2 - DiD",-0.00707303593459291,0.0157450359345929,"SX",50,0.000125,"Very Low","Prop_0.50",10000
"PF220",100,0.01056,0.0407862920129008,0.00407862920129008,0.830413057984073,"MIMOSA2 - DiD",0.00256588676547144,0.0185541132345286,"BB",50,0.000125,"Very Low","Prop_0.50",10000
"PF231",100,-0.015432,0.0496000384489913,0.00496000384489913,0.774558149132773,"MIMOSA2 - DiD",-0.0251536075360023,-0.00571039246399771,"Beta",50,6.25e-05,"Very Low","Prop_0.50",10000
"PF232",100,-0.0072,0.051683700027038,0.0051683700027038,0.811574662589097,"MIMOSA2 - DiD",-0.0173300052052995,0.00293000520529945,"EG",50,6.25e-05,"Very Low","Prop_0.50",10000
"PF233",100,-0.004656,0.0461330362575826,0.00461330362575826,0.797099056445206,"MIMOSA2 - DiD",-0.0136980751064862,0.0043860751064862,"LN",50,6.25e-05,"Very Low","Prop_0.50",10000
"PF234",100,-0.008152,0.0492796031730054,0.00492796031730054,0.755729951453928,"MIMOSA2 - DiD",-0.0178108022219091,0.00150680222190907,"SX",50,6.25e-05,"Very Low","Prop_0.50",10000
"PF235",100,0.008656,0.049241110195987,0.0049241110195987,0.791092746897142,"MIMOSA2 - DiD",-0.000995257598413447,0.0183072575984134,"BB",50,6.25e-05,"Very Low","Prop_0.50",10000
"PF246",100,0.068976,0.0330888644944996,0.00330888644944996,0.838135579895679,"MIMOSA2 - DiD",0.0624905825590781,0.0754614174409219,"Beta",50,0.001,"Extremely Low","Prop_0.50",10000
"PF247",100,0.082048,0.036967789637833,0.0036967789637833,0.808736002406655,"MIMOSA2 - DiD",0.0748023132309848,0.0892936867690153,"EG",50,0.001,"Extremely Low","Prop_0.50",10000
"PF248",100,0.080824,0.0412528569442239,0.00412528569442239,0.797373267699166,"MIMOSA2 - DiD",0.0727384400389321,0.0889095599610679,"LN",50,0.001,"Extremely Low","Prop_0.50",10000
"PF249",100,0.071408,0.0290054668480048,0.00290054668480048,0.899454133173437,"MIMOSA2 - DiD",0.0657229284977911,0.0770930715022089,"SX",50,0.001,"Extremely Low","Prop_0.50",10000
"PF250",100,0.070328,0.0381091841312762,0.00381091841312762,0.815122798829058,"MIMOSA2 - DiD",0.0628585999102699,0.0777974000897301,"BB",50,0.001,"Extremely Low","Prop_0.50",10000
"PF261",100,0.015296,0.0459517575751181,0.00459517575751181,0.833756791718463,"MIMOSA2 - DiD",0.00628945551527685,0.0243025444847231,"Beta",50,0.00025,"Extremely Low","Prop_0.50",10000
"PF262",100,0.032112,0.0548407598912939,0.00548407598912939,0.727450018082398,"MIMOSA2 - DiD",0.0213632110613064,0.0428607889386936,"EG",50,0.00025,"Extremely Low","Prop_0.50",10000
"PF263",100,0.031024,0.0462970058590742,0.00462970058590742,0.811480079099262,"MIMOSA2 - DiD",0.0219497868516215,0.0400982131483785,"LN",50,0.00025,"Extremely Low","Prop_0.50",10000
"PF264",100,0.026664,0.0535208890022948,0.00535208890022948,0.719815018218019,"MIMOSA2 - DiD",0.0161739057555502,0.0371540942444498,"SX",50,0.00025,"Extremely Low","Prop_0.50",10000
"PF265",100,0.029216,0.0479781067916725,0.00479781067916725,0.843235715163562,"MIMOSA2 - DiD",0.0198122910688322,0.0386197089311678,"BB",50,0.00025,"Extremely Low","Prop_0.50",10000
"PF276",100,-0.00485600000000001,0.0518052926589045,0.00518052926589045,0.743079288227377,"MIMOSA2 - DiD",-0.0150098373611453,0.00529783736114528,"Beta",50,0.000125,"Extremely Low","Prop_0.50",10000
"PF277",100,-0.001576,0.0559442672160735,0.00559442672160735,0.768779144648689,"MIMOSA2 - DiD",-0.0125410763743504,0.0093890763743504,"EG",50,0.000125,"Extremely Low","Prop_0.50",10000
"PF278",100,-0.003576,0.0536406244361397,0.00536406244361397,0.72238946604,"MIMOSA2 - DiD",-0.0140895623894834,0.00693756238948339,"LN",50,0.000125,"Extremely Low","Prop_0.50",10000
"PF279",100,0.00142399999999999,0.0469179837158375,0.00469179837158375,0.8384587611393,"MIMOSA2 - DiD",-0.00777192480830416,0.0106199248083041,"SX",50,0.000125,"Extremely Low","Prop_0.50",10000
"PF280",100,0.00268799999999999,0.0484468787081857,0.00484468787081857,0.778537917329913,"MIMOSA2 - DiD",-0.0068075882268044,0.0121835882268044,"BB",50,0.000125,"Extremely Low","Prop_0.50",10000
"PF291",100,-0.011464,0.0525881338537718,0.00525881338537718,0.753530990830272,"MIMOSA2 - DiD",-0.0217712742353393,-0.00115672576466072,"Beta",50,6.25e-05,"Extremely Low","Prop_0.50",10000
"PF292",100,-0.004208,0.0532108435823703,0.00532108435823703,0.712689876178946,"MIMOSA2 - DiD",-0.0146373253421446,0.00622132534214457,"EG",50,6.25e-05,"Extremely Low","Prop_0.50",10000
"PF293",100,0.000464000000000002,0.0585246965395849,0.00585246965395849,0.703869623560988,"MIMOSA2 - DiD",-0.0110068405217586,0.0119348405217587,"LN",50,6.25e-05,"Extremely Low","Prop_0.50",10000
"PF294",100,0.00219999999999999,0.05075862468387,0.005075862468387,0.786603546568648,"MIMOSA2 - DiD",-0.00774869043803853,0.0121486904380385,"SX",50,6.25e-05,"Extremely Low","Prop_0.50",10000
"PF295",100,0.00717600000000001,0.0552988668121425,0.00552988668121425,0.766151785995492,"MIMOSA2 - DiD",-0.00366257789517991,0.0180145778951799,"BB",50,6.25e-05,"Extremely Low","Prop_0.50",10000
