"Res_prop","P_eval","P_other","Eval_effect","Other_effect","Cell_range","n","dAUC_se","dAUC"
"Prop_0.20",20,80,0.000625,5e-04,"Extremely Low",50,0.0102192170913032,0.021875
"Prop_0.20",20,80,0.000625,5e-04,"High",50,0.00242071750647891,-0.00265625
"Prop_0.20",20,80,0.000625,5e-04,"Low",50,0.00686629783204656,0.011875
"Prop_0.20",20,80,0.000625,5e-04,"Medium",50,0.00239952761613869,-0.001875
"Prop_0.20",20,80,0.000625,5e-04,"Very Low",50,0.0114425138168577,0.030625
"Prop_0.20",20,80,8e-04,5e-04,"Extremely Low",50,0.0149329523006425,0.0371875
"Prop_0.20",20,80,8e-04,5e-04,"High",50,0.00180913767124573,-0.00140625
"Prop_0.20",20,80,8e-04,5e-04,"Low",50,0.00381141252473062,0.0059375
"Prop_0.20",20,80,8e-04,5e-04,"Medium",50,0.00323999207234007,0.00140625
"Prop_0.20",20,80,8e-04,5e-04,"Very Low",50,0.00599362570629355,0.0078125
"Prop_0.20",20,80,8e-04,0.000625,"Extremely Low",50,0.0137624595682366,0.02875
"Prop_0.20",20,80,8e-04,0.000625,"High",50,0.00365853593724069,-0.006875
"Prop_0.20",20,80,8e-04,0.000625,"Low",50,0.00250199219092894,0.0009375
"Prop_0.20",20,80,8e-04,0.000625,"Medium",50,0.00411005331660139,-0.005625
"Prop_0.20",20,80,8e-04,0.000625,"Very Low",50,0.00726513638087084,0.016875
"Prop_0.20",20,80,0.001,5e-04,"Extremely Low",50,0.0161577542671989,0.030625
"Prop_0.20",20,80,0.001,5e-04,"High",50,0.00273416999960403,-0.005625
"Prop_0.20",20,80,0.001,5e-04,"Low",50,0.00770448285885879,0.014375
"Prop_0.20",20,80,0.001,5e-04,"Medium",50,0.0033955728088579,-0.00828125
"Prop_0.20",20,80,0.001,5e-04,"Very Low",50,0.00804265573206325,0.019375
"Prop_0.20",20,80,0.001,0.000625,"Extremely Low",50,0.0146145878032247,0.0440625
"Prop_0.20",20,80,0.001,0.000625,"High",50,0.0028132085275336,-0.000625
"Prop_0.20",20,80,0.001,0.000625,"Low",50,0.00384136156505338,0.01125
"Prop_0.20",20,80,0.001,0.000625,"Medium",50,0.0028089546815606,-0.00125
"Prop_0.20",20,80,0.001,0.000625,"Very Low",50,0.00638502113527897,0.019375
"Prop_0.20",20,80,0.01,5e-04,"Extremely Low",50,0.00567789753413737,0.01
"Prop_0.20",20,80,0.01,5e-04,"High",50,0,0
"Prop_0.20",20,80,0.01,5e-04,"Low",50,0.0009375,0.0009375
"Prop_0.20",20,80,0.01,5e-04,"Medium",50,0,0
"Prop_0.20",20,80,0.01,5e-04,"Very Low",50,0.00419286512836913,0.0071875
"Prop_0.20",20,80,0.01,0.000625,"Extremely Low",50,0.00483381345844256,0.0075
"Prop_0.20",20,80,0.01,0.000625,"High",50,0,0
"Prop_0.20",20,80,0.01,0.000625,"Low",50,0,0
"Prop_0.20",20,80,0.01,0.000625,"Medium",50,0,0
"Prop_0.20",20,80,0.01,0.000625,"Very Low",50,0.000625,0.000625
"Prop_0.20",20,80,0.05,5e-04,"Extremely Low",50,0.00576377149635938,0.0128125
"Prop_0.20",20,80,0.05,5e-04,"High",50,0,0
"Prop_0.20",20,80,0.05,5e-04,"Low",50,0.00167097922073329,0.0021875
"Prop_0.20",20,80,0.05,5e-04,"Medium",50,0,0
"Prop_0.20",20,80,0.05,5e-04,"Very Low",50,0.00267447603584824,0.0059375
"Prop_0.20",20,80,0.05,0.000625,"Extremely Low",50,0.00438682803447795,0.011875
"Prop_0.20",20,80,0.05,0.000625,"High",50,0.00125,0.00125
"Prop_0.20",20,80,0.05,0.000625,"Low",50,0.00459105719006516,0.01
"Prop_0.20",20,80,0.05,0.000625,"Medium",50,0.00128226844788795,0.0015625
"Prop_0.20",20,80,0.05,0.000625,"Very Low",50,0.00359922220906185,0.009375
"Prop_0.20",50,50,0.000625,5e-04,"Extremely Low",50,0.00154027561806056,0
"Prop_0.20",50,50,0.000625,5e-04,"High",50,0.00122578587869504,-0.00225
"Prop_0.20",50,50,0.000625,5e-04,"Low",50,0.00152028796949923,-0.000350000000000008
"Prop_0.20",50,50,0.000625,5e-04,"Medium",50,0.00134716255098466,-0.0024
"Prop_0.20",50,50,0.000625,5e-04,"Very Low",50,0.00136867282654492,-0.00140000000000001
"Prop_0.20",50,50,8e-04,5e-04,"Extremely Low",50,0.00239012637356953,0.00205
"Prop_0.20",50,50,8e-04,5e-04,"High",50,0.00119268604418766,-0.00185
"Prop_0.20",50,50,8e-04,5e-04,"Low",50,0.00113436577623169,0.00135
"Prop_0.20",50,50,8e-04,5e-04,"Medium",50,0.0015043983135175,-0.0027
"Prop_0.20",50,50,8e-04,5e-04,"Very Low",50,0.00182512230509942,0.000950000000000004
"Prop_0.20",50,50,8e-04,0.000625,"Extremely Low",50,0.00253912245808327,0.0047
"Prop_0.20",50,50,8e-04,0.000625,"High",50,0.000996524572948303,-0.00155
"Prop_0.20",50,50,8e-04,0.000625,"Low",50,0.00100359049295568,-0.000149999999999995
"Prop_0.20",50,50,8e-04,0.000625,"Medium",50,0.0011677479197505,-0.001775
"Prop_0.20",50,50,8e-04,0.000625,"Very Low",50,0.00116110433006949,0.00129999999999999
"Prop_0.20",50,50,0.001,5e-04,"Extremely Low",50,0.00258355276662955,0.000749999999999997
"Prop_0.20",50,50,0.001,5e-04,"High",50,0.00148373838389277,-0.0037
"Prop_0.20",50,50,0.001,5e-04,"Low",50,0.00169296262480292,0.00160000000000001
"Prop_0.20",50,50,0.001,5e-04,"Medium",50,0.000877067528175336,-0.000725
"Prop_0.20",50,50,0.001,5e-04,"Very Low",50,0.00155918934981337,0.00244999999999999
"Prop_0.20",50,50,0.001,0.000625,"Extremely Low",50,0.00306331986110307,0.00525
"Prop_0.20",50,50,0.001,0.000625,"High",50,0.00116205417169734,-0.001025
"Prop_0.20",50,50,0.001,0.000625,"Low",50,0.000683217179442755,4.99999999999967e-05
"Prop_0.20",50,50,0.001,0.000625,"Medium",50,0.00118442270446709,-0.00259999999999999
"Prop_0.20",50,50,0.001,0.000625,"Very Low",50,0.0018477923949118,0.00135
"Prop_0.20",50,50,0.01,5e-04,"Extremely Low",50,0.00147253772343488,0.0025
"Prop_0.20",50,50,0.01,5e-04,"High",50,0.000120373568188234,2e-04
"Prop_0.20",50,50,0.01,5e-04,"Low",50,0.000120373568188233,0.000199999999999998
"Prop_0.20",50,50,0.01,5e-04,"Medium",50,5.00000000000011e-05,5.00000000000012e-05
"Prop_0.20",50,50,0.01,5e-04,"Very Low",50,0.000505530636549155,0.00105
"Prop_0.20",50,50,0.01,0.000625,"Extremely Low",50,0.00260592926744737,0.00715
"Prop_0.20",50,50,0.01,0.000625,"High",50,4.99999999999989e-05,4.99999999999989e-05
"Prop_0.20",50,50,0.01,0.000625,"Low",50,6.9985421222375e-05,9.99999999999979e-05
"Prop_0.20",50,50,0.01,0.000625,"Medium",50,0.000150000000000001,0.000150000000000001
"Prop_0.20",50,50,0.01,0.000625,"Very Low",50,0.000107142857142855,0.000249999999999995
"Prop_0.20",50,50,0.05,5e-04,"Extremely Low",50,0.00427498657355571,0.0115
"Prop_0.20",50,50,0.05,5e-04,"High",50,6.99854212223781e-05,0.000100000000000002
"Prop_0.20",50,50,0.05,5e-04,"Low",50,0.000535714285714287,0.000750000000000002
"Prop_0.20",50,50,0.05,5e-04,"Medium",50,0.000419912527334259,6e-04
"Prop_0.20",50,50,0.05,5e-04,"Very Low",50,0.00134270515857248,0.0021
"Prop_0.20",50,50,0.05,0.000625,"Extremely Low",50,0.00244010914777623,0.00715
"Prop_0.20",50,50,0.05,0.000625,"High",50,0,0
"Prop_0.20",50,50,0.05,0.000625,"Low",50,0.000120373568188234,2e-04
"Prop_0.20",50,50,0.05,0.000625,"Medium",50,0.000520204041600945,0.000700000000000001
"Prop_0.20",50,50,0.05,0.000625,"Very Low",50,0.00156180494744944,0.00395
"Prop_0.20",80,20,0.000625,5e-04,"Extremely Low",50,0.00283177833582147,0.00189453125
"Prop_0.20",80,20,0.000625,5e-04,"High",50,0.000738903610860427,-0.001220703125
"Prop_0.20",80,20,0.000625,5e-04,"Low",50,0.000450559846527555,0.000625
"Prop_0.20",80,20,0.000625,5e-04,"Medium",50,0.00102427394552362,-0.001943359375
"Prop_0.20",80,20,0.000625,5e-04,"Very Low",50,0.000763617384548606,-0.00013671875
"Prop_0.20",80,20,8e-04,5e-04,"Extremely Low",50,0.00132415654860385,-0.00046875
"Prop_0.20",80,20,8e-04,5e-04,"High",50,0.000115050468303678,-6.8359375e-05
"Prop_0.20",80,20,8e-04,5e-04,"Low",50,0.000522955689862411,0.00021484375
"Prop_0.20",80,20,8e-04,5e-04,"Medium",50,0.000776000780422622,-0.00126953125
"Prop_0.20",80,20,8e-04,5e-04,"Very Low",50,0.000753188020335693,0.00017578125
"Prop_0.20",80,20,8e-04,0.000625,"Extremely Low",50,0.000764126965648314,0.00208984375
"Prop_0.20",80,20,8e-04,0.000625,"High",50,0.000351354836095387,-0.000107421875
"Prop_0.20",80,20,8e-04,0.000625,"Low",50,0.000471936250607301,0.00041015625
"Prop_0.20",80,20,8e-04,0.000625,"Medium",50,0.000374344336891024,-0.000419921875
"Prop_0.20",80,20,8e-04,0.000625,"Very Low",50,0.00101350716197708,0.001640625
"Prop_0.20",80,20,0.001,5e-04,"Extremely Low",50,0.0010293452425054,-0.0005859375
"Prop_0.20",80,20,0.001,5e-04,"High",50,0.000329252894006862,-0.00029296875
"Prop_0.20",80,20,0.001,5e-04,"Low",50,0.00044959119708838,-0.000859375
"Prop_0.20",80,20,0.001,5e-04,"Medium",50,0.000240813586688875,1.953125e-05
"Prop_0.20",80,20,0.001,5e-04,"Very Low",50,0.00049512109876615,-0.00060546875
"Prop_0.20",80,20,0.001,0.000625,"Extremely Low",50,0.000982459871726867,-0.0010546875
"Prop_0.20",80,20,0.001,0.000625,"High",50,0.00027662196787286,0.00021484375
"Prop_0.20",80,20,0.001,0.000625,"Low",50,0.00029916127575179,3.90625e-05
"Prop_0.20",80,20,0.001,0.000625,"Medium",50,0.000606977680722092,-0.0014453125
"Prop_0.20",80,20,0.001,0.000625,"Very Low",50,0.000653164057517836,0.001171875
"Prop_0.20",80,20,0.01,5e-04,"Extremely Low",50,0.00176520201328914,0.0006640625
"Prop_0.20",80,20,0.01,5e-04,"High",50,4.33152195766184e-05,5.859375e-05
"Prop_0.20",80,20,0.01,5e-04,"Low",50,0.000106649078424199,0.00033203125
"Prop_0.20",80,20,0.01,5e-04,"Medium",50,3.90625e-05,3.90625e-05
"Prop_0.20",80,20,0.01,5e-04,"Very Low",50,0.000224951388066366,0.0005859375
"Prop_0.20",80,20,0.01,0.000625,"Extremely Low",50,0.00226520574718692,0.0041015625
"Prop_0.20",80,20,0.01,0.000625,"High",50,4.70209250735288e-05,7.8125e-05
"Prop_0.20",80,20,0.01,0.000625,"Low",50,0.00010293452425054,0.00033203125
"Prop_0.20",80,20,0.01,0.000625,"Medium",50,8.0141777992997e-05,9.765625e-05
"Prop_0.20",80,20,0.01,0.000625,"Very Low",50,0.00267071397985055,0.00306640625
"Prop_0.20",80,20,0.05,5e-04,"Extremely Low",50,0.00272673974995466,0.006171875
"Prop_0.20",80,20,0.05,5e-04,"High",50,0,0
"Prop_0.20",80,20,0.05,5e-04,"Low",50,0.000890954306064155,0.0018359375
"Prop_0.20",80,20,0.05,5e-04,"Medium",50,0.000312711682928265,0.00033203125
"Prop_0.20",80,20,0.05,5e-04,"Very Low",50,0.00132038844350482,0.0026171875
"Prop_0.20",80,20,0.05,0.000625,"Extremely Low",50,0.0029929968649462,0.004765625
"Prop_0.20",80,20,0.05,0.000625,"High",50,0,0
"Prop_0.20",80,20,0.05,0.000625,"Low",50,0.000771770655760681,0.00154296875
"Prop_0.20",80,20,0.05,0.000625,"Medium",50,0,0
"Prop_0.20",80,20,0.05,0.000625,"Very Low",50,0.00159632600020165,0.00244140625
"Prop_0.50",20,80,0.000625,5e-04,"Extremely Low",50,0.00346837939277768,0.00770833333333334
"Prop_0.50",20,80,0.000625,5e-04,"High",50,0.00188048376094293,-0.00427083333333333
"Prop_0.50",20,80,0.000625,5e-04,"Low",50,0.00198335798589835,-0.000624999999999998
"Prop_0.50",20,80,0.000625,5e-04,"Medium",50,0.0013978593530735,-0.0025
"Prop_0.50",20,80,0.000625,5e-04,"Very Low",50,0.00244138339700188,-0.00229166666666667
"Prop_0.50",20,80,8e-04,5e-04,"Extremely Low",50,0.00406781115405251,0.013125
"Prop_0.50",20,80,8e-04,5e-04,"High",50,0.00135702537085452,-0.00291666666666667
"Prop_0.50",20,80,8e-04,5e-04,"Low",50,0.00156610977582415,-0.001875
"Prop_0.50",20,80,8e-04,5e-04,"Medium",50,0.00140733219256392,-0.00354166666666667
"Prop_0.50",20,80,8e-04,5e-04,"Very Low",50,0.00220338619272376,0.00270833333333332
"Prop_0.50",20,80,8e-04,0.000625,"Extremely Low",50,0.00295063432397717,0.00229166666666666
"Prop_0.50",20,80,8e-04,0.000625,"High",50,0.00196344002357864,-0.00739583333333333
"Prop_0.50",20,80,8e-04,0.000625,"Low",50,0.00142235751730339,0.000833333333333333
"Prop_0.50",20,80,8e-04,0.000625,"Medium",50,0.00157632770316891,-0.00239583333333333
"Prop_0.50",20,80,8e-04,0.000625,"Very Low",50,0.00213395140121945,0.000624999999999998
"Prop_0.50",20,80,0.001,5e-04,"Extremely Low",50,0.00301477958979702,0.00354166666666667
"Prop_0.50",20,80,0.001,5e-04,"High",50,0.00186344939962586,-0.0065625
"Prop_0.50",20,80,0.001,5e-04,"Low",50,0.00152484386398208,-0.00104166666666666
"Prop_0.50",20,80,0.001,5e-04,"Medium",50,0.00144858256233785,-0.001875
"Prop_0.50",20,80,0.001,5e-04,"Very Low",50,0.00251413239070749,-0.00166666666666667
"Prop_0.50",20,80,0.001,0.000625,"Extremely Low",50,0.00244772442797049,0.00125000000000001
"Prop_0.50",20,80,0.001,0.000625,"High",50,0.00177800917038617,-0.00708333333333334
"Prop_0.50",20,80,0.001,0.000625,"Low",50,0.00156242913671508,0.0025
"Prop_0.50",20,80,0.001,0.000625,"Medium",50,0.00178503211176233,-0.00322916666666667
"Prop_0.50",20,80,0.001,0.000625,"Very Low",50,0.00210111459460986,0.00083333333333333
"Prop_0.50",20,80,0.01,5e-04,"Extremely Low",50,0.00179091504563457,0.005625
"Prop_0.50",20,80,0.01,5e-04,"High",50,0.000595981678407761,0.00145833333333333
"Prop_0.50",20,80,0.01,5e-04,"Low",50,0.001634467883065,0.00583333333333334
"Prop_0.50",20,80,0.01,5e-04,"Medium",50,0.000787425985435889,0.00208333333333333
"Prop_0.50",20,80,0.01,5e-04,"Very Low",50,0.00130274218025234,0.00458333333333334
"Prop_0.50",20,80,0.01,0.000625,"Extremely Low",50,0.00116945730383265,0.00333333333333333
"Prop_0.50",20,80,0.01,0.000625,"High",50,0.00167726223852445,0.00375
"Prop_0.50",20,80,0.01,0.000625,"Low",50,0.00161983797673153,0.00510416666666667
"Prop_0.50",20,80,0.01,0.000625,"Medium",50,0.00128218209693679,0.0025
"Prop_0.50",20,80,0.01,0.000625,"Very Low",50,0.00186362764338729,0.005625
"Prop_0.50",20,80,0.05,5e-04,"Extremely Low",50,0.00464333407196326,0.000624999999999998
"Prop_0.50",20,80,0.05,5e-04,"High",50,0.00172958666319737,0.0021875
"Prop_0.50",20,80,0.05,5e-04,"Low",50,0.00169303126825332,0.00875
"Prop_0.50",20,80,0.05,5e-04,"Medium",50,0.00174691226219695,0.00135416666666667
"Prop_0.50",20,80,0.05,5e-04,"Very Low",50,0.0039456698617087,0.0141666666666667
"Prop_0.50",20,80,0.05,0.000625,"Extremely Low",50,0.00428457739550237,-0.00104166666666666
"Prop_0.50",20,80,0.05,0.000625,"High",50,0.00128709485512909,0.00135416666666666
"Prop_0.50",20,80,0.05,0.000625,"Low",50,0.00297619047619048,0.00833333333333333
"Prop_0.50",20,80,0.05,0.000625,"Medium",50,0.0015182218282719,0.00302083333333334
"Prop_0.50",20,80,0.05,0.000625,"Very Low",50,0.00256867825801467,0.010625
"Prop_0.50",50,50,0.000625,5e-04,"Extremely Low",50,0.000655322002300912,-0.000128205128205117
"Prop_0.50",50,50,0.000625,5e-04,"High",50,0.000834929337499879,-0.00137820512820513
"Prop_0.50",50,50,0.000625,5e-04,"Low",50,0.000710754868568948,6.41025641025594e-05
"Prop_0.50",50,50,0.000625,5e-04,"Medium",50,0.00112930366172636,-0.00360576923076924
"Prop_0.50",50,50,0.000625,5e-04,"Very Low",50,0.000920876225003533,-3.20512820512753e-05
"Prop_0.50",50,50,8e-04,5e-04,"Extremely Low",50,0.00111067600230229,9.61538461538436e-05
"Prop_0.50",50,50,8e-04,5e-04,"High",50,0.000426641904587397,-0.000624999999999998
"Prop_0.50",50,50,8e-04,5e-04,"Low",50,0.00050986853139469,-0.000320512820512824
"Prop_0.50",50,50,8e-04,5e-04,"Medium",50,0.000848889861861606,-0.00270833333333333
"Prop_0.50",50,50,8e-04,5e-04,"Very Low",50,0.000749238724142226,-0.00102564102564103
"Prop_0.50",50,50,8e-04,0.000625,"Extremely Low",50,0.00115079871129819,-0.000288461538461535
"Prop_0.50",50,50,8e-04,0.000625,"High",50,0.000370631729093732,-0.000464743589743588
"Prop_0.50",50,50,8e-04,0.000625,"Low",50,0.000655977508328498,-0.000160256410256419
"Prop_0.50",50,50,8e-04,0.000625,"Medium",50,0.00102281629595644,-0.00320512820512821
"Prop_0.50",50,50,8e-04,0.000625,"Very Low",50,0.000514555053241491,0.000352564102564106
"Prop_0.50",50,50,0.001,5e-04,"Extremely Low",50,0.00102221144615877,9.61538461538525e-05
"Prop_0.50",50,50,0.001,5e-04,"High",50,0.0005422490513886,-0.000801282051282055
"Prop_0.50",50,50,0.001,5e-04,"Low",50,0.000338208522209146,-0.000384615384615385
"Prop_0.50",50,50,0.001,5e-04,"Medium",50,0.000703312204117946,-0.00189102564102564
"Prop_0.50",50,50,0.001,5e-04,"Very Low",50,0.000605868031059228,0.000929487179487176
"Prop_0.50",50,50,0.001,0.000625,"Extremely Low",50,0.00106873467729977,0.000416666666666665
"Prop_0.50",50,50,0.001,0.000625,"High",50,0.000511797448894454,-0.00131410256410257
"Prop_0.50",50,50,0.001,0.000625,"Low",50,0.000469093350727682,-6.41025641025705e-05
"Prop_0.50",50,50,0.001,0.000625,"Medium",50,0.00090132874015703,-0.00288461538461538
"Prop_0.50",50,50,0.001,0.000625,"Very Low",50,0.000622592775963715,0.00099358974358974
"Prop_0.50",50,50,0.01,5e-04,"Extremely Low",50,0.00101810129322234,0.00631410256410255
"Prop_0.50",50,50,0.01,5e-04,"High",50,0.00017591000652288,0.000576923076923075
"Prop_0.50",50,50,0.01,5e-04,"Low",50,0.0012942759177561,0.00594551282051282
"Prop_0.50",50,50,0.01,5e-04,"Medium",50,0.00027150122857827,0.000705128205128203
"Prop_0.50",50,50,0.01,5e-04,"Very Low",50,0.00119662402430146,0.00833333333333334
"Prop_0.50",50,50,0.01,0.000625,"Extremely Low",50,0.00137883627377248,0.00653846153846154
"Prop_0.50",50,50,0.01,0.000625,"High",50,0.000149704970002489,0.000288461538461537
"Prop_0.50",50,50,0.01,0.000625,"Low",50,0.000878861497334935,0.00466346153846154
"Prop_0.50",50,50,0.01,0.000625,"Medium",50,0.000205993074710658,0.000769230769230767
"Prop_0.50",50,50,0.01,0.000625,"Very Low",50,0.00157095995300935,0.00891025641025641
"Prop_0.50",50,50,0.05,5e-04,"Extremely Low",50,0.00148337515719904,-0.00839743589743589
"Prop_0.50",50,50,0.05,5e-04,"High",50,0.00066598453610171,0.00121794871794871
"Prop_0.50",50,50,0.05,5e-04,"Low",50,0.00182372432884435,0.00108974358974358
"Prop_0.50",50,50,0.05,5e-04,"Medium",50,0.000843348921996056,0.00208333333333333
"Prop_0.50",50,50,0.05,5e-04,"Very Low",50,0.00108932026129765,-0.00416666666666666
"Prop_0.50",50,50,0.05,0.000625,"Extremely Low",50,0.00186981447603167,-0.0126282051282051
"Prop_0.50",50,50,0.05,0.000625,"High",50,0.000552798105230275,0.00102564102564102
"Prop_0.50",50,50,0.05,0.000625,"Low",50,0.00107214254098903,-0.00195512820512821
"Prop_0.50",50,50,0.05,0.000625,"Medium",50,0.000934604455836855,0.00141025641025641
"Prop_0.50",50,50,0.05,0.000625,"Very Low",50,0.00159342139534618,-0.00761217948717949
"Prop_0.50",80,20,0.000625,5e-04,"Extremely Low",50,0.000523750334859373,-0.0001875
"Prop_0.50",80,20,0.000625,5e-04,"High",50,0.000433400067630876,-0.000768749999999994
"Prop_0.50",80,20,0.000625,5e-04,"Low",50,0.000258410812388305,3.75000000000081e-05
"Prop_0.50",80,20,0.000625,5e-04,"Medium",50,0.000493035843638417,-0.00103125
"Prop_0.50",80,20,0.000625,5e-04,"Very Low",50,0.000392373891088797,0.000462499999999995
"Prop_0.50",80,20,8e-04,5e-04,"Extremely Low",50,0.000728650205825114,-0.000374999999999996
"Prop_0.50",80,20,8e-04,5e-04,"High",50,0.000293190413592341,-0.000693749999999997
"Prop_0.50",80,20,8e-04,5e-04,"Low",50,0.000205938617761979,-0.000375000000000001
"Prop_0.50",80,20,8e-04,5e-04,"Medium",50,0.000404874043464665,-0.000531249999999999
"Prop_0.50",80,20,8e-04,5e-04,"Very Low",50,0.000299068494304755,1.24999999999909e-05
"Prop_0.50",80,20,8e-04,0.000625,"Extremely Low",50,0.000501175276887505,0.000737499999999998
"Prop_0.50",80,20,8e-04,0.000625,"High",50,0.000462258624272479,-0.00115
"Prop_0.50",80,20,8e-04,0.000625,"Low",50,0.000192501325200844,0.000337499999999995
"Prop_0.50",80,20,8e-04,0.000625,"Medium",50,0.000439858801555819,-0.000637500000000004
"Prop_0.50",80,20,8e-04,0.000625,"Very Low",50,0.000288844460651366,-7.49999999999962e-05
"Prop_0.50",80,20,0.001,5e-04,"Extremely Low",50,0.000288827900526331,0.000412500000000005
"Prop_0.50",80,20,0.001,5e-04,"High",50,0.00029430310498199,-0.000631249999999994
"Prop_0.50",80,20,0.001,5e-04,"Low",50,0.000199041068472755,-0.000299999999999996
"Prop_0.50",80,20,0.001,5e-04,"Medium",50,0.00022068025916632,-0.000506249999999995
"Prop_0.50",80,20,0.001,5e-04,"Very Low",50,0.000333699310145881,-0.000287499999999989
"Prop_0.50",80,20,0.001,0.000625,"Extremely Low",50,0.000409785440374422,0.000412500000000002
"Prop_0.50",80,20,0.001,0.000625,"High",50,0.000143758318304134,-0.000149999999999999
"Prop_0.50",80,20,0.001,0.000625,"Low",50,0.000190033898694578,-0.000187499999999996
"Prop_0.50",80,20,0.001,0.000625,"Medium",50,0.000240457220197061,-0.00024375
"Prop_0.50",80,20,0.001,0.000625,"Very Low",50,0.000267761887824665,-4.99999999999967e-05
"Prop_0.50",80,20,0.01,5e-04,"Extremely Low",50,0.00170722597675712,0.000937499999999998
"Prop_0.50",80,20,0.01,5e-04,"High",50,4.259593014956e-05,0.000112500000000002
"Prop_0.50",80,20,0.01,5e-04,"Low",50,0.000122018002184689,0.0005125
"Prop_0.50",80,20,0.01,5e-04,"Medium",50,4.65999583953566e-05,0.000162500000000001
"Prop_0.50",80,20,0.01,5e-04,"Very Low",50,0.00132610658450571,0.00505
"Prop_0.50",80,20,0.01,0.000625,"Extremely Low",50,0.00184799946991776,-0.000224999999999995
"Prop_0.50",80,20,0.01,0.000625,"High",50,5.12907379155191e-05,0.000187500000000005
"Prop_0.50",80,20,0.01,0.000625,"Low",50,0.000121113035412951,0.000500000000000003
"Prop_0.50",80,20,0.01,0.000625,"Medium",50,5.14149287460278e-05,0.000137499999999999
"Prop_0.50",80,20,0.01,0.000625,"Very Low",50,0.00117508276955546,0.0054375
"Prop_0.50",80,20,0.05,5e-04,"Extremely Low",50,0.000686801593308743,-0.004675
"Prop_0.50",80,20,0.05,5e-04,"High",50,0.000402923982866978,-0.000943750000000005
"Prop_0.50",80,20,0.05,5e-04,"Low",50,0.000520929923016406,-0.0032125
"Prop_0.50",80,20,0.05,5e-04,"Medium",50,0.000986388550444996,-0.000287499999999994
"Prop_0.50",80,20,0.05,5e-04,"Very Low",50,0.000580148314077125,-0.0049875
"Prop_0.50",80,20,0.05,0.000625,"Extremely Low",50,0.000569348894146028,-0.0036
"Prop_0.50",80,20,0.05,0.000625,"High",50,0.000331436460805116,-0.0006375
"Prop_0.50",80,20,0.05,0.000625,"Low",50,0.00100226942740066,-0.00281250000000001
"Prop_0.50",80,20,0.05,0.000625,"Medium",50,0.000779807341460644,-0.00137499999999999
"Prop_0.50",80,20,0.05,0.000625,"Very Low",50,0.000457373860440543,-0.00361875
"Prop_0.80",20,80,0.000625,5e-04,"Extremely Low",50,0.00295756822768784,0.0059375
"Prop_0.80",20,80,0.000625,5e-04,"High",50,0.00162824073436044,-0.00421875
"Prop_0.80",20,80,0.000625,5e-04,"Low",50,0.00277684313215785,0.0028125
"Prop_0.80",20,80,0.000625,5e-04,"Medium",50,0.00171976431109448,-0.0065625
"Prop_0.80",20,80,0.000625,5e-04,"Very Low",50,0.0031198937874386,0.00125
"Prop_0.80",20,80,8e-04,5e-04,"Extremely Low",50,0.00441964285714286,0.0021875
"Prop_0.80",20,80,8e-04,5e-04,"High",50,0.00119038318089048,-0.0025
"Prop_0.80",20,80,8e-04,5e-04,"Low",50,0.00129464285714286,0.0009375
"Prop_0.80",20,80,8e-04,5e-04,"Medium",50,0.00196682060463488,-0.006875
"Prop_0.80",20,80,8e-04,5e-04,"Very Low",50,0.00251905999636891,0.00125
"Prop_0.80",20,80,8e-04,0.000625,"Extremely Low",50,0.00271698643833981,0.004375
"Prop_0.80",20,80,8e-04,0.000625,"High",50,0.00154904924758013,-0.004375
"Prop_0.80",20,80,8e-04,0.000625,"Low",50,0.00197086964773608,-0.0003125
"Prop_0.80",20,80,8e-04,0.000625,"Medium",50,0.0014833256898068,-0.004375
"Prop_0.80",20,80,8e-04,0.000625,"Very Low",50,0.00261875167429687,-0.0009375
"Prop_0.80",20,80,0.001,5e-04,"Extremely Low",50,0.00202818155207153,0.001875
"Prop_0.80",20,80,0.001,5e-04,"High",50,0.00112960544007857,-0.00265625
"Prop_0.80",20,80,0.001,5e-04,"Low",50,0.00163175597165152,-0.0025
"Prop_0.80",20,80,0.001,5e-04,"Medium",50,0.00145089285714286,-0.00390625
"Prop_0.80",20,80,0.001,5e-04,"Very Low",50,0.00310099196193076,0.0015625
"Prop_0.80",20,80,0.001,0.000625,"Extremely Low",50,0.00239620301791422,0.0040625
"Prop_0.80",20,80,0.001,0.000625,"High",50,0.00124700693959495,-0.00421875
"Prop_0.80",20,80,0.001,0.000625,"Low",50,0.00323899234771733,0.001875
"Prop_0.80",20,80,0.001,0.000625,"Medium",50,0.00100545585978171,-0.00171875
"Prop_0.80",20,80,0.001,0.000625,"Very Low",50,0.00305534618433369,0.00125
"Prop_0.80",20,80,0.01,5e-04,"Extremely Low",50,0.0003125,-0.0003125
"Prop_0.80",20,80,0.01,5e-04,"High",50,0.000625,0.000625
"Prop_0.80",20,80,0.01,5e-04,"Low",50,0.000631345340345132,0
"Prop_0.80",20,80,0.01,5e-04,"Medium",50,0.00161024007114924,0.0021875
"Prop_0.80",20,80,0.01,5e-04,"Very Low",50,0.0003125,-0.0003125
"Prop_0.80",20,80,0.01,0.000625,"Extremely Low",50,0.000437408882639853,-0.000625
"Prop_0.80",20,80,0.01,0.000625,"High",50,0.0003125,0.0003125
"Prop_0.80",20,80,0.01,0.000625,"Low",50,0,0
"Prop_0.80",20,80,0.01,0.000625,"Medium",50,0.000874817765279706,0.00125
"Prop_0.80",20,80,0.01,0.000625,"Very Low",50,0.00168523090073008,0.0015625
"Prop_0.80",20,80,0.05,5e-04,"Extremely Low",50,0.00317435514904128,-0.011875
"Prop_0.80",20,80,0.05,5e-04,"High",50,0.00149553571428571,-0.00296875
"Prop_0.80",20,80,0.05,5e-04,"Low",50,0.000625,-0.000625
"Prop_0.80",20,80,0.05,5e-04,"Medium",50,0.00186967782065821,-0.0034375
"Prop_0.80",20,80,0.05,5e-04,"Very Low",50,0.00154017857142857,-0.00265625
"Prop_0.80",20,80,0.05,0.000625,"Extremely Low",50,0.00388392857142857,-0.0128125
"Prop_0.80",20,80,0.05,0.000625,"High",50,0.00116071428571429,-0.0021875
"Prop_0.80",20,80,0.05,0.000625,"Low",50,0.000704452403484799,0.0003125
"Prop_0.80",20,80,0.05,0.000625,"Medium",50,0.00225479576770971,-0.005625
"Prop_0.80",20,80,0.05,0.000625,"Very Low",50,0.0028383344374521,-0.00140625
"Prop_0.80",50,50,0.000625,5e-04,"Extremely Low",50,0.00113218228863283,-0.0013
"Prop_0.80",50,50,0.000625,5e-04,"High",50,0.000730843795253968,-0.00295
"Prop_0.80",50,50,0.000625,5e-04,"Low",50,0.000550695293354183,-0.000800000000000007
"Prop_0.80",50,50,0.000625,5e-04,"Medium",50,0.00100086697111932,-0.00355000000000001
"Prop_0.80",50,50,0.000625,5e-04,"Very Low",50,0.000800637501097261,-3e-04
"Prop_0.80",50,50,8e-04,5e-04,"Extremely Low",50,0.00100022956548658,-0.00145
"Prop_0.80",50,50,8e-04,5e-04,"High",50,0.000509551623628908,-0.00154999999999999
"Prop_0.80",50,50,8e-04,5e-04,"Low",50,0.000464505442511117,-0.000549999999999999
"Prop_0.80",50,50,8e-04,5e-04,"Medium",50,0.000771924443801837,-0.0018
"Prop_0.80",50,50,8e-04,5e-04,"Very Low",50,0.000814411017927956,0.000499999999999996
"Prop_0.80",50,50,8e-04,0.000625,"Extremely Low",50,0.000794400043159257,-0.000449999999999997
"Prop_0.80",50,50,8e-04,0.000625,"High",50,0.00065932285919196,-0.00217499999999999
"Prop_0.80",50,50,8e-04,0.000625,"Low",50,0.000493271047731989,0.000449999999999999
"Prop_0.80",50,50,8e-04,0.000625,"Medium",50,0.00107012420602775,-0.003425
"Prop_0.80",50,50,8e-04,0.000625,"Very Low",50,0.000657336927864771,0.000449999999999995
"Prop_0.80",50,50,0.001,5e-04,"Extremely Low",50,0.00169428812334206,0.0022
"Prop_0.80",50,50,0.001,5e-04,"High",50,0.000389662334199597,-0.000900000000000005
"Prop_0.80",50,50,0.001,5e-04,"Low",50,0.000334724986110286,9.99999999999979e-05
"Prop_0.80",50,50,0.001,5e-04,"Medium",50,0.000497762852313084,-0.001125
"Prop_0.80",50,50,0.001,5e-04,"Very Low",50,0.000546976849116477,-3e-04
"Prop_0.80",50,50,0.001,0.000625,"Extremely Low",50,0.000811146832375909,-9.99999999999957e-05
"Prop_0.80",50,50,0.001,0.000625,"High",50,0.000575609703368736,-0.0017
"Prop_0.80",50,50,0.001,0.000625,"Low",50,0.000255949612388128,0.000199999999999996
"Prop_0.80",50,50,0.001,0.000625,"Medium",50,0.00067199823857884,-0.0016
"Prop_0.80",50,50,0.001,0.000625,"Very Low",50,0.000508549357466504,0.000450000000000002
"Prop_0.80",50,50,0.01,5e-04,"Extremely Low",50,0.0019328655896764,-0.00875
"Prop_0.80",50,50,0.01,5e-04,"High",50,0.000220041740010707,5.00000000000012e-05
"Prop_0.80",50,50,0.01,5e-04,"Low",50,0.000609616808381483,-0.0023
"Prop_0.80",50,50,0.01,5e-04,"Medium",50,0.000288291943865866,-0.000550000000000004
"Prop_0.80",50,50,0.01,5e-04,"Very Low",50,0.0009368041635349,-0.00285
"Prop_0.80",50,50,0.01,0.000625,"Extremely Low",50,0.00120967612464271,-0.00565
"Prop_0.80",50,50,0.01,0.000625,"High",50,0.000166138619280186,0.000150000000000006
"Prop_0.80",50,50,0.01,0.000625,"Low",50,0.000667857142857142,-0.00227499999999999
"Prop_0.80",50,50,0.01,0.000625,"Medium",50,0.000233539753203884,-0.000450000000000004
"Prop_0.80",50,50,0.01,0.000625,"Very Low",50,0.000695796416390041,-0.00155
"Prop_0.80",50,50,0.05,5e-04,"Extremely Low",50,0.00165775850632899,-0.0153
"Prop_0.80",50,50,0.05,5e-04,"High",50,0.00109220335252429,-0.0044
"Prop_0.80",50,50,0.05,5e-04,"Low",50,0.00190419783314526,-0.01795
"Prop_0.80",50,50,0.05,5e-04,"Medium",50,0.00164715664100291,-0.011975
"Prop_0.80",50,50,0.05,5e-04,"Very Low",50,0.00219332242620781,-0.0153
"Prop_0.80",50,50,0.05,0.000625,"Extremely Low",50,0.00216206864283411,-0.01635
"Prop_0.80",50,50,0.05,0.000625,"High",50,0.000838974106287202,-0.0049
"Prop_0.80",50,50,0.05,0.000625,"Low",50,0.00167277113357032,-0.0142
"Prop_0.80",50,50,0.05,0.000625,"Medium",50,0.00180363861261007,-0.01085
"Prop_0.80",50,50,0.05,0.000625,"Very Low",50,0.00244882312425327,-0.01915
"Prop_0.80",80,20,0.000625,5e-04,"Extremely Low",50,0.000512884611099276,-0.00037109375
"Prop_0.80",80,20,0.000625,5e-04,"High",50,0.000195437021848799,-0.000537109375
"Prop_0.80",80,20,0.000625,5e-04,"Low",50,0.000219982180183337,0.0004296875
"Prop_0.80",80,20,0.000625,5e-04,"Medium",50,0.000437019373302946,-0.000869140625
"Prop_0.80",80,20,0.000625,5e-04,"Very Low",50,0.000355832557297541,0.0001171875
"Prop_0.80",80,20,8e-04,5e-04,"Extremely Low",50,0.000548190211943067,0.00013671875
"Prop_0.80",80,20,8e-04,5e-04,"High",50,0.000263893224833307,-0.000615234375
"Prop_0.80",80,20,8e-04,5e-04,"Low",50,0.000203147228228431,-0.00013671875
"Prop_0.80",80,20,8e-04,5e-04,"Medium",50,0.000381714376666578,-0.000546875
"Prop_0.80",80,20,8e-04,5e-04,"Very Low",50,0.000344945523672446,7.8125e-05
"Prop_0.80",80,20,8e-04,0.000625,"Extremely Low",50,0.000524048721722664,-0.000625
"Prop_0.80",80,20,8e-04,0.000625,"High",50,0.000435875548776306,-0.00125
"Prop_0.80",80,20,8e-04,0.000625,"Low",50,0.000193309241916169,0.0001953125
"Prop_0.80",80,20,8e-04,0.000625,"Medium",50,0.000443201664107842,-0.000732421875
"Prop_0.80",80,20,8e-04,0.000625,"Very Low",50,0.000292649698721033,-0.00013671875
"Prop_0.80",80,20,0.001,5e-04,"Extremely Low",50,0.000346252054854656,-0.0001953125
"Prop_0.80",80,20,0.001,5e-04,"High",50,9.23713468596364e-05,-3.90625e-05
"Prop_0.80",80,20,0.001,5e-04,"Low",50,0.000259291521327878,-0.00015625
"Prop_0.80",80,20,0.001,5e-04,"Medium",50,0.000312001355993178,-0.0002734375
"Prop_0.80",80,20,0.001,5e-04,"Very Low",50,0.000239955357142857,3.90625e-05
"Prop_0.80",80,20,0.001,0.000625,"Extremely Low",50,0.000380365919373928,-7.8125e-05
"Prop_0.80",80,20,0.001,0.000625,"High",50,0.000200140619473353,-0.000361328125
"Prop_0.80",80,20,0.001,0.000625,"Low",50,0.000174157215784902,-3.90625e-05
"Prop_0.80",80,20,0.001,0.000625,"Medium",50,0.000167463021962131,-0.000205078125
"Prop_0.80",80,20,0.001,0.000625,"Very Low",50,0.000191203590390757,3.90625e-05
"Prop_0.80",80,20,0.01,5e-04,"Extremely Low",50,0.000443146768255262,-0.00107421875
"Prop_0.80",80,20,0.01,5e-04,"High",50,1.953125e-05,1.953125e-05
"Prop_0.80",80,20,0.01,5e-04,"Low",50,0.000584642289242384,-0.003681640625
"Prop_0.80",80,20,0.01,5e-04,"Medium",50,0.000125558035714286,-0.00029296875
"Prop_0.80",80,20,0.01,5e-04,"Very Low",50,0.000981111852317061,-0.005546875
"Prop_0.80",80,20,0.01,0.000625,"Extremely Low",50,0.000557205017870059,-0.00123046875
"Prop_0.80",80,20,0.01,0.000625,"High",50,6.39310225300759e-05,9.765625e-05
"Prop_0.80",80,20,0.01,0.000625,"Low",50,0.000628186878631045,-0.00330078125
"Prop_0.80",80,20,0.01,0.000625,"Medium",50,0.00010981399918613,1.953125e-05
"Prop_0.80",80,20,0.01,0.000625,"Very Low",50,0.000797039306602836,-0.00501953125
"Prop_0.80",80,20,0.05,5e-04,"Extremely Low",50,0.000571380613221884,-0.001796875
"Prop_0.80",80,20,0.05,5e-04,"High",50,0.000814150249714714,-0.004306640625
"Prop_0.80",80,20,0.05,5e-04,"Low",50,0.000905050666638986,-0.00640625
"Prop_0.80",80,20,0.05,5e-04,"Medium",50,0.00153866142279953,-0.0114453125
"Prop_0.80",80,20,0.05,5e-04,"Very Low",50,0.000813948222422702,-0.00341796875
"Prop_0.80",80,20,0.05,0.000625,"Extremely Low",50,0.000402685701478094,-0.00119140625
"Prop_0.80",80,20,0.05,0.000625,"High",50,0.000626643608233321,-0.003251953125
"Prop_0.80",80,20,0.05,0.000625,"Low",50,0.000703706047120066,-0.00626953125
"Prop_0.80",80,20,0.05,0.000625,"Medium",50,0.00138969660863174,-0.00923828125
"Prop_0.80",80,20,0.05,0.000625,"Very Low",50,0.000967854189227257,-0.0041015625
