"Cell_range","Type","Pattern","k","Fraction","Method","n","AUC_se","AUC"
".025_Count_Bal_1","Balanced",NA,1,0.025,"DiD Baseline",100,0.00380258111539324,0.890892857142857
".025_Count_Bal_1","Balanced",NA,1,0.025,"MIMOSA2",100,0.00293828169944696,0.938214285714286
".025_Count_Bal_2","Balanced",NA,2,0.025,"DiD Baseline",100,0.00412856941471035,0.869496527777778
".025_Count_Bal_2","Balanced",NA,2,0.025,"MIMOSA2",100,0.00329082800543322,0.928633432539683
".025_Count_Bal_3","Balanced",NA,3,0.025,"DiD Baseline",100,0.00436534055396334,0.852405753968254
".025_Count_Bal_3","Balanced",NA,3,0.025,"MIMOSA2",100,0.00337270071750575,0.918164682539683
".025_Count_Imb_s0","Imbalanced","s0",1,0.025,"DiD Baseline",100,0.00559795106057917,0.726934523809524
".025_Count_Imb_s0","Imbalanced","s0",1,0.025,"MIMOSA2",100,0.00515602403804529,0.855808531746032
".025_Count_Imb_s0_u0","Imbalanced","s0_u0",2,0.025,"DiD Baseline",100,0.0051978584387762,0.774389880952381
".025_Count_Imb_s0_u0","Imbalanced","s0_u0",2,0.025,"MIMOSA2",100,0.00550637425019497,0.854605654761905
".025_Count_Imb_s0_u1","Imbalanced","s0_u1",2,0.025,"DiD Baseline",100,0.00585235239042763,0.669965277777778
".025_Count_Imb_s0_u1","Imbalanced","s0_u1",2,0.025,"MIMOSA2",100,0.00551080879093857,0.831731150793651
".025_Count_Imb_s1","Imbalanced","s1",1,0.025,"DiD Baseline",100,0.00532873221862932,0.767197420634921
".025_Count_Imb_s1","Imbalanced","s1",1,0.025,"MIMOSA2",100,0.00538594566059229,0.808844246031746
".025_Count_Imb_s1_s0","Imbalanced","s1_s0",2,0.025,"DiD Baseline",100,0.00570089581051385,0.68171626984127
".025_Count_Imb_s1_s0","Imbalanced","s1_s0",2,0.025,"MIMOSA2",100,0.00603181632557476,0.773621031746032
".025_Count_Imb_s1_u0","Imbalanced","s1_u0",2,0.025,"DiD Baseline",100,0.00518402791585083,0.757681051587302
".025_Count_Imb_s1_u0","Imbalanced","s1_u0",2,0.025,"MIMOSA2",100,0.00545051598439765,0.793794642857143
".025_Count_Imb_s1_u0_s0","Imbalanced","s1_u0_s0",3,0.025,"DiD Baseline",100,0.00577353981456063,0.724461805555556
".025_Count_Imb_s1_u0_s0","Imbalanced","s1_u0_s0",3,0.025,"MIMOSA2",100,0.00624469033116548,0.752621527777778
".025_Count_Imb_s1_u1","Imbalanced","s1_u1",2,0.025,"DiD Baseline",100,0.00622777414982629,0.688415178571429
".025_Count_Imb_s1_u1","Imbalanced","s1_u1",2,0.025,"MIMOSA2",100,0.00565992415046999,0.776646825396825
".025_Count_Imb_s1_u1_s0","Imbalanced","s1_u1_s0",3,0.025,"DiD Baseline",100,0.00604330710509844,0.593816964285714
".025_Count_Imb_s1_u1_s0","Imbalanced","s1_u1_s0",3,0.025,"MIMOSA2",100,0.00675746313743314,0.743055555555556
".025_Count_Imb_s1_u1_u0","Imbalanced","s1_u1_u0",3,0.025,"DiD Baseline",100,0.00510029645633261,0.740741567460317
".025_Count_Imb_s1_u1_u0","Imbalanced","s1_u1_u0",3,0.025,"MIMOSA2",100,0.00548997585530148,0.789159226190476
".025_Count_Imb_u0","Imbalanced","u0",1,0.025,"DiD Baseline",100,0.00351200521659194,0.871354166666667
".025_Count_Imb_u0","Imbalanced","u0",1,0.025,"MIMOSA2",100,0.00331655535854811,0.906842757936508
".025_Count_Imb_u1","Imbalanced","u1",1,0.025,"DiD Baseline",100,0.00435829935471355,0.796354166666667
".025_Count_Imb_u1","Imbalanced","u1",1,0.025,"MIMOSA2",100,0.00417673150492486,0.892824900793651
".025_Count_Imb_u1_u0","Imbalanced","u1_u0",2,0.025,"DiD Baseline",100,0.00481859929511824,0.796624503968254
".025_Count_Imb_u1_u0","Imbalanced","u1_u0",2,0.025,"MIMOSA2",100,0.00469131452691301,0.878851686507937
".025_Count_Imb_u1_u0_s0","Imbalanced","u1_u0_s0",3,0.025,"DiD Baseline",100,0.00558111550772163,0.671535218253968
".025_Count_Imb_u1_u0_s0","Imbalanced","u1_u0_s0",3,0.025,"MIMOSA2",100,0.00501873679471021,0.835592757936508
".050_Count_Bal_1","Balanced",NA,1,0.05,"DiD Baseline",100,0.00390382713919127,0.888824404761905
".050_Count_Bal_1","Balanced",NA,1,0.05,"MIMOSA2",100,0.0035128543136714,0.935292658730159
".050_Count_Bal_2","Balanced",NA,2,0.05,"DiD Baseline",100,0.00432179290551494,0.87547123015873
".050_Count_Bal_2","Balanced",NA,2,0.05,"MIMOSA2",100,0.00352201324734375,0.923988095238095
".050_Count_Bal_3","Balanced",NA,3,0.05,"DiD Baseline",100,0.00447923408213207,0.840887896825397
".050_Count_Bal_3","Balanced",NA,3,0.05,"MIMOSA2",100,0.00390408935398958,0.909263392857143
".050_Count_Imb_s0","Imbalanced","s0",1,0.05,"DiD Baseline",100,0.00517924140914982,0.776577380952381
".050_Count_Imb_s0","Imbalanced","s0",1,0.05,"MIMOSA2",100,0.00474474217772385,0.890518353174603
".050_Count_Imb_s0_u0","Imbalanced","s0_u0",2,0.05,"DiD Baseline",100,0.0046946525798623,0.813204365079365
".050_Count_Imb_s0_u0","Imbalanced","s0_u0",2,0.05,"MIMOSA2",100,0.00464536528950982,0.879310515873016
".050_Count_Imb_s0_u1","Imbalanced","s0_u1",2,0.05,"DiD Baseline",100,0.00479995767395939,0.723648313492063
".050_Count_Imb_s0_u1","Imbalanced","s0_u1",2,0.05,"MIMOSA2",100,0.00444235631782489,0.861272321428571
".050_Count_Imb_s1","Imbalanced","s1",1,0.05,"DiD Baseline",100,0.00445542919260686,0.800178571428571
".050_Count_Imb_s1","Imbalanced","s1",1,0.05,"MIMOSA2",100,0.00432125787871463,0.849367559523809
".050_Count_Imb_s1_s0","Imbalanced","s1_s0",2,0.05,"DiD Baseline",100,0.00542530408804631,0.742787698412698
".050_Count_Imb_s1_s0","Imbalanced","s1_s0",2,0.05,"MIMOSA2",100,0.00511822240478231,0.821599702380952
".050_Count_Imb_s1_u0","Imbalanced","s1_u0",2,0.05,"DiD Baseline",100,0.00502503152725641,0.802772817460317
".050_Count_Imb_s1_u0","Imbalanced","s1_u0",2,0.05,"MIMOSA2",100,0.00536464916565435,0.843132440476191
".050_Count_Imb_s1_u0_s0","Imbalanced","s1_u0_s0",3,0.05,"DiD Baseline",100,0.00590445979773283,0.772217261904762
".050_Count_Imb_s1_u0_s0","Imbalanced","s1_u0_s0",3,0.05,"MIMOSA2",100,0.00534573871316613,0.818050595238095
".050_Count_Imb_s1_u1","Imbalanced","s1_u1",2,0.05,"DiD Baseline",100,0.00542832850444234,0.744437003968254
".050_Count_Imb_s1_u1","Imbalanced","s1_u1",2,0.05,"MIMOSA2",100,0.00549698542396246,0.830567956349206
".050_Count_Imb_s1_u1_s0","Imbalanced","s1_u1_s0",3,0.05,"DiD Baseline",100,0.00612470394541754,0.688179563492064
".050_Count_Imb_s1_u1_s0","Imbalanced","s1_u1_s0",3,0.05,"MIMOSA2",100,0.00575020732428687,0.808886408730159
".050_Count_Imb_s1_u1_u0","Imbalanced","s1_u1_u0",3,0.05,"DiD Baseline",100,0.00524491477020688,0.756800595238095
".050_Count_Imb_s1_u1_u0","Imbalanced","s1_u1_u0",3,0.05,"MIMOSA2",100,0.00514300383960994,0.82562996031746
".050_Count_Imb_u0","Imbalanced","u0",1,0.05,"DiD Baseline",100,0.00339888699872884,0.886041666666667
".050_Count_Imb_u0","Imbalanced","u0",1,0.05,"MIMOSA2",100,0.00337732402776233,0.924248511904762
".050_Count_Imb_u1","Imbalanced","u1",1,0.05,"DiD Baseline",100,0.00443584097930651,0.821602182539683
".050_Count_Imb_u1","Imbalanced","u1",1,0.05,"MIMOSA2",100,0.0037505755164294,0.908762400793651
".050_Count_Imb_u1_u0","Imbalanced","u1_u0",2,0.05,"DiD Baseline",100,0.00467045228251126,0.836989087301587
".050_Count_Imb_u1_u0","Imbalanced","u1_u0",2,0.05,"MIMOSA2",100,0.00406675057819001,0.905639880952381
".050_Count_Imb_u1_u0_s0","Imbalanced","u1_u0_s0",3,0.05,"DiD Baseline",100,0.00526656042459987,0.745220734126984
".050_Count_Imb_u1_u0_s0","Imbalanced","u1_u0_s0",3,0.05,"MIMOSA2",100,0.00467787450839168,0.866731150793651
".10_Count_Bal_1","Balanced",NA,1,0.1,"DiD Baseline",100,0.00355243990688801,0.896277281746032
".10_Count_Bal_1","Balanced",NA,1,0.1,"MIMOSA2",100,0.00332272365661151,0.936636904761905
".10_Count_Bal_2","Balanced",NA,2,0.1,"DiD Baseline",100,0.00416981637529517,0.87921626984127
".10_Count_Bal_2","Balanced",NA,2,0.1,"MIMOSA2",100,0.0034097913757633,0.928221726190476
".10_Count_Bal_3","Balanced",NA,3,0.1,"DiD Baseline",100,0.0048163443334487,0.850257936507936
".10_Count_Bal_3","Balanced",NA,3,0.1,"MIMOSA2",100,0.00429923283918576,0.915984623015873
".10_Count_Imb_s0","Imbalanced","s0",1,0.1,"DiD Baseline",100,0.00420706880206173,0.822361111111111
".10_Count_Imb_s0","Imbalanced","s0",1,0.1,"MIMOSA2",100,0.00410107076608859,0.897991071428571
".10_Count_Imb_s0_u0","Imbalanced","s0_u0",2,0.1,"DiD Baseline",100,0.00481131765939968,0.851842757936508
".10_Count_Imb_s0_u0","Imbalanced","s0_u0",2,0.1,"MIMOSA2",100,0.00413799575902033,0.907080853174603
".10_Count_Imb_s0_u1","Imbalanced","s0_u1",2,0.1,"DiD Baseline",100,0.00468450580719905,0.793789682539683
".10_Count_Imb_s0_u1","Imbalanced","s0_u1",2,0.1,"MIMOSA2",100,0.00393520137691898,0.895726686507937
".10_Count_Imb_s1","Imbalanced","s1",1,0.1,"DiD Baseline",100,0.00464362204571082,0.844074900793651
".10_Count_Imb_s1","Imbalanced","s1",1,0.1,"MIMOSA2",100,0.004026952786287,0.89468005952381
".10_Count_Imb_s1_s0","Imbalanced","s1_s0",2,0.1,"DiD Baseline",100,0.00448607034612627,0.800768849206349
".10_Count_Imb_s1_s0","Imbalanced","s1_s0",2,0.1,"MIMOSA2",100,0.0047882053403993,0.866688988095238
".10_Count_Imb_s1_u0","Imbalanced","s1_u0",2,0.1,"DiD Baseline",100,0.00496221476961746,0.83828869047619
".10_Count_Imb_s1_u0","Imbalanced","s1_u0",2,0.1,"MIMOSA2",100,0.00480745927809218,0.879734623015873
".10_Count_Imb_s1_u0_s0","Imbalanced","s1_u0_s0",3,0.1,"DiD Baseline",100,0.00478939973801795,0.815642361111111
".10_Count_Imb_s1_u0_s0","Imbalanced","s1_u0_s0",3,0.1,"MIMOSA2",100,0.00436828815787585,0.865138888888889
".10_Count_Imb_s1_u1","Imbalanced","s1_u1",2,0.1,"DiD Baseline",100,0.00488307902369775,0.795195932539683
".10_Count_Imb_s1_u1","Imbalanced","s1_u1",2,0.1,"MIMOSA2",100,0.00481931875192208,0.871897321428571
".10_Count_Imb_s1_u1_s0","Imbalanced","s1_u1_s0",3,0.1,"DiD Baseline",100,0.00571743164972945,0.745044642857143
".10_Count_Imb_s1_u1_s0","Imbalanced","s1_u1_s0",3,0.1,"MIMOSA2",100,0.00438149636936967,0.856483134920635
".10_Count_Imb_s1_u1_u0","Imbalanced","s1_u1_u0",3,0.1,"DiD Baseline",100,0.00502127487749978,0.816061507936508
".10_Count_Imb_s1_u1_u0","Imbalanced","s1_u1_u0",3,0.1,"MIMOSA2",100,0.00406543884322301,0.875644841269841
".10_Count_Imb_u0","Imbalanced","u0",1,0.1,"DiD Baseline",100,0.00461563880743579,0.892857142857143
".10_Count_Imb_u0","Imbalanced","u0",1,0.1,"MIMOSA2",100,0.00369143204538124,0.933802083333333
".10_Count_Imb_u1","Imbalanced","u1",1,0.1,"DiD Baseline",100,0.00454035866057495,0.852606646825397
".10_Count_Imb_u1","Imbalanced","u1",1,0.1,"MIMOSA2",100,0.00340963969249356,0.921063988095238
".10_Count_Imb_u1_u0","Imbalanced","u1_u0",2,0.1,"DiD Baseline",100,0.00416478807318662,0.86234871031746
".10_Count_Imb_u1_u0","Imbalanced","u1_u0",2,0.1,"MIMOSA2",100,0.00309962192010491,0.915753968253968
".10_Count_Imb_u1_u0_s0","Imbalanced","u1_u0_s0",3,0.1,"DiD Baseline",100,0.00481842197377607,0.81249503968254
".10_Count_Imb_u1_u0_s0","Imbalanced","u1_u0_s0",3,0.1,"MIMOSA2",100,0.00409157860839635,0.894618055555556
".25_Count_Bal_1","Balanced",NA,1,0.25,"DiD Baseline",100,0.00339169341202447,0.897728174603175
".25_Count_Bal_1","Balanced",NA,1,0.25,"MIMOSA2",100,0.00288357085261972,0.940562996031746
".25_Count_Bal_2","Balanced",NA,2,0.25,"DiD Baseline",100,0.00419117170211529,0.878603670634921
".25_Count_Bal_2","Balanced",NA,2,0.25,"MIMOSA2",100,0.00328841741387649,0.930081845238095
".25_Count_Bal_3","Balanced",NA,3,0.25,"DiD Baseline",100,0.00399308975698314,0.865208333333333
".25_Count_Bal_3","Balanced",NA,3,0.25,"MIMOSA2",100,0.00315217168040193,0.928067956349206
".25_Count_Imb_s0","Imbalanced","s0",1,0.25,"DiD Baseline",100,0.00355249273591711,0.866145833333333
".25_Count_Imb_s0","Imbalanced","s0",1,0.25,"MIMOSA2",100,0.00326879758111122,0.924439484126984
".25_Count_Imb_s0_u0","Imbalanced","s0_u0",2,0.25,"DiD Baseline",100,0.00425532406828028,0.875210813492064
".25_Count_Imb_s0_u0","Imbalanced","s0_u0",2,0.25,"MIMOSA2",100,0.00407854299737613,0.923759920634921
".25_Count_Imb_s0_u1","Imbalanced","s0_u1",2,0.25,"DiD Baseline",100,0.00378988940247746,0.856292162698413
".25_Count_Imb_s0_u1","Imbalanced","s0_u1",2,0.25,"MIMOSA2",100,0.00339066921253243,0.923948412698413
".25_Count_Imb_s1","Imbalanced","s1",1,0.25,"DiD Baseline",100,0.00414512536318656,0.870830853174603
".25_Count_Imb_s1","Imbalanced","s1",1,0.25,"MIMOSA2",100,0.00356128437082604,0.92327628968254
".25_Count_Imb_s1_s0","Imbalanced","s1_s0",2,0.25,"DiD Baseline",100,0.00405464841089508,0.851617063492063
".25_Count_Imb_s1_s0","Imbalanced","s1_s0",2,0.25,"MIMOSA2",100,0.00354322694827786,0.908142361111111
".25_Count_Imb_s1_u0","Imbalanced","s1_u0",2,0.25,"DiD Baseline",100,0.00403812122183147,0.868494543650794
".25_Count_Imb_s1_u0","Imbalanced","s1_u0",2,0.25,"MIMOSA2",100,0.00390658579516199,0.913191964285714
".25_Count_Imb_s1_u0_s0","Imbalanced","s1_u0_s0",3,0.25,"DiD Baseline",100,0.00445002362045197,0.863308531746032
".25_Count_Imb_s1_u0_s0","Imbalanced","s1_u0_s0",3,0.25,"MIMOSA2",100,0.0039728437646439,0.911044146825397
".25_Count_Imb_s1_u1","Imbalanced","s1_u1",2,0.25,"DiD Baseline",100,0.00399656932606536,0.855811011904762
".25_Count_Imb_s1_u1","Imbalanced","s1_u1",2,0.25,"MIMOSA2",100,0.00339143718046166,0.913782242063492
".25_Count_Imb_s1_u1_s0","Imbalanced","s1_u1_s0",3,0.25,"DiD Baseline",100,0.00463615811760641,0.81922371031746
".25_Count_Imb_s1_u1_s0","Imbalanced","s1_u1_s0",3,0.25,"MIMOSA2",100,0.00398707641569505,0.899290674603175
".25_Count_Imb_s1_u1_u0","Imbalanced","s1_u1_u0",3,0.25,"DiD Baseline",100,0.0042653734810839,0.85858878968254
".25_Count_Imb_s1_u1_u0","Imbalanced","s1_u1_u0",3,0.25,"MIMOSA2",100,0.00399333208391226,0.910798611111111
".25_Count_Imb_u0","Imbalanced","u0",1,0.25,"DiD Baseline",100,0.00408734903857731,0.897770337301587
".25_Count_Imb_u0","Imbalanced","u0",1,0.25,"MIMOSA2",100,0.00352293861950031,0.935493551587302
".25_Count_Imb_u1","Imbalanced","u1",1,0.25,"DiD Baseline",100,0.00402762594278736,0.88186755952381
".25_Count_Imb_u1","Imbalanced","u1",1,0.25,"MIMOSA2",100,0.00365456007603099,0.934305555555556
".25_Count_Imb_u1_u0","Imbalanced","u1_u0",2,0.25,"DiD Baseline",100,0.00377921160599132,0.884627976190476
".25_Count_Imb_u1_u0","Imbalanced","u1_u0",2,0.25,"MIMOSA2",100,0.00328358949304831,0.931393849206349
".25_Count_Imb_u1_u0_s0","Imbalanced","u1_u0_s0",3,0.25,"DiD Baseline",100,0.00396602191007361,0.861540178571429
".25_Count_Imb_u1_u0_s0","Imbalanced","u1_u0_s0",3,0.25,"MIMOSA2",100,0.00299967265571667,0.923053075396825
".50_Count_Bal_1","Balanced",NA,1,0.5,"DiD Baseline",100,0.00361726918663062,0.896292162698413
".50_Count_Bal_1","Balanced",NA,1,0.5,"MIMOSA2",100,0.00342060571823822,0.941001984126984
".50_Count_Bal_2","Balanced",NA,2,0.5,"DiD Baseline",100,0.00320617599796651,0.895009920634921
".50_Count_Bal_2","Balanced",NA,2,0.5,"MIMOSA2",100,0.00364942199441305,0.934742063492063
".50_Count_Bal_3","Balanced",NA,3,0.5,"DiD Baseline",100,0.0038538969117931,0.876961805555556
".50_Count_Bal_3","Balanced",NA,3,0.5,"MIMOSA2",100,0.0034392263906011,0.926790674603175
".50_Count_Imb_s0","Imbalanced","s0",1,0.5,"DiD Baseline",100,0.00387203565550073,0.88421378968254
".50_Count_Imb_s0","Imbalanced","s0",1,0.5,"MIMOSA2",100,0.00307920214918439,0.93156746031746
".50_Count_Imb_s0_u0","Imbalanced","s0_u0",2,0.5,"DiD Baseline",100,0.00417981188766479,0.889573412698413
".50_Count_Imb_s0_u0","Imbalanced","s0_u0",2,0.5,"MIMOSA2",100,0.00349609301759175,0.937919146825397
".50_Count_Imb_s0_u1","Imbalanced","s0_u1",2,0.5,"DiD Baseline",100,0.00414862725882837,0.875257936507936
".50_Count_Imb_s0_u1","Imbalanced","s0_u1",2,0.5,"MIMOSA2",100,0.0033361350096701,0.930208333333333
".50_Count_Imb_s1","Imbalanced","s1",1,0.5,"DiD Baseline",100,0.00411417378119688,0.88625744047619
".50_Count_Imb_s1","Imbalanced","s1",1,0.5,"MIMOSA2",100,0.0037231384914677,0.937075892857143
".50_Count_Imb_s1_s0","Imbalanced","s1_s0",2,0.5,"DiD Baseline",100,0.00440653829258979,0.872690972222222
".50_Count_Imb_s1_s0","Imbalanced","s1_s0",2,0.5,"MIMOSA2",100,0.00387024925916893,0.927624007936508
".50_Count_Imb_s1_u0","Imbalanced","s1_u0",2,0.5,"DiD Baseline",100,0.00380968940916832,0.895503472222222
".50_Count_Imb_s1_u0","Imbalanced","s1_u0",2,0.5,"MIMOSA2",100,0.0034030885412001,0.935545634920635
".50_Count_Imb_s1_u0_s0","Imbalanced","s1_u0_s0",3,0.5,"DiD Baseline",100,0.00428689321814993,0.882700892857143
".50_Count_Imb_s1_u0_s0","Imbalanced","s1_u0_s0",3,0.5,"MIMOSA2",100,0.00354846942099525,0.926470734126984
".50_Count_Imb_s1_u1","Imbalanced","s1_u1",2,0.5,"DiD Baseline",100,0.00419675624968884,0.878968253968254
".50_Count_Imb_s1_u1","Imbalanced","s1_u1",2,0.5,"MIMOSA2",100,0.00344479027750034,0.931235119047619
".50_Count_Imb_s1_u1_s0","Imbalanced","s1_u1_s0",3,0.5,"DiD Baseline",100,0.00410511685817331,0.874866071428571
".50_Count_Imb_s1_u1_s0","Imbalanced","s1_u1_s0",3,0.5,"MIMOSA2",100,0.0035789566594815,0.930099206349206
".50_Count_Imb_s1_u1_u0","Imbalanced","s1_u1_u0",3,0.5,"DiD Baseline",100,0.00435461236447235,0.882576884920635
".50_Count_Imb_s1_u1_u0","Imbalanced","s1_u1_u0",3,0.5,"MIMOSA2",100,0.00381658251090632,0.929724702380952
".50_Count_Imb_u0","Imbalanced","u0",1,0.5,"DiD Baseline",100,0.0040551381575549,0.89578621031746
".50_Count_Imb_u0","Imbalanced","u0",1,0.5,"MIMOSA2",100,0.00344817377403027,0.937881944444444
".50_Count_Imb_u1","Imbalanced","u1",1,0.5,"DiD Baseline",100,0.00363766290858806,0.89344494047619
".50_Count_Imb_u1","Imbalanced","u1",1,0.5,"MIMOSA2",100,0.00313870822148669,0.942631448412698
".50_Count_Imb_u1_u0","Imbalanced","u1_u0",2,0.5,"DiD Baseline",100,0.00386602299258466,0.887576884920635
".50_Count_Imb_u1_u0","Imbalanced","u1_u0",2,0.5,"MIMOSA2",100,0.00314712559553707,0.933010912698413
".50_Count_Imb_u1_u0_s0","Imbalanced","u1_u0_s0",3,0.5,"DiD Baseline",100,0.00380175785443744,0.884947916666667
".50_Count_Imb_u1_u0_s0","Imbalanced","u1_u0_s0",3,0.5,"MIMOSA2",100,0.00291842859078808,0.93687251984127
".75_Count_Bal_1","Balanced",NA,1,0.75,"DiD Baseline",100,0.00390178394859896,0.895669642857143
".75_Count_Bal_1","Balanced",NA,1,0.75,"MIMOSA2",100,0.00359511867543966,0.935734126984127
".75_Count_Bal_2","Balanced",NA,2,0.75,"DiD Baseline",100,0.00425060223247256,0.894980158730159
".75_Count_Bal_2","Balanced",NA,2,0.75,"MIMOSA2",100,0.00346347570580154,0.940900297619048
".75_Count_Bal_3","Balanced",NA,3,0.75,"DiD Baseline",100,0.00364617613060967,0.889724702380952
".75_Count_Bal_3","Balanced",NA,3,0.75,"MIMOSA2",100,0.0030676048805996,0.935327380952381
".75_Count_Imb_s0","Imbalanced","s0",1,0.75,"DiD Baseline",100,0.00321636749664582,0.89624503968254
".75_Count_Imb_s0","Imbalanced","s0",1,0.75,"MIMOSA2",100,0.00286476640308597,0.942366071428571
".75_Count_Imb_s0_u0","Imbalanced","s0_u0",2,0.75,"DiD Baseline",100,0.00403029253910233,0.897336309523809
".75_Count_Imb_s0_u0","Imbalanced","s0_u0",2,0.75,"MIMOSA2",100,0.00303543542492856,0.940555555555556
".75_Count_Imb_s0_u1","Imbalanced","s0_u1",2,0.75,"DiD Baseline",100,0.00332290693451227,0.898559027777778
".75_Count_Imb_s0_u1","Imbalanced","s0_u1",2,0.75,"MIMOSA2",100,0.00293479597010588,0.941163194444444
".75_Count_Imb_s1","Imbalanced","s1",1,0.75,"DiD Baseline",100,0.00357544130025891,0.892127976190476
".75_Count_Imb_s1","Imbalanced","s1",1,0.75,"MIMOSA2",100,0.00309981999253693,0.938692956349206
".75_Count_Imb_s1_s0","Imbalanced","s1_s0",2,0.75,"DiD Baseline",100,0.004108336229146,0.883710317460317
".75_Count_Imb_s1_s0","Imbalanced","s1_s0",2,0.75,"MIMOSA2",100,0.00328939677155965,0.935441468253968
".75_Count_Imb_s1_u0","Imbalanced","s1_u0",2,0.75,"DiD Baseline",100,0.00439711303756787,0.891803075396825
".75_Count_Imb_s1_u0","Imbalanced","s1_u0",2,0.75,"MIMOSA2",100,0.00351952135760194,0.936004464285714
".75_Count_Imb_s1_u0_s0","Imbalanced","s1_u0_s0",3,0.75,"DiD Baseline",100,0.0045518681670264,0.883303571428571
".75_Count_Imb_s1_u0_s0","Imbalanced","s1_u0_s0",3,0.75,"MIMOSA2",100,0.00366752409411984,0.931994047619048
".75_Count_Imb_s1_u1","Imbalanced","s1_u1",2,0.75,"DiD Baseline",100,0.00349360275433764,0.899796626984127
".75_Count_Imb_s1_u1","Imbalanced","s1_u1",2,0.75,"MIMOSA2",100,0.00331272566349138,0.942269345238095
".75_Count_Imb_s1_u1_s0","Imbalanced","s1_u1_s0",3,0.75,"DiD Baseline",100,0.00367399595033236,0.890302579365079
".75_Count_Imb_s1_u1_s0","Imbalanced","s1_u1_s0",3,0.75,"MIMOSA2",100,0.00308508424940139,0.939325396825397
".75_Count_Imb_s1_u1_u0","Imbalanced","s1_u1_u0",3,0.75,"DiD Baseline",100,0.00371335384463902,0.891426091269841
".75_Count_Imb_s1_u1_u0","Imbalanced","s1_u1_u0",3,0.75,"MIMOSA2",100,0.00368867310938286,0.933229166666667
".75_Count_Imb_u0","Imbalanced","u0",1,0.75,"DiD Baseline",100,0.00331385180236628,0.90140128968254
".75_Count_Imb_u0","Imbalanced","u0",1,0.75,"MIMOSA2",100,0.002815744078164,0.941309523809524
".75_Count_Imb_u1","Imbalanced","u1",1,0.75,"DiD Baseline",100,0.00392695450731103,0.902723214285714
".75_Count_Imb_u1","Imbalanced","u1",1,0.75,"MIMOSA2",100,0.00363577564404975,0.942673611111111
".75_Count_Imb_u1_u0","Imbalanced","u1_u0",2,0.75,"DiD Baseline",100,0.00364835020999271,0.901728670634921
".75_Count_Imb_u1_u0","Imbalanced","u1_u0",2,0.75,"MIMOSA2",100,0.0028349358374664,0.946187996031746
".75_Count_Imb_u1_u0_s0","Imbalanced","u1_u0_s0",3,0.75,"DiD Baseline",100,0.00393306599565634,0.893705357142857
".75_Count_Imb_u1_u0_s0","Imbalanced","u1_u0_s0",3,0.75,"MIMOSA2",100,0.00316541001759391,0.936927083333333
".90_Count_Bal_1","Balanced",NA,1,0.9,"DiD Baseline",100,0.00412982244010102,0.896195436507937
".90_Count_Bal_1","Balanced",NA,1,0.9,"MIMOSA2",100,0.00351695627633744,0.942410714285714
".90_Count_Bal_2","Balanced",NA,2,0.9,"DiD Baseline",100,0.00315810455098119,0.904657738095238
".90_Count_Bal_2","Balanced",NA,2,0.9,"MIMOSA2",100,0.00274555328691436,0.948447420634921
".90_Count_Bal_3","Balanced",NA,3,0.9,"DiD Baseline",100,0.0036800755079587,0.895870535714286
".90_Count_Bal_3","Balanced",NA,3,0.9,"MIMOSA2",100,0.00336470582679093,0.937943948412698
".90_Count_Imb_s0","Imbalanced","s0",1,0.9,"DiD Baseline",100,0.00392374127856693,0.899112103174603
".90_Count_Imb_s0","Imbalanced","s0",1,0.9,"MIMOSA2",100,0.00357304810138963,0.942023809523809
".90_Count_Imb_s0_u0","Imbalanced","s0_u0",2,0.9,"DiD Baseline",100,0.00367903820594526,0.893035714285714
".90_Count_Imb_s0_u0","Imbalanced","s0_u0",2,0.9,"MIMOSA2",100,0.0030147194917941,0.94172619047619
".90_Count_Imb_s0_u1","Imbalanced","s0_u1",2,0.9,"DiD Baseline",100,0.00342600132625976,0.895419146825397
".90_Count_Imb_s0_u1","Imbalanced","s0_u1",2,0.9,"MIMOSA2",100,0.00286583458097378,0.938678075396825
".90_Count_Imb_s1","Imbalanced","s1",1,0.9,"DiD Baseline",100,0.00378916141835875,0.895726686507937
".90_Count_Imb_s1","Imbalanced","s1",1,0.9,"MIMOSA2",100,0.00362284136016132,0.940396825396825
".90_Count_Imb_s1_s0","Imbalanced","s1_s0",2,0.9,"DiD Baseline",100,0.00387738627676438,0.899159226190476
".90_Count_Imb_s1_s0","Imbalanced","s1_s0",2,0.9,"MIMOSA2",100,0.0030720513978826,0.943239087301587
".90_Count_Imb_s1_u0","Imbalanced","s1_u0",2,0.9,"DiD Baseline",100,0.0041112780040958,0.897628968253968
".90_Count_Imb_s1_u0","Imbalanced","s1_u0",2,0.9,"MIMOSA2",100,0.00345079020895029,0.94171626984127
".90_Count_Imb_s1_u0_s0","Imbalanced","s1_u0_s0",3,0.9,"DiD Baseline",100,0.00374087460191271,0.907375992063492
".90_Count_Imb_s1_u0_s0","Imbalanced","s1_u0_s0",3,0.9,"MIMOSA2",100,0.00288361352675845,0.948020833333333
".90_Count_Imb_s1_u1","Imbalanced","s1_u1",2,0.9,"DiD Baseline",100,0.00395452810451684,0.900714285714286
".90_Count_Imb_s1_u1","Imbalanced","s1_u1",2,0.9,"MIMOSA2",100,0.00314436345545827,0.945106646825397
".90_Count_Imb_s1_u1_s0","Imbalanced","s1_u1_s0",3,0.9,"DiD Baseline",100,0.00377683654728401,0.89078869047619
".90_Count_Imb_s1_u1_s0","Imbalanced","s1_u1_s0",3,0.9,"MIMOSA2",100,0.00336461014300826,0.939861111111111
".90_Count_Imb_s1_u1_u0","Imbalanced","s1_u1_u0",3,0.9,"DiD Baseline",100,0.00390267764575054,0.90047123015873
".90_Count_Imb_s1_u1_u0","Imbalanced","s1_u1_u0",3,0.9,"MIMOSA2",100,0.00303284572274215,0.941326884920635
".90_Count_Imb_u0","Imbalanced","u0",1,0.9,"DiD Baseline",100,0.00372149659215644,0.901009424603175
".90_Count_Imb_u0","Imbalanced","u0",1,0.9,"MIMOSA2",100,0.00322552431214147,0.942378472222222
".90_Count_Imb_u1","Imbalanced","u1",1,0.9,"DiD Baseline",100,0.00360428791048789,0.899727182539683
".90_Count_Imb_u1","Imbalanced","u1",1,0.9,"MIMOSA2",100,0.00292876554669955,0.943390376984127
".90_Count_Imb_u1_u0","Imbalanced","u1_u0",2,0.9,"DiD Baseline",100,0.00342956424246718,0.905538194444444
".90_Count_Imb_u1_u0","Imbalanced","u1_u0",2,0.9,"MIMOSA2",100,0.00316778750738249,0.944878472222222
".90_Count_Imb_u1_u0_s0","Imbalanced","u1_u0_s0",3,0.9,"DiD Baseline",100,0.00382433684279381,0.897061011904762
".90_Count_Imb_u1_u0_s0","Imbalanced","u1_u0_s0",3,0.9,"MIMOSA2",100,0.00311186776851874,0.943154761904762
"1.00_Count_Ref","Reference",NA,0,1,"DiD Baseline",100,0.00397741918070735,0.897249503968254
"1.00_Count_Ref","Reference",NA,0,1,"MIMOSA2",100,0.00330527914789169,0.940329861111111
