"P","rho","rho_v2","rho_v3"
10,0.1,0.2,0.1
20,0.1,0.2,0.1
30,0.1,0.2,0.1
50,0.1,0.12,0.1
75,0.1,0.146666666666667,0.106666666666667
80,0.1,0.1,0.1
100,0.1,0.12,0.1
10,0.2,0.2,0.2
20,0.2,0.2,0.2
30,0.2,0.2,0.2
50,0.2,0.2,0.2
75,0.2,0.2,0.2
80,0.2,0.2,0.2
100,0.2,0.2,0.2
10,0.25,0.6,0.3
20,0.25,0.4,0.25
30,0.25,0.333333333333333,0.266666666666667
50,0.25,0.28,0.26
75,0.25,0.253333333333333,0.253333333333333
80,0.25,0.25,0.25
100,0.25,0.28,0.25
10,0.5,0.6,0.5
20,0.5,0.6,0.5
30,0.5,0.533333333333333,0.5
50,0.5,0.52,0.5
75,0.5,0.52,0.506666666666667
80,0.5,0.5,0.5
100,0.5,0.52,0.5
10,0.75,0.6,0.8
20,0.75,0.6,0.75
30,0.75,0.666666666666667,0.766666666666667
50,0.75,0.72,0.76
75,0.75,0.746666666666667,0.746666666666667
80,0.75,0.75,0.75
100,0.75,0.72,0.75
10,0.8,0.8,0.8
20,0.8,0.8,0.8
30,0.8,0.8,0.8
50,0.8,0.8,0.8
75,0.8,0.8,0.8
80,0.8,0.8,0.8
100,0.8,0.8,0.8
10,0.9,0.8,0.9
20,0.9,0.8,0.9
30,0.9,0.8,0.9
50,0.9,0.88,0.9
75,0.9,0.853333333333333,0.906666666666667
80,0.9,0.9,0.9
100,0.9,0.88,0.9
