"Family","Phi","Effect","Source","n_profile","rho_realised","mean_true_delta_resp","ratio_to_nominal","median_true_delta_resp","mean_ps1_resp","ratio_R1","ratio_R2","ratio_R3","ratio_R4","expected_extra_cells_at_15k"
"Beta",2000,0.001,"baseline","500/500/500/500/500/500/500/500",0.5,0.000777205170871892,0.777205170871892,0.000600218539552667,0.0011615329828086,0.903599367142861,1.00965318111203,0.157697589954354,1.03787054527832,11.6580775630784
"Beta",2000,6.25e-05,"baseline","500/500/500/500/500/500/500/500",0.5,0.000262493873727837,4.19990197964539,0.000127023352047102,0.000338417013075421,5.24157420951552,3.19336899300141,2.26599307474808,6.09867164131655,3.93740810591755
"Beta",10000,0.001,"prior","500/500/500/500/500/500/500/500",0.5,0.000664776295814989,0.664776295814989,0.000684661749137965,0.00110602870912306,0.783378126187764,1.00250735898363,0.0993113325842795,0.773908365504289,9.97164443722484
"Beta",10000,6.25e-05,"prior","500/500/500/500/500/500/500/500",0.5,0.000127675876299392,2.04281402079027,8.8970502959885e-05,0.000261055069196919,2.11901647759196,2.28950320514314,1.73781223763682,2.02492416278917,1.91513814449088
"EG",10000,0.001,"prior","500/500/500/500/500/500/500/500",0.5,0.000658440359910166,0.658440359910166,0.000668726016504298,0.00109625564426537,0.795408888854565,0.980198979013538,0.0982352536787494,0.759918318093811,9.87660539865249
"EG",10000,6.25e-05,"prior","500/500/500/500/500/500/500/500",0.5,0.000129985947424591,2.07977515879346,8.65859679231678e-05,0.000274846606179701,2.33829459602049,2.14491579086775,1.52919844577467,2.30669180251095,1.94978921136887
"LN",10000,0.001,"prior","500/500/500/500/500/500/500/500",0.5,0.000662633987214913,0.662633987214913,0.000692890462473559,0.00110434528859788,0.763719296467707,0.988821075415575,0.0958337654269464,0.802161811549424,9.9395098082237
"LN",10000,6.25e-05,"prior","500/500/500/500/500/500/500/500",0.5,0.000127648851045436,2.04238161672698,8.15858230246229e-05,0.000274317359485609,2.46890366947945,2.11385346186629,1.3994276221398,2.18734171342237,1.91473276568154
"SX",10000,0.001,"prior","500/500/500/500/500/500/500/500",0.5,0.000663244228263675,0.663244228263675,0.000675717772348301,0.00110834275515618,0.776017993239371,0.996938847555209,0.0936872143829328,0.786332857877188,9.94866342395513
"SX",10000,6.25e-05,"prior","500/500/500/500/500/500/500/500",0.5,0.000125782594032185,2.01252150451495,8.63690150961431e-05,0.000276075417357442,2.23105378959233,2.04071766922208,1.41452486709141,2.363789692154,1.88673891048277
"BB",10000,0.001,"prior","500/500/500/500/500/500/500/500",0.5,0.000664685716364826,0.664685716364826,0.000668020068851688,0.00109871730052024,0.785457185108858,1.00871703261005,0.10762292000631,0.756945727734085,9.9702857454724
"BB",10000,6.25e-05,"prior","500/500/500/500/500/500/500/500",0.5,0.000119338480351121,1.90941568561793,9.71783796453275e-05,0.000267341258131552,1.79141316470422,2.16061421521882,1.60688223033103,2.07875313221766,1.79007720526681
