"Scenario_ID","Method","Alpha","n","FDR","FDR_mcse","Calls","Res_prop","P","Effect","Cell_range","Distribution","Phi","Res_lab","Eff_lab"
"BL158","DiD (BH)",0.01,2,0,0,5.5,"Prop_0.50",20,0.001,"Medium","Beta",2000,"50% responders","Effect: 1.0e-03"
"BL158","DiD (BH)",0.02,2,0,0,5.5,"Prop_0.50",20,0.001,"Medium","Beta",2000,"50% responders","Effect: 1.0e-03"
"BL158","DiD (BH)",0.03,2,0.0714285714285714,0.0714285714285714,6.5,"Prop_0.50",20,0.001,"Medium","Beta",2000,"50% responders","Effect: 1.0e-03"
"BL158","DiD (BH)",0.04,2,0.0714285714285714,0.0714285714285714,6.5,"Prop_0.50",20,0.001,"Medium","Beta",2000,"50% responders","Effect: 1.0e-03"
"BL158","DiD (BH)",0.05,2,0.0714285714285714,0.0714285714285714,6.5,"Prop_0.50",20,0.001,"Medium","Beta",2000,"50% responders","Effect: 1.0e-03"
"BL158","DiD (BH)",0.06,2,0.0714285714285714,0.0714285714285714,6.5,"Prop_0.50",20,0.001,"Medium","Beta",2000,"50% responders","Effect: 1.0e-03"
"BL158","DiD (BH)",0.07,2,0.0714285714285714,0.0714285714285714,6.5,"Prop_0.50",20,0.001,"Medium","Beta",2000,"50% responders","Effect: 1.0e-03"
"BL158","DiD (BH)",0.08,2,0.0714285714285714,0.0714285714285714,6.5,"Prop_0.50",20,0.001,"Medium","Beta",2000,"50% responders","Effect: 1.0e-03"
"BL158","DiD (BH)",0.09,2,0.0714285714285714,0.0714285714285714,7,"Prop_0.50",20,0.001,"Medium","Beta",2000,"50% responders","Effect: 1.0e-03"
"BL158","DiD (BH)",0.1,2,0.0714285714285714,0.0714285714285714,7,"Prop_0.50",20,0.001,"Medium","Beta",2000,"50% responders","Effect: 1.0e-03"
"BL158","DiD (BH)",0.11,2,0.0714285714285714,0.0714285714285714,7.5,"Prop_0.50",20,0.001,"Medium","Beta",2000,"50% responders","Effect: 1.0e-03"
"BL158","DiD (BH)",0.12,2,0.0714285714285714,0.0714285714285714,7.5,"Prop_0.50",20,0.001,"Medium","Beta",2000,"50% responders","Effect: 1.0e-03"
"BL158","DiD (BH)",0.13,2,0.0714285714285714,0.0714285714285714,7.5,"Prop_0.50",20,0.001,"Medium","Beta",2000,"50% responders","Effect: 1.0e-03"
"BL158","DiD (BH)",0.14,2,0.0714285714285714,0.0714285714285714,7.5,"Prop_0.50",20,0.001,"Medium","Beta",2000,"50% responders","Effect: 1.0e-03"
"BL158","DiD (BH)",0.15,2,0.0714285714285714,0.0714285714285714,7.5,"Prop_0.50",20,0.001,"Medium","Beta",2000,"50% responders","Effect: 1.0e-03"
"BL158","DiD (BH)",0.16,2,0.0714285714285714,0.0714285714285714,7.5,"Prop_0.50",20,0.001,"Medium","Beta",2000,"50% responders","Effect: 1.0e-03"
"BL158","DiD (BH)",0.17,2,0.126984126984127,0.0158730158730159,8,"Prop_0.50",20,0.001,"Medium","Beta",2000,"50% responders","Effect: 1.0e-03"
"BL158","DiD (BH)",0.18,2,0.126984126984127,0.0158730158730159,8,"Prop_0.50",20,0.001,"Medium","Beta",2000,"50% responders","Effect: 1.0e-03"
"BL158","DiD (BH)",0.19,2,0.126984126984127,0.0158730158730159,8,"Prop_0.50",20,0.001,"Medium","Beta",2000,"50% responders","Effect: 1.0e-03"
"BL158","DiD (BH)",0.2,2,0.126984126984127,0.0158730158730159,8,"Prop_0.50",20,0.001,"Medium","Beta",2000,"50% responders","Effect: 1.0e-03"
"BL158","MIMOSA2",0.01,2,0,0,6,"Prop_0.50",20,0.001,"Medium","Beta",2000,"50% responders","Effect: 1.0e-03"
"BL158","MIMOSA2",0.02,2,0,0,6.5,"Prop_0.50",20,0.001,"Medium","Beta",2000,"50% responders","Effect: 1.0e-03"
"BL158","MIMOSA2",0.03,2,0,0,6.5,"Prop_0.50",20,0.001,"Medium","Beta",2000,"50% responders","Effect: 1.0e-03"
"BL158","MIMOSA2",0.04,2,0,0,7,"Prop_0.50",20,0.001,"Medium","Beta",2000,"50% responders","Effect: 1.0e-03"
"BL158","MIMOSA2",0.05,2,0,0,7,"Prop_0.50",20,0.001,"Medium","Beta",2000,"50% responders","Effect: 1.0e-03"
"BL158","MIMOSA2",0.06,2,0,0,7,"Prop_0.50",20,0.001,"Medium","Beta",2000,"50% responders","Effect: 1.0e-03"
"BL158","MIMOSA2",0.07,2,0.0714285714285714,0.0714285714285714,7.5,"Prop_0.50",20,0.001,"Medium","Beta",2000,"50% responders","Effect: 1.0e-03"
"BL158","MIMOSA2",0.08,2,0.0714285714285714,0.0714285714285714,7.5,"Prop_0.50",20,0.001,"Medium","Beta",2000,"50% responders","Effect: 1.0e-03"
"BL158","MIMOSA2",0.09,2,0.0714285714285714,0.0714285714285714,8,"Prop_0.50",20,0.001,"Medium","Beta",2000,"50% responders","Effect: 1.0e-03"
"BL158","MIMOSA2",0.1,2,0.0714285714285714,0.0714285714285714,8,"Prop_0.50",20,0.001,"Medium","Beta",2000,"50% responders","Effect: 1.0e-03"
"BL158","MIMOSA2",0.11,2,0.0625,0.0625,8.5,"Prop_0.50",20,0.001,"Medium","Beta",2000,"50% responders","Effect: 1.0e-03"
"BL158","MIMOSA2",0.12,2,0.0625,0.0625,8.5,"Prop_0.50",20,0.001,"Medium","Beta",2000,"50% responders","Effect: 1.0e-03"
"BL158","MIMOSA2",0.13,2,0.0625,0.0625,8.5,"Prop_0.50",20,0.001,"Medium","Beta",2000,"50% responders","Effect: 1.0e-03"
"BL158","MIMOSA2",0.14,2,0.0625,0.0625,8.5,"Prop_0.50",20,0.001,"Medium","Beta",2000,"50% responders","Effect: 1.0e-03"
"BL158","MIMOSA2",0.15,2,0.1125,0.0125,9,"Prop_0.50",20,0.001,"Medium","Beta",2000,"50% responders","Effect: 1.0e-03"
"BL158","MIMOSA2",0.16,2,0.1125,0.0125,9,"Prop_0.50",20,0.001,"Medium","Beta",2000,"50% responders","Effect: 1.0e-03"
"BL158","MIMOSA2",0.17,2,0.161111111111111,0.0611111111111111,9.5,"Prop_0.50",20,0.001,"Medium","Beta",2000,"50% responders","Effect: 1.0e-03"
"BL158","MIMOSA2",0.18,2,0.161111111111111,0.0611111111111111,9.5,"Prop_0.50",20,0.001,"Medium","Beta",2000,"50% responders","Effect: 1.0e-03"
"BL158","MIMOSA2",0.19,2,0.161111111111111,0.0611111111111111,9.5,"Prop_0.50",20,0.001,"Medium","Beta",2000,"50% responders","Effect: 1.0e-03"
"BL158","MIMOSA2",0.2,2,0.161111111111111,0.0611111111111111,9.5,"Prop_0.50",20,0.001,"Medium","Beta",2000,"50% responders","Effect: 1.0e-03"
"BL218","DiD (BH)",0.01,2,0,0,5,"Prop_0.50",20,0.00025,"Medium","Beta",2000,"50% responders","Effect: 2.5e-04"
"BL218","DiD (BH)",0.02,2,0,0,5.5,"Prop_0.50",20,0.00025,"Medium","Beta",2000,"50% responders","Effect: 2.5e-04"
"BL218","DiD (BH)",0.03,2,0,0,5.5,"Prop_0.50",20,0.00025,"Medium","Beta",2000,"50% responders","Effect: 2.5e-04"
"BL218","DiD (BH)",0.04,2,0,0,5.5,"Prop_0.50",20,0.00025,"Medium","Beta",2000,"50% responders","Effect: 2.5e-04"
"BL218","DiD (BH)",0.05,2,0,0,5.5,"Prop_0.50",20,0.00025,"Medium","Beta",2000,"50% responders","Effect: 2.5e-04"
"BL218","DiD (BH)",0.06,2,0,0,5.5,"Prop_0.50",20,0.00025,"Medium","Beta",2000,"50% responders","Effect: 2.5e-04"
"BL218","DiD (BH)",0.07,2,0.0625,0.0625,6,"Prop_0.50",20,0.00025,"Medium","Beta",2000,"50% responders","Effect: 2.5e-04"
"BL218","DiD (BH)",0.08,2,0.0625,0.0625,6,"Prop_0.50",20,0.00025,"Medium","Beta",2000,"50% responders","Effect: 2.5e-04"
"BL218","DiD (BH)",0.09,2,0.0625,0.0625,6,"Prop_0.50",20,0.00025,"Medium","Beta",2000,"50% responders","Effect: 2.5e-04"
"BL218","DiD (BH)",0.1,2,0.0625,0.0625,6,"Prop_0.50",20,0.00025,"Medium","Beta",2000,"50% responders","Effect: 2.5e-04"
"BL218","DiD (BH)",0.11,2,0.0555555555555556,0.0555555555555555,6.5,"Prop_0.50",20,0.00025,"Medium","Beta",2000,"50% responders","Effect: 2.5e-04"
"BL218","DiD (BH)",0.12,2,0.0555555555555556,0.0555555555555555,6.5,"Prop_0.50",20,0.00025,"Medium","Beta",2000,"50% responders","Effect: 2.5e-04"
"BL218","DiD (BH)",0.13,2,0.0555555555555556,0.0555555555555555,6.5,"Prop_0.50",20,0.00025,"Medium","Beta",2000,"50% responders","Effect: 2.5e-04"
"BL218","DiD (BH)",0.14,2,0.0555555555555556,0.0555555555555555,6.5,"Prop_0.50",20,0.00025,"Medium","Beta",2000,"50% responders","Effect: 2.5e-04"
"BL218","DiD (BH)",0.15,2,0.0555555555555556,0.0555555555555555,7,"Prop_0.50",20,0.00025,"Medium","Beta",2000,"50% responders","Effect: 2.5e-04"
"BL218","DiD (BH)",0.16,2,0.0555555555555556,0.0555555555555555,7,"Prop_0.50",20,0.00025,"Medium","Beta",2000,"50% responders","Effect: 2.5e-04"
"BL218","DiD (BH)",0.17,2,0.138888888888889,0.0277777777777778,7.5,"Prop_0.50",20,0.00025,"Medium","Beta",2000,"50% responders","Effect: 2.5e-04"
"BL218","DiD (BH)",0.18,2,0.138888888888889,0.0277777777777778,7.5,"Prop_0.50",20,0.00025,"Medium","Beta",2000,"50% responders","Effect: 2.5e-04"
"BL218","DiD (BH)",0.19,2,0.138888888888889,0.0277777777777778,7.5,"Prop_0.50",20,0.00025,"Medium","Beta",2000,"50% responders","Effect: 2.5e-04"
"BL218","DiD (BH)",0.2,2,0.138888888888889,0.0277777777777778,7.5,"Prop_0.50",20,0.00025,"Medium","Beta",2000,"50% responders","Effect: 2.5e-04"
"BL218","MIMOSA2",0.01,2,0,0,4,"Prop_0.50",20,0.00025,"Medium","Beta",2000,"50% responders","Effect: 2.5e-04"
"BL218","MIMOSA2",0.02,2,0,0,4,"Prop_0.50",20,0.00025,"Medium","Beta",2000,"50% responders","Effect: 2.5e-04"
"BL218","MIMOSA2",0.03,2,0,0,4,"Prop_0.50",20,0.00025,"Medium","Beta",2000,"50% responders","Effect: 2.5e-04"
"BL218","MIMOSA2",0.04,2,0,0,4.5,"Prop_0.50",20,0.00025,"Medium","Beta",2000,"50% responders","Effect: 2.5e-04"
"BL218","MIMOSA2",0.05,2,0,0,4.5,"Prop_0.50",20,0.00025,"Medium","Beta",2000,"50% responders","Effect: 2.5e-04"
"BL218","MIMOSA2",0.06,2,0,0,4.5,"Prop_0.50",20,0.00025,"Medium","Beta",2000,"50% responders","Effect: 2.5e-04"
"BL218","MIMOSA2",0.07,2,0,0,5,"Prop_0.50",20,0.00025,"Medium","Beta",2000,"50% responders","Effect: 2.5e-04"
"BL218","MIMOSA2",0.08,2,0,0,5,"Prop_0.50",20,0.00025,"Medium","Beta",2000,"50% responders","Effect: 2.5e-04"
"BL218","MIMOSA2",0.09,2,0,0,5,"Prop_0.50",20,0.00025,"Medium","Beta",2000,"50% responders","Effect: 2.5e-04"
"BL218","MIMOSA2",0.1,2,0,0,5.5,"Prop_0.50",20,0.00025,"Medium","Beta",2000,"50% responders","Effect: 2.5e-04"
"BL218","MIMOSA2",0.11,2,0,0,5.5,"Prop_0.50",20,0.00025,"Medium","Beta",2000,"50% responders","Effect: 2.5e-04"
"BL218","MIMOSA2",0.12,2,0,0,5.5,"Prop_0.50",20,0.00025,"Medium","Beta",2000,"50% responders","Effect: 2.5e-04"
"BL218","MIMOSA2",0.13,2,0,0,5.5,"Prop_0.50",20,0.00025,"Medium","Beta",2000,"50% responders","Effect: 2.5e-04"
"BL218","MIMOSA2",0.14,2,0,0,5.5,"Prop_0.50",20,0.00025,"Medium","Beta",2000,"50% responders","Effect: 2.5e-04"
"BL218","MIMOSA2",0.15,2,0,0,5.5,"Prop_0.50",20,0.00025,"Medium","Beta",2000,"50% responders","Effect: 2.5e-04"
"BL218","MIMOSA2",0.16,2,0,0,6,"Prop_0.50",20,0.00025,"Medium","Beta",2000,"50% responders","Effect: 2.5e-04"
"BL218","MIMOSA2",0.17,2,0,0,6,"Prop_0.50",20,0.00025,"Medium","Beta",2000,"50% responders","Effect: 2.5e-04"
"BL218","MIMOSA2",0.18,2,0,0,6,"Prop_0.50",20,0.00025,"Medium","Beta",2000,"50% responders","Effect: 2.5e-04"
"BL218","MIMOSA2",0.19,2,0,0,6.5,"Prop_0.50",20,0.00025,"Medium","Beta",2000,"50% responders","Effect: 2.5e-04"
"BL218","MIMOSA2",0.2,2,0,0,6.5,"Prop_0.50",20,0.00025,"Medium","Beta",2000,"50% responders","Effect: 2.5e-04"
