"Scenario_ID","Method","Rule","Alpha","n_ok","TPR_mcse","TPR_n","TPR_sd","TPR","TNR_mcse","TNR","FPR_mcse","FPR","FDR_mcse","FDP_sd","FDR","Any_FP_mcse","Any_FP","Calls","AUC_mcse","AUC_n","AUC_sd","AUC","n_planned","Fail_rate","Fail_mcse","Res_prop","P","Effect","Cell_range","Distribution","Phi","Fail_flag"
"BL158","DiD","BH",0.01,2,0.05,2,0.0707106781186547,0.55,0,1,0,0,0,0,0,0,0,5.5,0.05,2,0.0707106781186547,0.84,2,0,0,"Prop_0.50",20,0.001,"Medium","Beta",2000,FALSE
"BL158","DiD","BH",0.05,2,0,2,0,0.6,0.05,0.95,0.05,0.05,0.0714285714285714,0.101015254455221,0.0714285714285714,0.5,0.5,6.5,0.05,2,0.0707106781186547,0.84,2,0,0,"Prop_0.50",20,0.001,"Medium","Beta",2000,FALSE
"BL158","DiD","unadjusted",0.01,2,0.05,2,0.0707106781186547,0.55,0.05,0.95,0.05,0.05,0.0833333333333333,0.117851130197758,0.0833333333333333,0.5,0.5,6,0.05,2,0.0707106781186547,0.84,2,0,0,"Prop_0.50",20,0.001,"Medium","Beta",2000,FALSE
"BL158","DiD","unadjusted",0.05,2,0.1,2,0.14142135623731,0.7,0.05,0.95,0.05,0.05,0.0714285714285714,0.101015254455221,0.0714285714285714,0.5,0.5,7.5,0.05,2,0.0707106781186547,0.84,2,0,0,"Prop_0.50",20,0.001,"Medium","Beta",2000,FALSE
"BL158","MIMOSA2","BFDR",0.01,2,0,2,0,0.6,0,1,0,0,0,0,0,0,0,6,0.085,2,0.120208152801713,0.875,2,0,0,"Prop_0.50",20,0.001,"Medium","Beta",2000,FALSE
"BL158","MIMOSA2","BFDR",0.05,2,0.1,2,0.14142135623731,0.7,0,1,0,0,0,0,0,0,0,7,0.085,2,0.120208152801713,0.875,2,0,0,"Prop_0.50",20,0.001,"Medium","Beta",2000,FALSE
"BL218","DiD","BH",0.01,2,0.1,2,0.141421356237309,0.5,0,1,0,0,0,0,0,0,0,5,0.03,2,0.0424264068711929,0.86,2,0,0,"Prop_0.50",20,0.00025,"Medium","Beta",2000,FALSE
"BL218","DiD","BH",0.05,2,0.15,2,0.212132034355964,0.55,0,1,0,0,0,0,0,0,0,5.5,0.03,2,0.0424264068711929,0.86,2,0,0,"Prop_0.50",20,0.00025,"Medium","Beta",2000,FALSE
"BL218","DiD","unadjusted",0.01,2,0.15,2,0.212132034355964,0.55,0,1,0,0,0,0,0,0,0,5.5,0.03,2,0.0424264068711929,0.86,2,0,0,"Prop_0.50",20,0.00025,"Medium","Beta",2000,FALSE
"BL218","DiD","unadjusted",0.05,2,0.15,2,0.212132034355964,0.65,0,0.9,0,0.1,0.0277777777777778,0.0392837100659193,0.138888888888889,0,1,7.5,0.03,2,0.0424264068711929,0.86,2,0,0,"Prop_0.50",20,0.00025,"Medium","Beta",2000,FALSE
"BL218","MIMOSA2","BFDR",0.01,2,0.1,2,0.14142135623731,0.4,0,1,0,0,0,0,0,0,0,4,0.01,2,0.014142135623731,0.88,2,0,0,"Prop_0.50",20,0.00025,"Medium","Beta",2000,FALSE
"BL218","MIMOSA2","BFDR",0.05,2,0.15,2,0.212132034355964,0.45,0,1,0,0,0,0,0,0,0,4.5,0.01,2,0.014142135623731,0.88,2,0,0,"Prop_0.50",20,0.00025,"Medium","Beta",2000,FALSE
"BL458","DiD","BH",0.01,2,NA,0,NA,NA,0,1,0,0,0,0,0,0,0,0,NA,0,NA,NA,2,0,0,"Prop_0.00",20,0,"Medium","Beta",2000,FALSE
"BL458","DiD","BH",0.05,2,NA,0,NA,NA,0,1,0,0,0,0,0,0,0,0,NA,0,NA,NA,2,0,0,"Prop_0.00",20,0,"Medium","Beta",2000,FALSE
"BL458","DiD","unadjusted",0.01,2,NA,0,NA,NA,0,1,0,0,0,0,0,0,0,0,NA,0,NA,NA,2,0,0,"Prop_0.00",20,0,"Medium","Beta",2000,FALSE
"BL458","DiD","unadjusted",0.05,2,NA,0,NA,NA,0,0.95,0,0.05,0,0,1,0,1,1,NA,0,NA,NA,2,0,0,"Prop_0.00",20,0,"Medium","Beta",2000,FALSE
"BL458","MIMOSA2","BFDR",0.01,2,NA,0,NA,NA,0,1,0,0,0,0,0,0,0,0,NA,0,NA,NA,2,0,0,"Prop_0.00",20,0,"Medium","Beta",2000,FALSE
"BL458","MIMOSA2","BFDR",0.05,2,NA,0,NA,NA,0,1,0,0,0,0,0,0,0,0,NA,0,NA,NA,2,0,0,"Prop_0.00",20,0,"Medium","Beta",2000,FALSE
