"Scenario_ID","Method","Rule","Alpha","n_ok","TPR_mcse","TPR_n","TPR_sd","TPR","TNR_mcse","TNR","FPR_mcse","FPR","FDR_mcse","FDP_sd","FDR","Any_FP_mcse","Any_FP","Calls","AUC_mcse","AUC_n","AUC_sd","AUC","n_planned","Fail_rate","Fail_mcse","Effect_focal","Effect_other","P_focal","P_other","Res_prop","Cell_range","Distribution","Phi","Fail_flag"
"EH219","DiD","BH",0.01,2,0.05,2,0.0707106781186547,0.45,0,1,0,0,0,0,0,0,0,4.5,0.025,2,0.0353553390593274,0.865,2,0,0,5e-04,0.001,20,80,"Prop_0.50","Medium","Beta",5000,FALSE
"EH219","DiD","BH",0.05,2,0.05,2,0.0707106781186547,0.55,0,1,0,0,0,0,0,0,0,5.5,0.025,2,0.0353553390593274,0.865,2,0,0,5e-04,0.001,20,80,"Prop_0.50","Medium","Beta",5000,FALSE
"EH219","DiD","unadjusted",0.01,2,0.1,2,0.141421356237309,0.5,0,1,0,0,0,0,0,0,0,5,0.025,2,0.0353553390593274,0.865,2,0,0,5e-04,0.001,20,80,"Prop_0.50","Medium","Beta",5000,FALSE
"EH219","DiD","unadjusted",0.05,2,0,2,0,0.7,0,1,0,0,0,0,0,0,0,7,0.025,2,0.0353553390593274,0.865,2,0,0,5e-04,0.001,20,80,"Prop_0.50","Medium","Beta",5000,FALSE
"EH219","MIMOSA2_pooled","BFDR",0.01,2,0,2,0,0.5,0,1,0,0,0,0,0,0,0,5,0.03,2,0.0424264068711929,0.87,2,0,0,5e-04,0.001,20,80,"Prop_0.50","Medium","Beta",5000,FALSE
"EH219","MIMOSA2_pooled","BFDR",0.05,2,0.05,2,0.0707106781186547,0.65,0.05,0.95,0.05,0.05,0.0625,0.0883883476483184,0.0625,0.5,0.5,7,0.03,2,0.0424264068711929,0.87,2,0,0,5e-04,0.001,20,80,"Prop_0.50","Medium","Beta",5000,FALSE
"EH219","MIMOSA2_separate","BFDR",0.01,2,0,2,0,0.5,0,1,0,0,0,0,0,0,0,5,0.05,2,0.0707106781186548,0.88,2,0,0,5e-04,0.001,20,80,"Prop_0.50","Medium","Beta",5000,FALSE
"EH219","MIMOSA2_separate","BFDR",0.05,2,0.05,2,0.0707106781186547,0.65,0,1,0,0,0,0,0,0,0,6.5,0.05,2,0.0707106781186548,0.88,2,0,0,5e-04,0.001,20,80,"Prop_0.50","Medium","Beta",5000,FALSE
"EH221","DiD","BH",0.01,2,0,2,0,0.7,0,1,0,0,0,0,0,0,0,7,0.01,2,0.014142135623731,0.97,2,0,0,5e-04,0.05,20,80,"Prop_0.50","Medium","Beta",5000,FALSE
"EH221","DiD","BH",0.05,2,0.05,2,0.0707106781186547,0.85,0.05,0.95,0.05,0.05,0.0555555555555555,0.0785674201318386,0.0555555555555556,0.5,0.5,9,0.01,2,0.014142135623731,0.97,2,0,0,5e-04,0.05,20,80,"Prop_0.50","Medium","Beta",5000,FALSE
"EH221","DiD","unadjusted",0.01,2,0,2,0,0.8,0,1,0,0,0,0,0,0,0,8,0.01,2,0.014142135623731,0.97,2,0,0,5e-04,0.05,20,80,"Prop_0.50","Medium","Beta",5000,FALSE
"EH221","DiD","unadjusted",0.05,2,0.05,2,0.0707106781186547,0.85,0.05,0.95,0.05,0.05,0.0555555555555555,0.0785674201318386,0.0555555555555556,0.5,0.5,9,0.01,2,0.014142135623731,0.97,2,0,0,5e-04,0.05,20,80,"Prop_0.50","Medium","Beta",5000,FALSE
"EH221","MIMOSA2_pooled","BFDR",0.01,2,0,2,0,0.8,0,1,0,0,0,0,0,0,0,8,0.005,2,0.00707106781186548,0.975,2,0,0,5e-04,0.05,20,80,"Prop_0.50","Medium","Beta",5000,FALSE
"EH221","MIMOSA2_pooled","BFDR",0.05,2,0,2,0,0.8,0,0.9,0,0.1,0,0,0.111111111111111,0,1,9,0.005,2,0.00707106781186548,0.975,2,0,0,5e-04,0.05,20,80,"Prop_0.50","Medium","Beta",5000,FALSE
"EH221","MIMOSA2_separate","BFDR",0.01,2,0,2,0,0.8,0.05,0.95,0.05,0.05,0.0555555555555555,0.0785674201318386,0.0555555555555556,0.5,0.5,8.5,0,2,0,0.98,2,0,0,5e-04,0.05,20,80,"Prop_0.50","Medium","Beta",5000,FALSE
"EH221","MIMOSA2_separate","BFDR",0.05,2,0.05,2,0.0707106781186547,0.85,0,0.9,0,0.1,0.00555555555555555,0.00785674201318385,0.105555555555556,0,1,9.5,0,2,0,0.98,2,0,0,5e-04,0.05,20,80,"Prop_0.50","Medium","Beta",5000,FALSE
