"Scenario_ID","Method","Rule","Alpha","n_ok","TPR_mcse","TPR_n","TPR_sd","TPR","TNR_mcse","TNR","FPR_mcse","FPR","FDR_mcse","FDP_sd","FDR","Any_FP_mcse","Any_FP","Calls","AUC_mcse","AUC_n","AUC_sd","AUC","n_planned","Fail_rate","Fail_mcse","Type","Fraction","Depleted","N_depleted","Cell_range","Distribution","Phi","P","Effect","Res_prop","Fail_flag"
"CI001","DiD","BH",0.01,2,0.02,2,0.0282842712474619,0.62,0,1,0,0,0,0,0,0,0,15.5,0.00373333333333337,2,0.0052797306328596,0.9152,2,0,0,"Reference",1,"none",0,"1.00_Count_Ref","Beta",5000,100,5e-04,"Prop_0.25",FALSE
"CI001","DiD","BH",0.05,2,0,2,0,0.64,0,1,0,0,0,0,0,0,0,16,0.00373333333333337,2,0.0052797306328596,0.9152,2,0,0,"Reference",1,"none",0,"1.00_Count_Ref","Beta",5000,100,5e-04,"Prop_0.25",FALSE
"CI001","DiD","unadjusted",0.01,2,0,2,0,0.64,0,1,0,0,0,0,0,0,0,16,0.00373333333333337,2,0.0052797306328596,0.9152,2,0,0,"Reference",1,"none",0,"1.00_Count_Ref","Beta",5000,100,5e-04,"Prop_0.25",FALSE
"CI001","DiD","unadjusted",0.05,2,0,2,0,0.72,0.0133333333333334,0.96,0.0133333333333334,0.04,0.0409090909090909,0.0578541911879903,0.140909090909091,0,1,21,0.00373333333333337,2,0.0052797306328596,0.9152,2,0,0,"Reference",1,"none",0,"1.00_Count_Ref","Beta",5000,100,5e-04,"Prop_0.25",FALSE
"CI001","MIMOSA2","BFDR",0.01,2,0.04,2,0.0565685424949238,0.8,0,1,0,0,0,0,0,0,0,20,0.0142666666666666,2,0.0201761134898561,0.954533333333333,2,0,0,"Reference",1,"none",0,"1.00_Count_Ref","Beta",5000,100,5e-04,"Prop_0.25",FALSE
"CI001","MIMOSA2","BFDR",0.05,2,0.02,2,0.0282842712474619,0.86,0.0133333333333333,0.986666666666667,0.0133333333333333,0.0133333333333333,0.0416666666666667,0.058925565098879,0.0416666666666667,0.5,0.5,22.5,0.0142666666666666,2,0.0201761134898561,0.954533333333333,2,0,0,"Reference",1,"none",0,"1.00_Count_Ref","Beta",5000,100,5e-04,"Prop_0.25",FALSE
"CI014","DiD","BH",0.01,2,0.02,2,0.0282842712474619,0.54,0,1,0,0,0,0,0,0,0,13.5,0.0172,2,0.0243244732728172,0.9076,2,0,0,"Balanced",0.1,"none",1,".10_Count_Bal_1","Beta",5000,100,5e-04,"Prop_0.25",FALSE
"CI014","DiD","BH",0.05,2,0.02,2,0.0282842712474619,0.54,0.00666666666666665,0.993333333333333,0.00666666666666665,0.00666666666666665,0.0333333333333333,0.0471404520791032,0.0333333333333333,0.5,0.5,14,0.0172,2,0.0243244732728172,0.9076,2,0,0,"Balanced",0.1,"none",1,".10_Count_Bal_1","Beta",5000,100,5e-04,"Prop_0.25",FALSE
"CI014","DiD","unadjusted",0.01,2,0.02,2,0.0282842712474619,0.54,0.00666666666666665,0.993333333333333,0.00666666666666665,0.00666666666666665,0.0333333333333333,0.0471404520791032,0.0333333333333333,0.5,0.5,14,0.0172,2,0.0243244732728172,0.9076,2,0,0,"Balanced",0.1,"none",1,".10_Count_Bal_1","Beta",5000,100,5e-04,"Prop_0.25",FALSE
"CI014","DiD","unadjusted",0.05,2,0.02,2,0.0282842712474619,0.62,0,0.973333333333333,0,0.0266666666666666,0.00326797385620915,0.00462161294893169,0.11437908496732,0,1,17.5,0.0172,2,0.0243244732728172,0.9076,2,0,0,"Balanced",0.1,"none",1,".10_Count_Bal_1","Beta",5000,100,5e-04,"Prop_0.25",FALSE
"CI014","MIMOSA2","BFDR",0.01,2,0.12,2,0.169705627484771,0.56,0,1,0,0,0,0,0,0,0,14,0.00826666666666664,2,0.0116908321156176,0.929333333333333,2,0,0,"Balanced",0.1,"none",1,".10_Count_Bal_1","Beta",5000,100,5e-04,"Prop_0.25",FALSE
"CI014","MIMOSA2","BFDR",0.05,2,0.06,2,0.0848528137423857,0.66,0.0133333333333334,0.973333333333333,0.0133333333333334,0.0266666666666667,0.0401785714285714,0.0568210806310618,0.102678571428571,0,1,18.5,0.00826666666666664,2,0.0116908321156176,0.929333333333333,2,0,0,"Balanced",0.1,"none",1,".10_Count_Bal_1","Beta",5000,100,5e-04,"Prop_0.25",FALSE
"CI079","DiD","BH",0.01,2,0.06,2,0.0848528137423857,0.22,0,1,0,0,0,0,0,0,0,5.5,0.00373333333333331,2,0.00527973063285952,0.92,2,0,0,"Imbalanced",0.1,"s1",1,".10_Count_Imb_s1","Beta",5000,100,5e-04,"Prop_0.25",FALSE
"CI079","DiD","BH",0.05,2,0.04,2,0.0565685424949238,0.32,0,1,0,0,0,0,0,0,0,8,0.00373333333333331,2,0.00527973063285952,0.92,2,0,0,"Imbalanced",0.1,"s1",1,".10_Count_Imb_s1","Beta",5000,100,5e-04,"Prop_0.25",FALSE
"CI079","DiD","unadjusted",0.01,2,0.04,2,0.0565685424949238,0.36,0,1,0,0,0,0,0,0,0,9,0.00373333333333331,2,0.00527973063285952,0.92,2,0,0,"Imbalanced",0.1,"s1",1,".10_Count_Imb_s1","Beta",5000,100,5e-04,"Prop_0.25",FALSE
"CI079","DiD","unadjusted",0.05,2,0.02,2,0.0282842712474619,0.46,0.00666666666666665,0.993333333333333,0.00666666666666665,0.00666666666666665,0.0416666666666667,0.058925565098879,0.0416666666666667,0.5,0.5,12,0.00373333333333331,2,0.00527973063285952,0.92,2,0,0,"Imbalanced",0.1,"s1",1,".10_Count_Imb_s1","Beta",5000,100,5e-04,"Prop_0.25",FALSE
"CI079","MIMOSA2","BFDR",0.01,2,0.04,2,0.0565685424949238,0.44,0,1,0,0,0,0,0,0,0,11,0.00933333333333336,2,0.0131993265821489,0.9096,2,0,0,"Imbalanced",0.1,"s1",1,".10_Count_Imb_s1","Beta",5000,100,5e-04,"Prop_0.25",FALSE
"CI079","MIMOSA2","BFDR",0.05,2,0.04,2,0.0565685424949238,0.6,0,0.986666666666667,0,0.0133333333333333,0.00392156862745098,0.00554593553871802,0.0627450980392157,0,1,16,0.00933333333333336,2,0.0131993265821489,0.9096,2,0,0,"Imbalanced",0.1,"s1",1,".10_Count_Imb_s1","Beta",5000,100,5e-04,"Prop_0.25",FALSE
