"Scenario_ID","Method","Rule","Alpha","n_ok","TPR_mcse","TPR_n","TPR_sd","TPR","TNR_mcse","TNR","FPR_mcse","FPR","FDR_mcse","FDP_sd","FDR","Any_FP_mcse","Any_FP","Calls","AUC_mcse","AUC_n","AUC_sd","AUC","n_planned","Fail_rate","Fail_mcse","Distribution","P","Effect","Cell_range","Res_prop","Phi","Fail_flag"
"PF066","DiD","BH",0.01,2,0.04,2,0.0565685424949238,0.68,0,1,0,0,0,0,0,0,0,17,0.0096,2,0.0135764501987817,0.9136,2,0,0,"Beta",50,0.001,"Medium","Prop_0.50",10000,FALSE
"PF066","DiD","BH",0.05,2,0.04,2,0.0565685424949239,0.76,0,1,0,0,0,0,0,0,0,19,0.0096,2,0.0135764501987817,0.9136,2,0,0,"Beta",50,0.001,"Medium","Prop_0.50",10000,FALSE
"PF066","DiD","unadjusted",0.01,2,0.02,2,0.0282842712474618,0.7,0,1,0,0,0,0,0,0,0,17.5,0.0096,2,0.0135764501987817,0.9136,2,0,0,"Beta",50,0.001,"Medium","Prop_0.50",10000,FALSE
"PF066","DiD","unadjusted",0.05,2,0.04,2,0.0565685424949238,0.8,0,0.96,0,0.04,0.00227272727272727,0.00321412173266613,0.0477272727272727,0,1,21,0.0096,2,0.0135764501987817,0.9136,2,0,0,"Beta",50,0.001,"Medium","Prop_0.50",10000,FALSE
"PF066","MIMOSA2","BFDR",0.01,2,0,2,0,0.88,0,1,0,0,0,0,0,0,0,22,0.000400000000000011,2,0.000565685424949254,0.9612,2,0,0,"Beta",50,0.001,"Medium","Prop_0.50",10000,FALSE
"PF066","MIMOSA2","BFDR",0.05,2,0,2,0,0.92,0.02,0.98,0.02,0.02,0.0208333333333333,0.0294627825494395,0.0208333333333333,0.5,0.5,23.5,0.000400000000000011,2,0.000565685424949254,0.9612,2,0,0,"Beta",50,0.001,"Medium","Prop_0.50",10000,FALSE
"PF068","DiD","BH",0.01,2,0.06,2,0.0848528137423857,0.7,0,1,0,0,0,0,0,0,0,17.5,0.0144,2,0.0203646752981725,0.9344,2,0,0,"LN",50,0.001,"Medium","Prop_0.50",10000,FALSE
"PF068","DiD","BH",0.05,2,0,2,0,0.76,0.02,0.98,0.02,0.02,0.025,0.0353553390593274,0.025,0.5,0.5,19.5,0.0144,2,0.0203646752981725,0.9344,2,0,0,"LN",50,0.001,"Medium","Prop_0.50",10000,FALSE
"PF068","DiD","unadjusted",0.01,2,0.04,2,0.0565685424949238,0.72,0.02,0.98,0.02,0.02,0.025,0.0353553390593274,0.025,0.5,0.5,18.5,0.0144,2,0.0203646752981725,0.9344,2,0,0,"LN",50,0.001,"Medium","Prop_0.50",10000,FALSE
"PF068","DiD","unadjusted",0.05,2,0.02,2,0.0282842712474619,0.78,0.02,0.94,0.02,0.06,0.0204545454545455,0.0289270955939951,0.0704545454545455,0,1,21,0.0144,2,0.0203646752981725,0.9344,2,0,0,"LN",50,0.001,"Medium","Prop_0.50",10000,FALSE
"PF068","MIMOSA2","BFDR",0.01,2,0.02,2,0.0282842712474618,0.94,0,1,0,0,0,0,0,0,0,23.5,0.0104,2,0.0147078210486801,0.9688,2,0,0,"LN",50,0.001,"Medium","Prop_0.50",10000,FALSE
"PF068","MIMOSA2","BFDR",0.05,2,0.02,2,0.0282842712474618,0.94,0,0.96,0,0.04,0.000833333333333332,0.00117851130197758,0.0408333333333333,0,1,24.5,0.0104,2,0.0147078210486801,0.9688,2,0,0,"LN",50,0.001,"Medium","Prop_0.50",10000,FALSE
"PF070","DiD","BH",0.01,2,0.08,2,0.113137084989848,0.72,0.02,0.98,0.02,0.02,0.0238095238095238,0.0336717514850737,0.0238095238095238,0.5,0.5,18.5,0.02,2,0.0282842712474619,0.9224,2,0,0,"BB",50,0.001,"Medium","Prop_0.50",10000,FALSE
"PF070","DiD","BH",0.05,2,0.06,2,0.0848528137423857,0.74,0.04,0.96,0.04,0.04,0.0454545454545455,0.0642824346533225,0.0454545454545455,0.5,0.5,19.5,0.02,2,0.0282842712474619,0.9224,2,0,0,"BB",50,0.001,"Medium","Prop_0.50",10000,FALSE
"PF070","DiD","unadjusted",0.01,2,0.06,2,0.0848528137423857,0.74,0.04,0.96,0.04,0.04,0.0454545454545455,0.0642824346533225,0.0454545454545455,0.5,0.5,19.5,0.02,2,0.0282842712474619,0.9224,2,0,0,"BB",50,0.001,"Medium","Prop_0.50",10000,FALSE
"PF070","DiD","unadjusted",0.05,2,0.04,2,0.0565685424949239,0.76,0.04,0.96,0.04,0.04,0.0454545454545455,0.0642824346533225,0.0454545454545455,0.5,0.5,20,0.02,2,0.0282842712474619,0.9224,2,0,0,"BB",50,0.001,"Medium","Prop_0.50",10000,FALSE
"PF070","MIMOSA2","BFDR",0.01,2,0.06,2,0.0848528137423857,0.94,0.02,0.98,0.02,0.02,0.0192307692307692,0.0271964146610211,0.0192307692307692,0.5,0.5,24,0.0424,2,0.0599626550446192,0.9576,2,0,0,"BB",50,0.001,"Medium","Prop_0.50",10000,FALSE
"PF070","MIMOSA2","BFDR",0.05,2,0.06,2,0.0848528137423857,0.94,0,0.92,0,0.08,0.00462962962962963,0.00654728501098655,0.0787037037037037,0,1,25.5,0.0424,2,0.0599626550446192,0.9576,2,0,0,"BB",50,0.001,"Medium","Prop_0.50",10000,FALSE
